"Plan";"Cod";"Nombre Corto";"Eje";"Área";"Medida";"Objetivo";"Descripción";"Tipo de Medida";"Area de aplicación";"Año inicio";"Plazo ejecución";"Responsable";"Colaboradores internos";"Colaboradores externos";"Vinculación normativa";"Adecuaciones Normativas";"Tecnología, infraestructura y recursos necesarios";"Potenciales barreras y obstáculos";"Potenciales fuentes de financiamiento";"Consideraciones de Genero";"Acciones";"Indicador";"Meta";"status";"Tipología Territorial";"Escala Jurisdiccional"
"Alhue";"M-01";;"MIT";"ENE";"Monitoreo integral de la EEL para la acreditación y escalamiento del ""Sello Comuna Energética""";"OE1. Promover la transición hacia una matriz energética local, eficiente y baja en emisiones, impulsando la adopción de energías renovables, junto con el monitoreo continuo de la gestión energética a escala comunal.";"Implementación de un sistema integral de seguimiento, evaluación y reporte de los indicadores de la EEL. Busca garantizar el cumplimiento de las metas trazadas, visibilizar los ahorros en el consumo energético municipal y asegurar la mejora continua en la gestión energética institucional y territorial. El Gestor Energético estructurará el monitoreo anual de consumos bajo las 6 categorías del Ministerio de Energía. Este monitoreo actuará como el ""dossier de evidencias"" vinculante para someterse a evaluación ante la ASE, logrando escalar en los niveles del Sello y habilitando fondos de cofinanciamiento para la comuna.";"PP; SAM";"Comunal";"2026";"2030";"SECPLA; Oficina de Medio Ambiente; Gestor Energético Municipal";"DAF; DOM";"Agencia de Sostenibilidad Energética; Seremi de Energía RM; AMUR";"Estrategia Energética Local de Alhué, Sello Comuna Energética, Ley Marco de Cambio Climático (MRV de emisiones), Plan Sectorial de Mitigación del Sector Energía, Estrategia Climática de Largo Plazo (ECLP), Certificación SCAM.";"Decreto alcaldicio que formalice las funciones del ""Comité Energético Municipal"" para que asuma también el rol de ""Comité de Certificación"", e incorporación de la obligación de emitir el Reporte Anual de Desempeño Energético.";"Software o plataforma de registro consolidado de consumos municipales, horas- hombre del Gestor Energético para reportabilidad, y apoyo del equipo directivo para garantizar la entrega de información inter-departamental.";"ADM; TEC";"CON; LOC";"El sistema de monitoreo integrará parámetros que aseguren que los fondos apalancados a través del Sello prioricen la disminución de la ""pobreza energética"" y resiliencia en localidades rurales y hogares monoparentales liderados por mujeres";"A1. Reactivación y formalización del Comité Energético como ente certificador. A2. Consolidación de la matriz de monitoreo (MRV) adaptando los indicadores locales a las 6 categorías del Sello. A3. Elaboración y presentación del ""Reporte Anual de Desempeño Energético"" (el dossier de evidencias). A4. Ingreso de antecedentes a la AgenciaSE para la acreditación/escalamiento del Sello y postulación a los fondos.";"Monitoreos ejecutados y Nivel de Sello Comuna Energética obtenido.";"Sistematizar el 100% de la información de consumo al 2026, lograr obtener el ""Sello Comuna Energética"" (Nivel Intermedio) en base a dichas evidencias al 2028, y escalar al Nivel Avanzado al año 2030, apalancando al menos 1 fondo concursable de infraestructura limpia.";"Revisado";"RUR";"COM"
"Alhue";"M-02";;"MIT";"ENE";"Escalamiento de fomento fotovoltaico para riego en la Agricultura Familiar Campesina";"OE1. Promover la transición hacia una matriz energética local, eficiente y baja en emisiones, impulsando la adopción de energías renovables, junto con el monitoreo continuo de la gestión energética a escala comunal.";"Programa de asistencia técnica para masificar la instalación de sistemas solares fotovoltaicos en bombas de riego agrícola, impulsando sistemas Agri-PV que propicie el doble uso de la tierra. Al potenciar los recursos que ya entrega INDAP, se reemplaza el uso de generadores a diésel, reduciendo emisiones y costos operativos para la pequeña agricultura al 2030.";"F; IT";"Rural";"2026";"2030";"DIDECO";"SECPLA; Oficina de Medio Ambiente";"INDAP; CNR; MINAGRI";"Plan Sectorial de Adaptación Silvoagropecuario, Estrategia Hídrica Local (EHL) Alhué, Plan de Gestión Paisaje de Conservación.";"Focalización de las directrices de la Oficina de Desarrollo Económico Local (ODEL) hacia la postulación de proyectos con criterios de energías limpias.";"Paneles fotovoltaicos (off-grid y on-grid), inversores, bombas de agua solares, estructura de soporte, profesionales técnicos formuladores de proyectos.";"ECO; LEG; SOC";"CON; REG; NAC";"Bonificación o priorización en la asistencia técnica a mujeres agricultoras jefas de hogar y usuarios en pobreza energética.";"A1. Identificar déficit tecnológico en usuarios PRODESAL. A2. Formulación técnica y postulación de carpetas a INDAP/CNR. A3. Ejecución, marcha blanca y capacitación de uso.";"Sistemas de riego agrícola operando con energía solar fotovoltaica.";"Instalar y asegurar la operatividad de al menos 20 nuevos sistemas solares fotovoltaicos en la Agricultura Familiar Campesina local al año 2030.";"Revisado";"RUR";"COM"
"Alhue";"M-03";;"MIT";"ENE";"Piloto comunitario para Cooperativa de Energía Ciudadana";"OE1. Promover la transición hacia una matriz energética local, eficiente y baja en emisiones, impulsando la adopción de energías renovables, junto con el monitoreo continuo de la gestión energética a escala comunal.";"Conformación legal de la primera ""Cooperativa de Energía"" comunal, impulsando un proyecto piloto fotovoltaico en sedes comunitarias (ej. sector El Membrillo). Se busca sortear la falta de terrenos privados, inyectando energía a la red o al autoconsumo vecinal.";"IT; PP";"Periurbano / Rural";"2027";"2030";"Asesoría Jurídica Municipal; SECPLA";"DIDECO; Oficina de Medio Ambiente";"Agencia de Sostenibilidad Energética; Seremi de Energía RM; SEC; CGE";"Estrategia Energética Local de Alhué, Ley 21.118 (Generación Distribuida para Autoconsumo), Política Energética Nacional 2050, Programa Parque Solar Comunitario.";"Permisos municipales o entrega en comodato de techumbres de infraestructura pública (sedes sociales, multicanchas) para el emplazamiento del proyecto.";"Profesionales jurídicos (abogados), paneles fotovoltaicos, inversores y medidores bidireccionales, instalación certificada (TE-1/TE-6). | 9 4";"LEG; TEC";"CON; REG";"Reducir la pobreza energética en comunidades rurales asiladas o vulnerables mediante el abaratamiento del costo de la energía.";"A1. Realizar asambleas de capacitación y conformación de estatutos legales. A2. Ceder techo comunitario y diseñar el piloto técnico (ej. El Membrillo). A3. Postular a fondos ASE y ejecutar instalación.";"Conformación de cooperativa energética y capacidad instalada comunitaria (kWp).";"1 Cooperativa de Energía Ciudadana conformada legalmente y 1 planta fotovoltaica piloto comunitaria operando e inyectando energía limpia al año 2030.";"Revisado";"RUR";"COM"
"Alhue";"M-04";;"MIT";"RES";"Red de recolección selectiva y disminución de plásticos comerciales";"OE2. Implementar un modelo de gestión integral y circular de los residuos sólidos a escala territorial, que minimice la disposición final en rellenos sanitarios y reduzca drásticamente las emisiones de metano.";"Implementación de rutas de reciclaje comunitario y fortalecimiento de normativas que prohíban plásticos de un solo uso en comercio local. Al disminuir drásticamente los volúmenes de desecho, se optimizan las rutas del camión recolector, ahorrando consumo de diésel.";"BP; PP";"Urbano / Rural (Centros poblados y comercio local).";"2026";"2030";"Oficina de Medio Ambiente; Dirección de Obras";"ODEL; Oficina de Rentas y Patentes";"Sistemas de Gestión Ley REP; Cámara de Comercio de Alhué; recicladores de base; emprendedores locales de reciclaje";"Ley Marco para la Gestión de Residuos (Ley REP 20.920), Ley de Plásticos de un Solo Uso (21.368), Estrategia Ambiental Comunal";"Formulación de una Ordenanza Municipal que prohíba plásticos de un solo uso en comercios locales y ferias, con sistema de multas.";"Puntos limpios fijos y móviles, contenedores diferenciados, inspectores capacitados para fiscalización de ordenanzas y camiones recolectores adaptados. | 9 6";"ADM; TEC";"CON; LOC; REG";"";"A1. Promulgación de Ordenanza restrictiva de plásticos y difusión en el comercio. A2. Habilitación de puntos limpios y rutas de recolección selectiva. A3. Campaña ciudadana sobre economía circular. A4. Proceso de fiscalización y multas.";"Reducción de entrega de plásticos en comercios y porcentaje de reciclaje.";"Aumentar significativamente el tonelaje de reciclaje inorgánico comunal y lograr la reducción de la entrega de plásticos de un solo uso en comercios al año 2030.";"Revisado";"MIX";"COM"
"Alhue";"M-05";;"MIT";"RES";"Elaboración y sistema de monitoreo (MRV) del Plan de Gestión Integral de Residuos Sólidos Domiciliarios";"OE2. Implementar un modelo de gestión integral y circular de los residuos sólidos a escala territorial, que minimice la disposición final en rellenos sanitarios y reduzca drásticamente las emisiones de metano.";"Formulación de un plan estratégico comunal para diagnosticar la generación y establecer metas de reducción y valorización. Incorpora un mecanismo MRV anual para cuantificar las toneladas desviadas del relleno sanitario, apoyando la reducción de GEI y fomentando la economía circular al año 2030.";"PP; SAM";"Comunal";"2027";"2030";"Oficina de Medio Ambiente; Oficina de Aseo y Ornato";"SECPLA";"SEREMI de Medio Ambiente RM; SUBDERE; GORE RM; Programa HuellaChile";"Estrategia Nacional de Residuos Orgánicos (ENRO), Ley REP (20.920), Plan Sectorial de Mitigación de Salud";"Actualización de la Ordenanza sobre Derechos Municipales (Título V asociado a residuos) o creación de una Ordenanza de Gestión Integral de Residuos.";"Consultoría experta, software o plataforma de registro de emisiones (ej. HuellaChile), encuestadores, balanzas o registros de pesaje";"ECO; SOC; TEC";"LOC; REG; NAC";"Fomentar la participación activa de lideresas vecinales y recicladoras de base en los talleres de diagnóstico y validación comunitaria del Plan.";"A1. Elaborar el diagnóstico de residuos. A2. Formulación y aprobación municipal del PGIRSD. A3. Diseño e implementación de plataforma MRV de tonelajes. A4. Reporte anual a HuellaChile.";"Porcentaje de implementación del Plan de Gestión de Residuos y sistema MRV.";"1 Plan de Gestión Integral de Residuos operando y 1 mecanismo MRV institucionalizado reportando la reducción de GEI comunal anualmente al 2030.";"Revisado";"MIX";"COM"
"Alhue";"M-06";;"MIT";"RES";"Planta de compostaje comunal y red de chipeadoras vecinales";"OE2. Implementar un modelo de gestión integral y circular de los residuos sólidos a escala territorial, que minimice la disposición final en rellenos sanitarios y reduzca drásticamente las emisiones de metano.";"Construcción de infraestructura local para procesar orgánicos y podas agrícolas in situ. Esto previene quemas ilegales, erradica el carbono negro y evita drásticamente emisiones de metano en rellenos y el CO2 derivado del transporte de carga a otras comunas.";"IO; IT";"Comunal";"2027";"2030";"SECPLA ; Oficina de Medio Ambiente";"Oficina de Aseo y Ornato; DIDECO";"MMA; INDAP; Juntas de Vecinos; Sector privado";"Estrategia Nacional de Residuos Orgánicos (metas a 2040), Plan Sectorial de Mitigación de Salud (Medida 1: Valorización de Residuos Orgánicos)";"Promulgación de multas severas en Ordenanza Municipal contra quienes ejecuten quemas clandestinas o botaderos ilegales.";"Terreno acondicionado, chipeadoras de alta capacidad, volteadoras para compost, control de lixiviados, palas mecánicas, personal técnico operador. | 1 0 0";"AMB; ECO; TEC";"CON; REG; NAC";"Distribuir el compost final gratuitamente a pequeños agricultores vulnerables de la comuna y mujeres jefas de hogar con huertos, fortaleciendo su seguridad alimentaria.";"A1. Formulación de prefactibilidad y búsqueda de terreno. A2. Postulación a fondos públicos (PMB/FNDR). A3. Adquisición de chipeadoras y construcción de canchas de compostaje. A4. Educación comunitaria y marcha blanca.";"Toneladas de residuos orgánicos y podas valorizadas en origen.";"1 planta de compostaje comunal operativa y una red de chipeadoras evitando las quemas ilegales y valorizando orgánicos in situ al 2030.";"Revisado";"MIX";"COM"
"Alhue";"M-07";;"MIT";"TYM";"Plan de desarrollo de infraestructura ciclo-inclusiva y rutas seguras con arborización nativa";"OE3. Fomentar el cambio tecnológico hacia la electromovilidad y el traspaso modal hacia formas de movilidad activa bajas en emisiones a nivel comunal e intercomunal.";"Construcción de una red de ciclovías y sendas peatonales que incorpora desde su diseño la plantación estratégica de árboles nativos. Esta obra integral fomenta la movilidad activa y segura (libre de emisiones), reduciendo la exposición de los vecinos a accidentes viales y a las altas temperaturas estivales gracias a la provisión de sombra, potenciando a la vez los corredores biológicos locales. Conexiones estratégicas: a) Hacienda Alhué-San Alfonso, b) Ignacio Carrera Pinto-Barrancas de Pichi, c) El Asiento-Talami, d) Estero Carén-Loncha.";"IO; PP; SbN";"Comunal / Rural (Conectividad entre localidades de Alhué)";"2027";"2030";"SECPLA; DOM";"Oficina de Medio Ambiente; Oficina de Inspección y Fiscalización";"MOP; SECTRA; GORE RM; MINVU";"Plan Sectorial de Mitigación y Adaptación (PSMA) Transportes, Estrategia Nacional de Movilidad Sostenible";"Incorporación de esta red en la actualización del Plan Regulador Comunal (PRC) y en el Plan de Inversiones en Infraestructura de Movilidad y Espacio Público (PIIMEP) de Alhué.";"Maquinaria para obras civiles (estabilización/pavimentación), plantas nativas provenientes del vivero municipal, sistemas de riego eficiente o de emergencia para los primeros años, señalética vial reflectante y luminarias solares peatonales.";"AMB; LEG";"REG; NAC";"Las rutas seguras, arborizadas y bien iluminadas benefician de manera directa a mujeres, niños, niñas y personas mayores, quienes son los usuarios más frecuentes del modo peatonal en la ruralidad. Reduce su percepción de inseguridad vial frente a camiones y protege su salud de golpes de calor durante traslados obligatorios.";"A1. Desarrollo de los estudios de ingeniería de detalle y paisajismo (integrando el espacio para raíces y riego). A2. Gestión de servidumbres y permisos con Vialidad MOP. A3. Postulación a fuentes de financiamiento (FNDR/PMU). A4. Ejecución de las obras civiles y forestación. A5. Plan de mantención y riego municipal.";"Kilómetros de infraestructura ciclo-inclusiva arborizada construida.";"Diseñar y construir al menos 5 kilómetros de rutas seguras y ciclo-inclusivas que cuenten con arborización nativa integral al año 2030, conectando localidades rurales estratégicas.";"Revisado";"MIX";"COM"
"Alhue";"M-08";;"MIT";"TYM";"Impulsar la instalación de red de estaciones de carga pública para vehículos eléctricos";"OE3. Fomentar el cambio tecnológico hacia la electromovilidad y el traspaso modal hacia formas de movilidad activa bajas en emisiones a nivel comunal e intercomunal.";"Fortalecer la colaboración y alianzas público- privadas para la implementación de electroterminales en puntos estratégicos de la comuna. Es el requisito habilitante para el recambio paulatino de las flotas municipales (buses), potenciar el transporte privado limpio e impulsar el turismo de bajas emisiones.";"IO; IT";"Urbano (Villa Alhué y centros poblados)";"2027";"2030";"SECPLA; Oficina de Medio Ambiente";"DOM; Oficina de Turismo";"Ministerio de Energía; Agencia de Sostenibilidad Energética; Sector privado";"Estrategia Nacional de Electromovilidad, Estrategia Energética Local (EEL) de Alhué";"Permisos de concesión o uso de Bienes Nacionales de Uso Público (BNUP) para estacionamientos exclusivos de recarga eléctrica.";"Cargadores eléctricos rápidos y semirrápidos, aumento de capacidad en subestaciones locales, señalética vial.";"ECO; TEC";"REG; NAC; PRI";"Asegurar que las estaciones de carga cuenten con diseño de accesibilidad universal e iluminación adecuada para la seguridad nocturna.";"A1. Identificación de sitios fiscales factibles. A2. Firma de convenio público-privado o licitación. A3. Instalación y certificación SEC de los cargadores.";"Estaciones de carga pública operativas";"Habilitar al menos 2 estaciones de carga rápida de acceso público operativas en la comuna al 2030.";"Revisado";"MIX";"COM"
"Alhue";"M-09";;"MIT";"TYM";"Transición a electromovilidad en buses municipales e incentivo privado local";"OE3. Fomentar el cambio tecnológico hacia la electromovilidad y el traspaso modal hacia formas de movilidad activa bajas en emisiones a nivel comunal e intercomunal.";"Reemplazo gradual de vehículos municipales actuales (educación/salud/flotilla municipal) por eléctricos, utilizando la red de carga (M-08). Paralelamente, se podrá promover la formalización de convenios o acuerdos (APL u otros afines) para que el sector minero y agrícola electrifique sus flotas operativas.";"IT; PP";"Comunal";"2027";"2030";"Administración Municipal; SECPLA";"Dirección de Administración y Finanzas; Oficina de Medio Ambiente";"Codelco; Minera Florida; Agencia de Sostenibilidad Energética; GORE RM";"ECLP (Meta 6.4 de transporte público/flotas limpias), PSMA Transportes";"Inclusión de estándares de ""compras públicas sustentables"" y fomento de vehículos de bajo impacto en bases de licitación municipal.";"Adquisición de buses eléctricos, conexión a las estaciones de carga (M16), capacitación técnica a conductores y mecánicos municipales.";"ECO; TEC";"REG; NAC; PRI";"La priorización del reemplazo de los buses escolares y de traslado de pacientes del CESFAM impacta directamente en reducir la exposición a contaminantes locales (material particulado) de niños y adultos mayores.";"A1. Levantar catastro de vida útil de buses actuales. A2. Postular a recambio de flota en GORE/FAR. A3. Firmar mesas de acuerdo con mineras para exigir renovación en sus servicios contratados.";"Porcentaje de buses municipales eléctricos y acuerdos privados.";"Electrificar el 50% de la flota de buses o vehículos de servicio municipal al 2030 y suscribir al menos 2 convenios de reducción de emisiones logísticas con la industria privada local.";"Revisado";"MIX";"COM"
"Alhue";"M-10";;"MIT";"TYM";"Optimización y electrificación de la red de transporte público interurbano";"OE3. Fomentar el cambio tecnológico hacia la electromovilidad y el traspaso modal hacia formas de movilidad activa bajas en emisiones a nivel comunal e intercomunal.";"El municipio liderará la demanda vecinal para rediseñar los recorridos interurbanos (garantizando horarios y frecuencias permanentes) y gestionará subsidios del MTT para integrar progresivamente buses eléctricos interurbanos, desincentivando el auto privado.";"PP";"Intercomunal / Regional";"2028";"2030";"Oficina de Inspección y Fiscalización; SECPLA";"DIDECO";"MTT; GORE RM; Operadores de transporte privado; Juntas de Vecinos";"PSMA Transportes (Medida: Electromovilidad - Transporte público regiones), Ley de Subsidio al Transporte Público (NÂ° 20.378)";"Desarrollo de un Plan de Movilidad Local validado por participación ciudadana.";"Mesas técnicas de negociación con el Ministerio de Transportes, infraestructura de recarga de gran capacidad, buses de estándar ""Red"" interurbano.";"TEC";"CON; NAC";"Establecer tarifas rebajadas y coberturas de recorridos matutinos que se ajusten a las necesidades de las mujeres (quienes suelen realizar más viajes de cuidado) y estudiantes, mejorando el acceso equitativo a servicios fuera de la comuna.";"A1. Diagnóstico participativo de necesidades de traslado con DIDECO. A2. Establecer mesa técnica con DTPR (MTT) para rediseño de perímetro de exclusión o subsidios. A3. Adjudicación e implementación progresiva de flota de alto estándar/eléctrica.";"Reducción de emisiones de GEI por transporte público interurbano.";"Establecer un nuevo contrato de subsidio con el MTT que garantice al menos el 70% de la cobertura de horarios críticos comunitarios e introduzca al menos un 20% de flota interurbana eléctrica o híbrida al 2030.";"Revisado";"MIX";"REG"
"Alhue";"M-11";;"MIT";"SUM";"Plan de Infraestructura Verde en edificaciones para eficiencia energética";"OE4. Incrementar los sumideros de carbono y reducir el consumo energético local implementando Soluciones Basadas en la Naturaleza (SbN) e infraestructura verde, promoviendo esquemas de compensación de emisiones.";"Implementación de techos, muros verdes y reforestación por núcleos (SbN) en el entorno de edificios públicos e industriales. Actúan como micro-sumideros de carbono y reducen la temperatura local (isla de calor), disminuyendo directamente la demanda de energía estacionaria para climatización.";"IO; SbN";"Urbano (Edificios públicos, educativos o de salud).";"2026";"2029";"SECPLA; DOM";"Oficina de Medio Ambiente";"Ministerio de Energía; Agencia de Sostenibilidad Energética; Seremi Minvu RM";"Estrategia Energética Local (EEL), Estrategia Climática de Largo Plazo (ECLP), Plan Sectorial de Mitigación de Edificación y Ciudades";"Modificación de las bases de licitación de infraestructura pública para exigir criterios de envolvente térmica verde y paisajismo sustentable";"Especies xerófitas de bajo requerimiento hídrico, sustratos de retención de humedad, sistemas de riego por goteo automatizado, sensores de TÂ° interior/exterior.";"ECO; TEC";"REG; NAC";"Priorizar la infraestructura verde en escuelas y el CESFAM comunal para reducir la exposición de niños, mujeres (principales cuidadoras) y adultos mayores al estrés térmico durante olas de calor.";"A1. Auditoría térmica y estructural a edificios críticos. A2. Diseño de ingeniería y postulación a PMU/FNDR. A3. Ejecución y recepción de obras verdes.";"Superficie de infraestructura verde instalada y ahorro energético.";"Implementar infraestructura verde funcional en al menos 3 edificios públicos estratégicos al año 2029, reduciendo su consumo en energía para climatización en un 15%.";"Revisado";"URB";"COM"
"Alhue";"M-12";;"MIT";"SUM";"Programa integral de restauración ecosistémica y reforestación melífera en corredores biológicos";"OE4. Incrementar los sumideros de carbono y reducir el consumo energético local implementando Soluciones Basadas en la Naturaleza (SbN) e infraestructura verde, promoviendo esquemas de compensación de emisiones.";"Programa de restauración activa y pasiva enfocado en recuperar la biomasa nativa en corredores biológicos mediante el uso de especies melíferas adaptadas a la sequía. Esta Solución Basada en la Naturaleza (SbN) maximiza la captura de CO2, reduce la fragmentación, protege fuentes hídricas y, simultáneamente, asegura el sustento floral para la resiliencia productiva de las cooperativas apícolas locales al 2030.";"PP; SbN";"Comunal / Rural (Áreas degradadas y Paisaje de Conservación)";"2026";"2030";"Oficina de Medio Ambiente";"SECPLA; DIDECO";"ONG Kintu; CONAF; MMA; Proyecto GEF Corredores Biológicos de Montaña";"Contribución Determinada a Nivel Nacional (NDC) en su meta de manejo y recuperación de bosques nativos, Plan Sectorial de Adaptación Silvoagropecuario y alineación directa con la Medida 6 del PARCC de la Región Metropolitana (""Restaurar ecológicamente la";"Inclusión de los corredores biológicos a restaurar como ""Áreas de Protección de Valor Natural"" en la futura actualización del Plan Regulador Comunal (PRC) y el PLADECO.";"Herramientas de Sistemas de Información Geográfica (SIG) para el diseño del corredor, habilitación de banco de semillas y vivero municipal con biotipos locales, sistemas de riego de emergencia y protectores forestales.";"AMB; SOC";"CON; NAC; CIU";"Focalizar geográficamente la restauración en las microcuencas que abastecen a los sistemas de Agua Potable Rural (APR) locales. Al proteger la fuente hídrica mediante SbN, se reduce directamente la vulnerabilidad sanitaria de la comunidad y se alivia la sobrecarga de labores de cuidado (históricamente feminizadas) exacerbadas por la escasez de agua. Vincular la reforestación melífera al rescate de herbolaria y plantas medicinales, saberes tradicionalmente custodiados por mujeres rurales (""huerteras"" y apicultoras), fortaleciendo su autonomía económica.";"A1. Diagnóstico espacial y priorización de áreas de conectividad junto a apicultores. A2. Recolección genética y propagación de especies melíferas en vivero. A3. Ejecución de la plantación mediante técnica de núcleos. A4. Monitoreo plurianual de biomasa, sobrevivencia vegetal y secuestro de carbono.";"Superficie de bosque esclerófilo bajo restauración efectiva y tasa de sobrevivencia vegetal.";"Consolidar la restauración ecosistémica de al menos 20 hectáreas estratégicas con flora melífera nativa, logrando una tasa de sobrevivencia superior al 75% al año 2030.";"Revisado";"MIX";"COM"
"Alhue";"M-13";;"MIT";"SUM";"Sistema de incentivos por servicios ecosistémicos para compensación industrial";"OE4. Incrementar los sumideros de carbono y reducir el consumo energético local implementando Soluciones Basadas en la Naturaleza (SbN) e infraestructura verde, promoviendo esquemas de compensación de emisiones.";"Mecanismo de gobernanza mediante el cual empresas locales de alta emisión o gran demanda energética (minería y agroindustria) financian la creación o mantención de corredores biológicos comunitarios o privados. Permite compensar sus emisiones localmente y asegurar el éxito financiero de los sumideros.";"F; PP";"Comunal / Rural (Interacción público- privada)";"2028";"2030";"Alcaldía; SECPLA";"ODEL; Oficina de Medio Ambiente";"Sector Privado; ASCC; ONG Kintu";"CLP (Sistemas de compensación de emisiones), Acuerdos de Producción Limpia (APL) territorial, Plan de Gestión ""Paisaje de Conservación""";"Elaboración de un reglamento o bases a nivel municipal para la valorización de servicios ecosistémicos y canalización de fondos de Responsabilidad Social Empresarial (RSE).";"Mesas de negociación intersectorial (abogados, técnicos ambientales), mecanismos contables MRV (Monitoreo, Reporte y Verificación) para asegurar que el carbono capturado es real y adicional.";"LEG; SOC";"PRI";"Orientar los corredores biológicos financiados por privados hacia la protección específica de las cabeceras de cuencas que proveen de agua a los Sistemas de Servicios Sanitarios Rurales (SSR/APR) de la comuna, asegurando el recurso vital para la comunidad y aliviando la carga de cuidados asociada a la escasez.";"A1. Levantamiento del portafolio municipal de ""sitios aptos"" para compensación. A2. Firma de Acuerdos de Producción Limpia (APL) territoriales con ASCC y privados. A3. Inyección de fondos privados, ejecución en terreno y reporte anual.";"Financiamiento industrial apalancado y hectáreas nativas bajo mecanismo de compensación.";"Conformar al menos 1 Mesa de Compensación Industrial activa y lograr que la minería/agroindustria financie la mantención efectiva de al menos 1 corredor biológico estratégico como sumidero corporativo al año 2030.";"Revisado";"MIX";"COM"
"Alhue";"A-01";;"ADA";"GSH";"Sistema de monitoreo, reporte y actualización de la Estrategia Hídrica Local (EHL)";"OE1. Garantizar la seguridad hídrica comunal, priorizando el abastecimiento para consumo humano y la mantención de los ecosistemas locales.";"Implementación de una plataforma oficial y revisiones semestrales de los indicadores de la EHL de Alhué. Garantiza la evaluación del cumplimiento de la cartera de proyectos hídricos comunales, transparentando los datos a la ciudadanía y facilitando su actualización obligatoria cada tres años.";"PP; SAM";"Comunal";"2026";"2030";"SECPLA; Oficina de Medio Ambiente";"DIDECO";"ASCC; GORE RM; DGA";"Estrategia Hídrica Local de Alhué (EHL 2024-2034), Plan de Acción Regional de Cambio Climático (PARCC RM)";"Decreto alcaldicio que formalice el funcionamiento y responsabilidades para el seguimiento de la EHL.";"Software de gestión y visualización de datos abiertos (plataforma web), horas hombre (profesionales municipales capacitados en gestión hídrica).";"ADM; TEC";"LOC; REG";"Garantizar que los reportes incluyan variables del acceso al agua en sistemas APR (Agua Potable Rural) liderados por mujeres, reduciendo su vulnerabilidad.";"A1. Designación de equipo responsable. A2. Habilitación de plataforma digital municipal. A3. Generación de informes semestrales de avance.";"Porcentaje de avance y cumplimiento de la EHL";"100% de las medidas de la EHL monitoreadas anualmente y 1 actualización completa del instrumento ejecutada al año 2029.";"Revisado";"";"COM"
"Alhue";"A-02";;"ADA";"GSH";"Programa de fiscalización de extracciones irregulares, venta y suministro de agua mediante camiones aljibe";"OE1. Garantizar la seguridad hídrica comunal, priorizando el abastecimiento para consumo humano y la mantención de los ecosistemas locales.";"Establecimiento de un sistema de monitoreo municipal en coordinación con la DGA y Carabineros, para identificar, denunciar y sancionar la extracción ilegal de agua desde cauces o pozos. Regula el mercado de venta y distribución de agua mediante un catastro de camiones aljibe.";"PP; SAM";"Comunal";"2026";"2030";"DOM; Oficina de Medio Ambiente";"Asesoría Jurídica Municipal; Oficina de Emergencias";"DGA; Carabineros, Seremi de Salud RM";"Código de Aguas (atribuciones DGA), EHL Alhué";"Creación de una Ordenanza Municipal que regule el tránsito y venta de agua de camiones aljibe en la comuna.";"Drones para monitoreo de cauces, vehículos 4x4 para inspectores, inspectores municipales capacitados en normativa hídrica.";"ADM; LEG";"LOC";"Proteger directamente las cuencas que alimentan a los sistemas APR de consumo humano, priorizando la subsistencia de familias rurales vulnerables.";"A1. Promulgación de ordenanza de camiones aljibe. A2. Establecer canal de denuncias seguro. A3. Realizar operativos conjuntos de fiscalización con la DGA.";"Operativos de fiscalización hídrica realizados";"Ejecutar al menos 12 fiscalizaciones integradas anuales y empadronar al 100% de los camiones aljibe que operan comercialmente en la comuna al 2028.";"Revisado";"";"COM"
"Alhue";"A-03";;"ADA";"GSH";"Mesa de Gobernanza para Acuerdos de Producción Limpia (APL) Hídrica territorial";"OE1. Garantizar la seguridad hídrica comunal, priorizando el abastecimiento para consumo humano y la mantención de los ecosistemas locales.";"Conformación de una mesa territorial que articule al sector público y privado (minería, viñas y agroindustria). El objetivo es adherir estratégicamente a las empresas locales a un APL Hídrico, fijando metas de eficiencia, recirculación y apoyo comunitario al año 2030.";"BP; PP";"Comunal / Industrial";"2027";"2030";"Alcaldía; SECPLA";"ODEL; Oficina de Medio Ambiente";"ASCC; Codelco; Minera Florida; Sector Privado";"Estrategia Hídrica Local (EHL), Certificado Azul (ASCC)";"Formalización de convenios o memorandos de entendimiento municipal-privado.";"Profesionales facilitadores para mesas de diálogo, estándares de ""Certificado Azul"", auditorías hídricas en las empresas.";"SOC";"NAC; PRI";"Establecer dentro del APL que las empresas cofinancien mejoras de eficiencia hídrica en escuelas o postas rurales (población vulnerable) como medida de compensación territorial.";"A1. Convocatoria a la gran industria de Alhué. A2. Firma del APL Territorial con la ASCC. A3. Implementación de medidas intraprediales por parte de los privados. A4. Auditoría y certificación.";"Empresas locales adheridas al APL y Certificado Azul.";"Lograr que al menos 3 de las grandes industrias de la comuna (ej. mineras, viñas) firmen el APL y certifiquen su reducción de huella hídrica al año 2030.";"Revisado";"";"COM"
"Alhue";"A-04";;"ADA";"GSH";"Piloto residencial de captación de aguas lluvias y grises con sistema de copago vecinal";"OE1. Garantizar la seguridad hídrica comunal, priorizando el abastecimiento para consumo humano y la mantención de los ecosistemas locales.";"Piloto municipal para implementar sistemas de reutilización hídrica (aguas grises y lluvia) en viviendas rurales vulnerables. Incorpora un esquema de copago vecinal para garantizar corresponsabilidad, mantenimiento a largo plazo y autonomía hídrica comunitaria frente a la sequía.";"IT; F";"Rural (Comunidades vulnerables/aisladas)";"2027";"2030";"SECPLA; DIDECO";"Oficina de Medio Ambiente; Organizaciones Comunitarias";"GORE RM; SEREMI Salud; Juntas de Vecinos";"EHL (iniciativas de reciclaje de aguas grises), Ley 21.075 (Aguas Grises)";"Aprobación de un reglamento municipal que regule el fondo, las bases de postulación y las cuotas de copago del beneficio.";"Canaletas, bajadas, estanques acumuladores, biofiltros para aguas grises, bombas de bajo consumo, asistencia técnica para la instalación.";"ECO; TEC; ADM";"REG; CIU";"Ponderar con mayor puntaje en las bases de postulación a hogares monoparentales liderados por mujeres (jefas de hogar) rurales, aliviando la carga de conseguir agua de forma manual.";"A1. Diseño técnico e ingeniería del kit domiciliario. A2. Aprobación del reglamento de copago en Concejo. A3. Postulación vecinal y ejecución de obras. A4. Capacitación a las familias en mantención.";"Sistemas hídricos domiciliarios operativos bajo esquema de copago.";"Implementar exitosamente el programa piloto dotando de autonomía parcial a 30 viviendas rurales bajo modalidad de corresponsabilidad al 2030.";"Revisado";"";"COM"
"Alhue";"A-05";;"ADA";"GSH";"Transición agroecológica y fomento de cultivos de bajo requerimiento hídrico";"OE1. Garantizar la seguridad hídrica comunal, priorizando el abastecimiento para consumo humano y la mantención de los ecosistemas locales.";"Programa de reconversión agrícola enfocado en la agricultura familiar. Subsidia y entrega asistencia técnica para reemplazar cultivos exóticos o de alta demanda hídrica por especies agroecológicas y de secano, adaptando estructuralmente la matriz productiva a la megasequía.";"FC; F";"Rural (Agricultura Familiar Campesina)";"2028";"2030";"DIDECO";"ODEL; Oficina de Medio Ambiente";"INDAP, Fundación para la Innovación Agraria; CNR";"Plan Sectorial de Adaptación Silvoagropecuario, Plan ""Paisaje de Conservación""";"Focalización de los lineamientos estratégicos de PRODESAL Alhué hacia la agroecología comunal.";"Profesionales agrónomos especializados en agroecología, entrega de semillas/plantines endémicos, sistemas de retención de humedad en suelo (mulch, polímeros).";"SOC; ECO";"NAC; REG";"Priorizar y bonificar a mujeres campesinas en la transición, resguardando saberes tradicionales y calendarios de siembra ancestrales, lo cual asegura su soberanía alimentaria y económica.";"A1. Levantamiento de agricultores interesados. A2. Plan de diseño intrapredial agroecológico. A3. Adquisición y siembra de nuevos cultivos. A4. Acompañamiento comercial desde la ODEL para los nuevos productos.";"Superficie agrícola en transición hacia bajo requerimiento hídrico.";"Reconvertir al menos 15 hectáreas de la pequeña agricultura familiar hacia cultivos de bajo requerimiento hídrico o manejo agroecológico al año 2030, asegurando su resiliencia productiva.";"Revisado";"";"COM"
"Alhue";"A-06";;"ADA";"CUL";"Recuperación del museo y espacios de encuentro socioambiental";"OE2. Fortalecer la resiliencia comunitaria mediante la educación socioambiental continua, el rescate intergeneracional del patrimonio biocultural campesino y el codiseño ciudadano de normativas locales.";"Rehabilitación estructural y funcional del museo local y espacios recreativos en localidades rurales. Estas zonas actuarán como refugios climáticos, centros de educación no formal y polos de resguardo de la identidad territorial, facilitando la cohesión comunitaria en torno a la conservación.";"IO; FC";"Comunal";"2026";"2028";"SECPLA; Oficina de Cultura";"DOM; Oficina de Medio Ambiente";"Ministerio de las Culturas, las Artes y el Patrimonio; GORE RM; ONG Kintu";"Plan Municipal de Cultura de Alhué, Plan de Gestión ""Paisaje de Conservación""";"Actualización del PLADECO para priorizar la inversión en infraestructura cultural resiliente.";"Materiales de construcción sustentable, aislación térmica, mobiliario museográfico, profesionales en arquitectura y patrimonio.";"ECO; ADM";"REG; PRI";"Garantizar que los espacios recuperados cuenten con accesibilidad universal y sean seguros para mujeres, niños y adultos mayores, sirviendo como refugios durante eventos de calor extremo.";"A1. Diseño de arquitectura y especialidades. A2. Postulación a fondos públicos (FNDR/PMU). A3. Ejecución de obras y habilitación museográfica. A4. Apertura a la comunidad con programa de actividades.";"Espacios socioambientales y patrimoniales recuperados y operativos.";"Recuperar y poner en valor operativo el Museo Local y al menos 2 espacios de encuentro socioambiental en sectores rurales al año 2028.";"Con Observaciones";"";"COM"
"Alhue";"A-07";;"ADA";"CUL";"Programa escolar transversal de líderes climáticos y cultura responsable";"OE2. Fortalecer la resiliencia comunitaria mediante la educación socioambiental continua, el rescate intergeneracional del patrimonio biocultural campesino y el codiseño ciudadano de normativas locales.";"Intervención curricular integrada de manera transversal en los establecimientos educacionales de la comuna. Empodera a niños y jóvenes como agentes de cambio, insertando contenidos de adaptación, eficiencia hídrica y sustentabilidad en diversas asignaturas, fomentando una identidad de protección ambiental desde la educación formal.";"FC; PP";"Comunal (Establecimientos educacionales)";"2026";"2030";"DAEM";"Oficina de Medio Ambiente";"MINEDUC; MMA";"Estrategia de Desarrollo de Capacidades y Empoderamiento Climático (ACE), Plan Anual de Desarrollo Educativo Municipal (PADEM)";"Incorporación obligatoria de la variable de ""Sustentabilidad y Cambio Climático"" en el PADEM de Alhué.";"Profesionales en pedagogía ambiental, material didáctico contextualizado a la ruralidad de Alhué, horas de planificación docente.";"OTR";"OTR; CON";"Fomentar liderazgos equitativos entre niños y niñas, asegurando que las vocerías de los comités ambientales escolares sean paritarias.";"A1. Capacitación docente en cambio climático. A2. Modificación de los Proyectos Educativos Institucionales (PEI). A3. Inserción de contenidos en asignaturas. A4. Obtención o mejora de certificación SNCAE.";"Establecimientos con currículum ambiental integrado y certificación SNCAE.";"Lograr que el 100% de los establecimientos públicos de Alhué integren el currículum climático de forma transversal y alcancen el Nivel de Excelencia en el SNCAE al 2030.";"Revisado";"";"COM"
"Alhue";"A-08";;"ADA";"CUL";"Rescate intergeneracional de saberes campesinos para la resiliencia";"OE2. Fortalecer la resiliencia comunitaria mediante la educación socioambiental continua, el rescate intergeneracional del patrimonio biocultural campesino y el codiseño ciudadano de normativas locales.";"Creación de espacios de diálogo y transferencia práctica de conocimientos entre adultos mayores y juventudes locales. Su objetivo es documentar y aplicar prácticas ancestrales de uso sustentable de tierra y agua, mitigando la pérdida de patrimonio inmaterial y fortaleciendo la resiliencia rural.";"FC; BP";"Comunal";"2027";"2030";"DIDECO";"Oficina de Cultura; Oficina de Medio Ambiente";"Clubes de Adulto Mayor; Unión Comunal; ONG Kintu; INDAP";"Política Nacional de Desarrollo Rural, Plan Municipal de Cultura (Línea de Patrimonio e Identidad)";"Directrices anuales de la DIDECO para asignación de subvenciones a organizaciones sociales.";"Facilitadores comunitarios (sociólogos/antropólogos), equipos de grabación audiovisual (para documentar la memoria oral), transporte para adultos mayores.";"Dificultad de movilidad de los adultos mayores en sectores rurales aislados; desinterés inicial de los jóvenes.";"REG; LOC; NAC";"Visibilizar específicamente el rol histórico de las mujeres campesinas (""huerteras"", ""recolectoras"", ""cantoras""), rescatando sus saberes en soberanía alimentaria y herbolaria medicinal.";"A1. Identificación y contacto con adultos mayores cultores. A2. Realización de jornadas de ""encuentro intergeneracional"" (mateadas/talleres). A3. Edición de material documental (libro o video) de saberes locales.";"Participantes en espacios de transferencia intergeneracional y documentos generados.";"Realizar al menos 4 encuentros intergeneracionales masivos al año y generar 1 archivo documental histórico de resiliencia campesina al 2030.";"Revisado";"";"COM"
"Alhue";"A-09";;"ADA";"CUL";"Ruta de la memoria patrimonial y educación sustentable";"OE2. Fortalecer la resiliencia comunitaria mediante la educación socioambiental continua, el rescate intergeneracional del patrimonio biocultural campesino y el codiseño ciudadano de normativas locales.";"Diseño e implementación de circuitos interpretativos sustentables (turismo de bajo impacto) que conecten hitos construidos y naturales de Alhué. Incorpora señalética ecológica basada en los saberes rescatados (A- 08), fomentando el arraigo territorial, la conservación del paisaje y la identidad climática.";"IO; FC";"Comunal";"2028";"2030";"Oficina de Turismo; SECPLA";"Oficina de Cultura, Medio Ambiente";"SERNATUR, Consejo de Monumentos Nacionales, ONG Kintu, Cámara de Turismo Local";"Plan de Gestión ""Paisaje de Conservación"", Estrategia Nacional de Turismo Sostenible";"Actualización del Plan de Desarrollo Turístico (PLADETUR) incorporando circuitos resilientes al clima.";"Señalética construida con maderas certificadas o materiales reciclados locales, códigos QR con audios de relatos campesinos, senderos de bajo impacto.";"SOC; OTR";"REG; NAC";"Fomentar que el desarrollo económico derivado de la ruta (guías turísticos, artesanía, gastronomía en los paraderos) beneficie directamente a agrupaciones de mujeres emprendedoras de la comuna.";"A1. Trazado participativo de la ruta con la comunidad. A2. Diseño y fabricación de señalética ecológica. A3. Instalación e inauguración. A4. Capacitación a guías locales sobre la narrativa de la ruta.";"Kilómetros de circuitos interpretativos habilitados y guías capacitados.";"Habilitar 1 Ruta de la Memoria Patrimonial intercomunicando al menos 10 hitos socioambientales críticos y capacitar al menos 10 guías locales al año 2030.";"Revisado";"";"COM"
"Alhue";"A-10";;"ADA";"CUL";"Actualización de ordenanzas para el desarrollo sustentable y el buen vivir";"OE2. Fortalecer la resiliencia comunitaria mediante la educación socioambiental continua, el rescate intergeneracional del patrimonio biocultural campesino y el codiseño ciudadano de normativas locales.";"Proceso de co-diseño ciudadano (junto a familias, educadores y jóvenes) para revisar, redactar y actualizar normativas municipales que regulen prácticas sustentables locales. Esta medida consolida institucionalmente la conciencia ambiental generada, reduciendo la vulnerabilidad estructural comunal mediante el cumplimiento de acuerdos sociales obligatorios.";"PP";"Comunal";"2029 (Una vez madurada la educación y valorización previa)";"2030";"Asesoría Jurídica; Oficina de Medio Ambiente";"DIDECO; DOM";"Comité Ambiental Comunal; Unión Comunal de Juntas de Vecinos";"SCAM Nivel Intermedio/Excelencia, Ordenanza de Participación Ciudadana de Alhué";"Modificación o creación de ordenanzas ambientales (ej. protección de flora melífera, gestión de residuos, ruidos, protección de quebradas).";"Asesores jurídicos ambientales, espacios para cabildos o asambleas resolutivas, difusión masiva (radios, RRSS).";"LEG; ADM";"LOC";"Asegurar paridad de género y representación de todas las localidades rurales aisladas en las mesas ciudadanas de redacción de las ordenanzas.";"A1. Convocatoria a asambleas de co-diseño normativo. A2. Redacción técnica y jurídica de los borradores. A3. Aprobación en el Concejo Municipal. A4. Marcha blanca y educación ciudadana sobre las nuevas reglas.";"Ordenanzas sustentables co-diseñadas y promulgadas.";"Promulgar al menos 2 nuevas ordenanzas participativas enfocadas en sustentabilidad y buen vivir (ej. protección del paisaje o recurso hídrico) operativas al año 2030.";"Revisado";"";"COM"
"Alhue";"A-11";;"ADA";"BIO";"Actualización normativa territorial para la protección de servicios ecosistémicos";"OE3. Proteger, restaurar y revertir la degradación de los ecosistemas terrestres del Paisaje de Conservación de Alhué, implementando Soluciones Basadas en la Naturaleza (SbN).";"Integración de criterios de conservación climática en los Instrumentos de Planificación Territorial (IPT) y ordenanzas locales. Su objetivo es dotar al municipio de herramientas para fiscalizar parcelaciones irregulares y restringir obras en zonas de recarga de acuíferos y alto valor ecosistémico.";"PP";"Comunal (énfasis en áreas de recarga y valor ecológico)";"2026";"2028";"SECPLA; Asesoría Jurídica";"DOM";"SEREMI de Vivienda y Urbanismo; MMA; SAG; GORE RM";"Ley Marco de Cambio Climático (integración en IPTs), Plan Regulador Metropolitano de Santiago (PRMS), Plan ""Paisaje de Conservación""";"Incorporación de áreas de restricción en la elaboración del Plan Regulador Comunal (PRC) y creación de Ordenanza de Protección de Quebradas.";"Sistemas de Información Geográfica (SIG), asesoría jurídica experta en derecho urbanístico y ambiental.";"ADM; POL";"LOC; REG";"Proteger las zonas de recarga de acuíferos asegura indirectamente la continuidad del agua en los sistemas APR, aliviando la carga de conseguir agua manual que recae desproporcionadamente sobre mujeres rurales.";"A1. Levantamiento técnico de zonas de alto valor ecosistémico y recarga. A2. Redacción de ordenanzas y propuestas de modificación de IPT. A3. Aprobación en Concejo Municipal y tramitación sectorial.";"Instrumentos normativos y de planificación actualizados con criterios climáticos.";"Contar con al menos 1 ordenanza operativa de protección de servicios ecosistémicos y/o propuesta de elaboración PRC al 2028.";"Revisado";"";"COM"
"Alhue";"A-12";;"ADA";"BIO";"Programa de tenencia responsable de mascotas para resguardo de la fauna silvestre";"OE3. Proteger, restaurar y revertir la degradación de los ecosistemas terrestres del Paisaje de Conservación de Alhué, implementando Soluciones Basadas en la Naturaleza (SbN).";"Programa integral de educación, esterilización masiva y fiscalización de mascotas (perros/gatos). Busca reducir los ataques, el impacto depredador y la transmisión de enfermedades zoonóticas a la fauna silvestre vulnerable, manteniendo el equilibrio ecológico.";"FC; BP";"Periurbano / Rural (Zonas de interfaz con el bosque nativo)";"2026";"2030";"Administración Municipal;Oficina de Medio Ambiente";"DIDECO";"SUBDERE; SAG; ONG Kintu; Agrupaciones animalistas locales";"Ley NÂ° 21.020 de Tenencia Responsable (Ley Cholito), Plan de Gestión Paisaje de Conservación de Alhué";"Modificación de la Ordenanza Municipal de Tenencia de Mascotas endureciendo multas por animales de libre deambular en zonas de amortiguación ecológica.";"Clínicas veterinarias móviles, microchips, lectores de chip para inspectores municipales, jaulas trampas éticas (para captura de asilvestrados coordinado con SAG).";"SOC";"REG";"La reducción de zoonosis y mordeduras de perros asilvestrados mejora la seguridad en el desplazamiento peatonal de niños/as y mujeres que transitan por senderos rurales.";"A1. Endurecer ordenanza municipal de inspección. A2. Campañas de esterilización y chipeo gratuitas en zonas críticas. A3. Fiscalización y multas por parte de Inspección Municipal. A4. Educación en escuelas.";"Mascotas esterilizadas y fiscalizaciones en zonas rurales.";"Esterilizar al menos al 60% de la población canina/felina de los sectores rurales críticos colindantes a áreas protegidas y realizar 10 operativos de fiscalización anuales al 2030.";"Revisado";"";"COM"
"Alhue";"A-13";;"ADA";"BIO";"Banco comunitario de semillas nativas y red de guardianes del patrimonio";"OE3. Proteger, restaurar y revertir la degradación de los ecosistemas terrestres del Paisaje de Conservación de Alhué, implementando Soluciones Basadas en la Naturaleza (SbN).";"Habilitación de un banco de semillas y vivero municipal administrado por ""guardianes"" comunitarios. Su objetivo es salvaguardar genotipos locales (forestales, hortícolas y frutales) adaptados a la escasez hídrica, asegurando el material vegetal para la restauración comunal y la soberanía alimentaria comunitaria.";"SbN; FC";"Comunal";"2027";"2030";"DIDECO";"Oficina de Medio Ambiente";"INIA; INDAP; ONG Kintu; Unión Comunal de Adultos Mayores";"Plan Sectorial de Adaptación Silvoagropecuario, Estrategia Nacional de Biodiversidad";"Incorporación de la Red de Guardianes de Semillas en los programas de subsidio local apoyados por DIDECO.";"Vivero municipal aclimatado (sombreadero), equipos de refrigeración/desecación para el banco de semillas, sustratos, herramientas agrícolas.";"TEC";"CON; LOC; OTR";"Tradicionalmente, la custodia y selección de semillas ha sido un rol femenino campesino (huerteras, curadoras). La medida visibiliza, capacita y entrega recursos directamente a estas mujeres, fortaleciendo su autonomía económica y soberanía alimentaria.";"A1. Identificación y capacitación de cuidadores/guardianes locales. A2. Construcción física del banco de semillas y vivero conjunto. A3. Campañas de recolección en terreno. A4. Intercambio de semillas (trafkintu) y propagación.";"Variedades genéticas conservadas y plantas propagadas";"Resguardar al menos 30 genotipos adaptados al clima local (nativos y alimentarios) y producir 2.000 plantas de bajo requerimiento hídrico anualmente al 2030.";"Revisado";"";"COM"
"Alhue";"A-14";;"ADA";"BIO";"Plan de control de especies exóticas y recambio vegetal adaptativo";"OE3. Proteger, restaurar y revertir la degradación de los ecosistemas terrestres del Paisaje de Conservación de Alhué, implementando Soluciones Basadas en la Naturaleza (SbN).";"Ejecución de planes para identificar, controlar y reemplazar progresivamente flora exótica invasora o de alto requerimiento hídrico en áreas verdes municipales, sustituyéndolas por especies del Banco de Semillas local (A-13) de baja demanda hídrica, adaptando el paisaje a la megasequía. Este instrumento podrá servir como iniciativa y modelo de adopción voluntaria en otros entornos más allá del ámbito municipal.";"SbN; IO";"Urbano / Periurbano (Áreas públicas y cursos de agua)";"2028";"2030";"Oficina de Medio Ambiente; Oficina de Aseo y Ornato";"SECPLA";"CONAF; SAG; ONG Kintu";"Estrategia Hídrica Local (EHL) de Alhué, Plan de Acción Regional de Cambio Climático (PARCC RM - Línea de Arborización Eficiente)";"Modificación del Anexo de Áreas Verdes en licitaciones municipales para exigir exclusividad de flora xerófita o nativa local.";"Maquinaria de tala y destronque, plantas cultivadas localmente (A-13), sistemas de riego tecnificado por goteo transitorio, chipeadoras para hacer mulch con las especies extraídas.";"SOC";"REG; NAC; LOC";"Garantizar que el nuevo diseño de áreas verdes xerófitas no genere puntos ciegos (arbustos muy altos) para mantener la visibilidad y seguridad del desplazamiento de mujeres y disidencias en espacios públicos.";"A1. Catastro botánico y cálculo de requerimientos hídricos. A2. Educación y sensibilización vecinal sobre el cambio de estética de la plaza. A3. Extracción de exóticas y preparación de suelo. A4. Plantación de especies de reemplazo y monitoreo de prendimiento.";"Superficie de áreas verdes reconvertidas y ahorro hídrico estimado";"Reemplazar y adaptar al 100% las especies de alto consumo de agua en al menos 3 grandes plazas públicas o bienes nacionales de uso público de la comuna al año 2030, mejorando la seguridad hídrica local.";"Revisado";"";"COM"
"Alhue";"A-15";;"ADA";"DES";"Monitoreo y actualización participativa de Instrumentos GRD";"OE4. Reducir la vulnerabilidad de la población frente a amenazas socioambientales mediante el fortalecimiento de la gobernanza institucional, la fiscalización preventiva y el equipamiento de la primera respuesta comunitaria.";"Monitoreo y actualización constante de los planes de emergencia, evacuación y Reducción del Riesgo de Desastres (RRD). Mediante un codiseño con la comunidad, se definirán y señalizarán rutas seguras, zonas de seguridad y albergues frente a inundaciones e incendios forestales.";"PP; SAM";"Comunal";"2026";"2030";"Oficina de Emergencia Municipal";"SECPLA; DIDECO";"SENAPRED; GORE RM; Bomberos";"Ley NÂ° 21.364 (Sistema Nacional de Prevención y Respuesta ante Desastres), Plan Comunal para la RRD (PCRRD)";"Decretos que oficialicen las nuevas rutas de evacuación en el Plan Comunal de Emergencias.";"Sistemas de Información Geográfica (SIG), señalética reflectante y fotoluminiscente para rutas, facilitadores comunitarios.";"TEC";"LOC; REG; NAC";"Las rutas de evacuación y albergues deben codiseñarse considerando la movilidad reducida de adultos mayores y personas con discapacidad, asegurando rampas y accesos universales.";"A1. Mesas territoriales de diagnóstico de riesgo. A2. Trazado técnico de rutas y albergues. A3. Instalación de señalética. A4. Difusión masiva.";"Instrumentos GRD actualizados y localidades señalizadas";"Actualizar el 100% de los instrumentos GRD exigidos por ley y señalizar rutas seguras en al menos 5 localidades rurales críticas al 2027.";"Revisado";"";"COM"
"Alhue";"A-16";;"ADA";"DES";"Implementación y fiscalización de ordenanzas municipales preventivas";"OE4. Reducir la vulnerabilidad de la población frente a amenazas socioambientales mediante el fortalecimiento de la gobernanza institucional, la fiscalización preventiva y el equipamiento de la primera respuesta comunitaria.";"Formulación, aplicación y fiscalización de normativas locales para prevenir riesgos socioambientales. Regula estrictamente la obligación de mantener cortafuegos en predios privados y sanciona las quemas no autorizadas para reducir la probabilidad de incendios forestales.";"PP; BP";"Periurbano / Rural";"2026";"2028";"Administración Municipal";"Asesoría Jurídica; Oficina de Medio Ambiente";"CONAF; Carabineros; Juzgado de Policía Local";"Ley de Bosque Nativo, Plan Nacional de Prevención de Incendios (CONAF), PACCC Alhué";"Creación de la ""Ordenanza Municipal de Prevención de Incendios y Cortafuegos"" y actualización de la ordenanza de Medio Ambiente.";"Vehículos para inspectores municipales, drones para detectar quemas ilegales, talonarios de infracción, campaña radial de difusión de multas.";"SOC; ADM";"LOC";"Los incendios en la interfaz urbana afectan drásticamente a las viviendas sociales y asentamientos irregulares. Evitarlos protege directamente el patrimonio de familias vulnerables y mujeres jefas de hogar.";"A1. Redacción jurídica de la ordenanza. A2. Aprobación en Concejo Municipal. A3. Campaña educativa de ""marcha blanca"". A4. Despliegue de patrullajes de fiscalización.";"Ordenanzas promulgadas y fiscalizaciones ejecutadas";"Promulgar 1 nueva Ordenanza de Prevención de Incendios en 2026 y ejecutar al menos 15 operativos de fiscalización anuales en sectores críticos al 2028.";"Revisado";"";"COM"
"Alhue";"A-17";;"ADA";"DES";"Programa de fiscalización preventiva del tendido eléctrico comunal y fajas de seguridad";"OE4. Reducir la vulnerabilidad de la población frente a amenazas socioambientales mediante el fortalecimiento de la gobernanza institucional, la fiscalización preventiva y el equipamiento de la primera respuesta comunitaria.";"Programa de inspección municipal del mantenimiento del tendido eléctrico y despeje de fajas de seguridad. El municipio levantará catastros de riesgo y derivará denuncias formales a la empresa eléctrica y a la SEC para prevenir incendios forestales y asegurar la continuidad del suministro ante eventos extremos.";"SAM; PP";"Comunal / Rural (Zonas de interfaz y bosque)";"2026";"2030";"Administración Municipal; Oficina de Emergencia";"Oficina de Medio Ambiente; Asesoría Jurídica";"SEC; CONAF; SENAPRED; CGE";"Plan Comunal de Reducción del Riesgo de Desastres (PCRRD), Ley General de Servicios Eléctricos";"Modificación de la ordenanza de medio ambiente y emergencias para establecer procedimientos claros de levantamiento de actas de riesgo eléctrico en la vía pública.";"Drones para inspección de tendido en zonas de difícil acceso, vehículos 4x4, aplicación móvil o software para registro georreferenciado de denuncias.";"TEC; LEG";"LOC";"Evitar los cortes de energía protege directamente el funcionamiento de los Sistemas Sanitarios Rurales (APR), asegurando el agua potable y aliviando la carga de labores domésticas en escenarios de emergencia para mujeres rurales.";"A1. Levantamiento de puntos críticos mediante patrullaje de inspección. A2. Notificación y mesa de trabajo con la empresa eléctrica local. A3. Derivación de denuncias formales a la SEC por incumplimiento de fajas de seguridad.";"Inspecciones de riesgo eléctrico realizadas y derivadas";"Ejecutar al menos 2 patrullajes preventivos anuales (previo al verano y al invierno) cubriendo el 100% de las rutas críticas, y lograr el despeje efectivo del 80% de las anomalías reportadas al 2030.";"Revisado";"";"COM"
"Alhue";"A-18";;"ADA";"DES";"Gestión de portafolio de proyectos para financiamiento en RRD";"OE4. Reducir la vulnerabilidad de la población frente a amenazas socioambientales mediante el fortalecimiento de la gobernanza institucional, la fiscalización preventiva y el equipamiento de la primera respuesta comunitaria.";"Estructuración de un banco de proyectos municipales con rentabilidad social y climática, orientados a apalancar fondos externos (FNDR, PMU, SUBDERE). Busca aumentar el presupuesto local para financiar obras estructurales de reducción de riesgos y resiliencia climática.";"F; FC";"Comunal";"2026";"2030";"SECPLA; Unidad de Licitación y Proyectos";"DOM; Oficina de Emergencia";"GORE RM; SUBDERE; MIDESO; Asociación Chilena de Municipalidades";"Sistema Nacional de Inversiones (SNI), Plan Comunal para la Reducción del Riesgo de Desastres";"Inclusión formal de la cartera de proyectos RRD priorizados en el Plan de Desarrollo Comunal (PLADECO) y en el Presupuesto Municipal anual.";"Profesionales formuladores de proyectos capacitados en financiamiento climático, asesorías de ingeniería para diseño de prefactibilidad, software de evaluación económica.";"ADM; ECO";"NAC; LOC";"Los proyectos priorizados en el portafolio deberán integrar enfoques de vulnerabilidad, asegurando que las obras de mitigación protejan primariamente a las localidades con mayor índice de pobreza multidimensional y aislamiento en la comuna.";"A1. Identificación y priorización de obras de riesgo en la comuna. A2. Diseño de ingeniería y arquitectura de los proyectos. A3. Ingreso de proyectos al Banco Integrado de Proyectos (BIP) o plataformas de SUBDERE. A4. Adjudicación de fondos.";"Proyectos de RRD formulados y fondos externos apalancados";"Contar con un portafolio permanente de al menos 4 proyectos de infraestructura RRD diseñados, y lograr apalancar financiamiento externo para la ejecución de al menos 2 obras mayores al año 2030.";"Revisado";"";"COM"
"Alhue";"A-19";;"ADA";"DES";"Fortalecimiento y equipamiento de brigadas comunitarias de primera respuesta";"OE4. Reducir la vulnerabilidad de la población frente a amenazas socioambientales mediante el fortalecimiento de la gobernanza institucional, la fiscalización preventiva y el equipamiento de la primera respuesta comunitaria.";"Programa masivo de capacitación a toda la comunidad en primeros auxilios, RCP, uso de extintores y supervivencia. A partir de esto, se conformarán y equiparán brigadas vecinales preparadas para actuar tempranamente como apoyo logístico y de primera respuesta a Bomberos ante emergencias y desastres.";"FC; BP";"Comunal";"2027";"2030";"DIDECO; Oficina de Emergencia";"Departamento de Salud; DAEM";"Bomberos; SENAPRED; Cruz Roja; Juntas de Vecinos";"Programa CERT (Equipos Comunitarios de Respuesta a Emergencias) de SENAPRED.";"Incorporación del programa de brigadas en el Plan de Capacitación Anual de DIDECO.";"Kits de emergencia comunitaria (radios VHF, extintores, botiquines trauma, herramientas manuales), instructores certificados (salud/bomberos).";"SOC";"NAC; LOC";"Fomentar la integración paritaria de mujeres en las brigadas comunitarias, rompiendo estereotipos de género en roles de rescate y emergencia, empoderándolas como líderes de resiliencia barrial.";"A1. Campaña de reclutamiento comunitario. A2. Ciclo de talleres prácticos (RCP, fuego, evacuación). A3. Entrega de kits de emergencia. A4. Simulacros conjuntos con Bomberos.";"Personas capacitadas y brigadas comunitarias operativas";"Capacitar a 200 vecinos en herramientas de supervivencia y conformar/equipar al menos 4 brigadas comunitarias en zonas rurales aisladas al año 2030.";"Revisado";"";"COM"
"Alhue";"A-20";"";"ADA";"DES";"Creación y puesta en marcha de Unidad/Dirección Municipal de GRD";"OE4. Reducir la vulnerabilidad de la población frente a amenazas socioambientales mediante el fortalecimiento de la gobernanza institucional, la fiscalización preventiva y el equipamiento de la primera respuesta comunitaria.";"Medida a mediano plazo para elevar la actual Oficina de Emergencia a una Unidad o Dirección jerarquizada que unifique la Reducción de Riesgos con la gestión ambiental. Asegurará presupuesto permanente y personal técnico especializado para implementar políticas de resiliencia.";"PP";"Comunal (Estructura interna municipal)";"2028";"2030";"Alcaldía; Administración Municipal";"SECPLA; Dirección de Administración y Finanzas";"SUBDERE; SENAPRED";"Ley Orgánica Constitucional de Municipalidades, Ley 21.364, Ley Marco de Cambio Climático 21.455";"Modificación del Reglamento de Organización Interna (Reglamento Interno) de la Municipalidad y ampliación de la Planta Municipal.";"Presupuesto corriente para contratación de profesionales (ingenieros, prevencionistas, geógrafos), oficinas equipadas, sistemas de telecomunicaciones.";"ADM; ECO";"LOC; NAC";"Establecer criterios de paridad de género en los concursos públicos para la contratación de la jefatura y los profesionales técnicos de la nueva Dirección.";"A1. Estudio de factibilidad técnica y financiera. A2. Presentación y aprobación de modificación de planta/reglamento en Concejo Municipal. A3. Asignación de presupuesto anual. A4. Concurso público e instalación del equipo.";"Nombre del | Unidad GRD formalizada y presupuesto asignado";"Formalizar jurídica y operativamente la nueva Dirección/Unidad de Gestión del Riesgo de Desastres, dotada de al menos 3 profesionales técnicos especializados, al año 2030.";"Revisado";"";"COM"
"Alhue";"A-21";;"ADA";"INF";"Evaluación y monitoreo de infraestructura crítica expuesta a riesgos climáticos";"OE5. Asegurar la continuidad de los servicios esenciales y salvaguardar la vida humana mediante el monitoreo, protección y refuerzo resiliente de la infraestructura comunal (vial, sanitaria, hídrica y de emergencia).";"Levantamiento de un catastro geoespacial y programa de evaluación periódica del estado de vulnerabilidad de la infraestructura crítica (caminos, puentes, redes eléctricas). Permite focalizar las inversiones preventivas frente a amenazas de remociones en masa, incendios forestales y temporales.";"SAM; PP";"Comunal";"2026";"2028";"SECPLA; DOM";"Oficina de Emergencia Municipal";"MOP; SENAPRED; GORE RM; Sector Privado";"Plan Comunal para la Reducción del Riesgo de Desastres (PCRRD), Plan Sectorial de Adaptación de Infraestructura";"Incorporación de la variable de ""riesgo climático"" en el Plan de Inversiones en Infraestructura de Movilidad y Espacio Público (PIIMEP) y PLADECO.";"Sistemas de Información Geográfica (SIG), uso de drones para inspección de puentes y quebradas, profesionales topógrafos e ingenieros civiles.";"ADM";"LOC; NAC";"El catastro identificará rutas de evacuación críticas para localidades rurales aisladas, priorizando el mantenimiento de puentes que aseguren el traslado seguro de personas mayores, gestantes y niños en emergencias.";"A1. Levantamiento topográfico y digitalización SIG. A2. Priorización de puntos críticos y mesa de trabajo con MOP/Vialidad. A3. Postulación de cartera de proyectos preventivos.";"Porcentaje de infraestructura crítica evaluada";"100% de la infraestructura crítica vial y de servicios básicos catastrada y con evaluación de vulnerabilidad concluida al año 2028.";"Revisado";"";"COM"
"Alhue";"A-22";;"ADA";"INF";"Refuerzo estructural y resguardo de Sistemas Sanitarios Rurales (SSR)";"OE5. Asegurar la continuidad de los servicios esenciales y salvaguardar la vida humana mediante el monitoreo, protección y refuerzo resiliente de la infraestructura comunal (vial, sanitaria, hídrica y de emergencia).";"Ejecución de obras de protección (cortafuegos, soterramiento) y refuerzo estructural en la infraestructura de los SSR (ex APR) frente a sequías e incendios. Asegura fuentes de respaldo y redes de emergencia para garantizar el suministro ininterrumpido de agua potable rural.";"IO";"Rural (Localidades con abastecimiento autónomo)";"2027";"2030";"DOM";"SECPLA; Oficina de Medio Ambiente; DIDECO";"DOH; GORE RM; Comités y Cooperativas de SSR";"Estrategia Hídrica Local (EHL) de Alhué, Ley de Servicios Sanitarios Rurales (NÂ° 20.998)";"Decretos municipales de servidumbre o comodato que faciliten la rápida intervención o ampliación de las zonas de protección de pozos.";"Estanques de acumulación de material ignífugo, tuberías de HDPE soterradas, bombas de extracción de respaldo, construcción de cortafuegos perimetrales.";"AMB";"NAC; REG";"Los cortes de suministro de agua impactan directamente en el aumento del trabajo doméstico y de cuidado no remunerado, históricamente feminizado. Asegurar la resiliencia del APR alivia esta carga en las mujeres rurales.";"A1. Diagnóstico de vulnerabilidad estructural en los comités SSR. A2. Diseño de ingeniería de refuerzo y protección contra incendios. A3. Postulación a fondos DOH/PMB. A4. Ejecución y recepción de obras.";"Sistemas Sanitarios Rurales con obras de resiliencia ejecutadas";"Al menos 70% de los Sistemas Sanitarios Rurales de Alhué cuentan con infraestructura reforzada y autonomía frente a emergencias climáticas al año 2030.";"Revisado";"";"COM"
"Alhue";"A-23";;"ADA";"INF";"Modernización y equipamiento de centros operativos de emergencia";"OE5. Asegurar la continuidad de los servicios esenciales y salvaguardar la vida humana mediante el monitoreo, protección y refuerzo resiliente de la infraestructura comunal (vial, sanitaria, hídrica y de emergencia).";"Mejoramiento de la infraestructura física, capacidad logística y dotación tecnológica de los cuarteles de Bomberos y recintos de Carabineros de Alhué. Asegura una primera respuesta rápida, segura y sostenida frente a la propagación de incendios forestales, aluviones y cortes de ruta.";"IO; FC";"Comunal";"2028";"2030";"SECPLA; DOM";"Oficina de Emergencia Municipal;Administración Municipal";"Bomberos; Carabineros; SENAPRED; GORE RM";"Plan Comunal de Emergencias, Política Nacional para la Reducción del Riesgo de Desastres 2020-2030";"Actualización del Plan Anual de Inversiones Municipal para priorizar el cofinanciamiento de equipamiento de primera respuesta.";"Sistemas de radiocomunicaciones redundantes (VHF/UHF), vehículos 4x4 forestales, piscinas de acumulación rápida de agua, Equipos de Protección Personal (EPP) normados.";"ECO; ADM";"NAC; OTR; LOC";"Los proyectos de remodelación de infraestructura en cuarteles incluirán obligatoriamente acomodaciones equitativas (baños y dormitorios segregados), fomentando y facilitando la integración de mujeres bomberas y rescatistas en la comuna.";"A1. Levantamiento de brechas de infraestructura y equipamiento con Bomberos/Carabineros. A2. Formulación de proyectos y postulación a FNDR. A3. Adjudicación, compra de equipamiento y ejecución de remodelaciones.";"Cuarteles de respuesta de emergencia modernizados";"El 100% de los cuarteles de Bomberos locales y puntos de control policial logran ser modernizados y equipados para soportar temporadas críticas de emergencias climáticas al 20230";"Revisado";"";"COM"
"Alhue";"A-24";;"ADA";"INF";"Piloto y gestión externa de respaldo energético continuo en salud y educación";"OE5. Asegurar la continuidad de los servicios esenciales y salvaguardar la vida humana mediante el monitoreo, protección y refuerzo resiliente de la infraestructura comunal (vial, sanitaria, hídrica y de emergencia).";"Formulación de proyectos para dotar de soporte energético emergente (generadores híbridos, fomentando el uso de sistemas fotovoltaicos) a CESFAM, postas y escuelas. Debido a restricciones presupuestarias municipales a corto plazo, el enfoque inicial será el diseño y apalancamiento de fondos 100% externos, garantizando la operatividad de albergues y centros vitales ante apagones.";"IT; IO";"Comunal";"2028 (Fase de auditorías y formulación a fondos)";"2030";"SECPLA; DOM";"Departamento de Salud Municipal; DAEM";"Ministerio de Energía; Agencia de Sostenibilidad Energética; GORE RM; MINSAL";"Plan Sectorial de Mitigación y Adaptación del Sector Energía, Estrategia Energética Local (EEL) de Alhué, Plan Comunal de Salud";"Inclusión formal de requerimientos de autonomía energética en los próximos Planes Anuales de Desarrollo Educativo Municipal (PADEM) y Planes de Salud Comunal.";"Paneles fotovoltaicos (sistemas híbridos on-grid/off-grid con bancos de baterías), grupos electrógenos insonorizados de encendido automático, inversores, certificación SEC TE-4.";"ECO; TEC";"NAC; CON";"Mantener la operatividad del CESFAM y postas resguarda la cadena de frío de vacunas infantiles e insumos críticos, y la habilitación de escuelas como albergues iluminados previene vulneraciones a la seguridad personal de mujeres y niños desplazados durante temporales o incendios.";"A1. Realizar auditorías de carga eléctrica crítica en CESFAM y escuelas seleccionadas. A2. Diseñar la ingeniería de detalle y postular a fondos MIDESO/FAE. A3. Adjudicación, ejecución y puesta en marcha del piloto sin cofinanciamiento municipal directo.";"Proyectos de respaldo energético formulados y/o ejecutados";"Obtener diseño y financiamiento externo para el 100% de los centros críticos (salud) al 2029, logrando la implementación física de al menos un (1) piloto funcional (ej. en el CESFAM principal) con autonomía comprobable al año 2030.";"Revisado";"";"COM"
"Alhue";"A-25";;"ADA";"SAL";"Capacitación epidemiológica y control de enfermedades zoonóticas y vectoriales";"OE6. Disminuir los riesgos físicos y psicosociales derivados de los impactos climáticos, fortaleciendo la vigilancia epidemiológica frente a nuevas zoonosis y capacitando a la comunidad y a la red asistencial para una respuesta temprana.";"Facilitar y garantizar el cumplimiento de las capacitaciones obligatorias del MINSAL para el personal de salud sobre enfermedades vectoriales (ej. dengue, hanta, chagas) exacerbadas por el cambio climático. En paralelo, el municipio adoptará una fuerte labor de difusión y sensibilización comunitaria para la prevención e identificación temprana.";"FC; SAM";"Comunal";"2026";"2030";"Departamento de Salud Municipal";"Oficina de Medio Ambiente; DIDECO";"MINSAL; SEREMI de Salud RM; SAG";"PSA Salud (Medida: Fortalecimiento de la capacidad de respuesta frente a vectores), Reglamento Sanitario Internacional";"Actualización de la Ordenanza Municipal de Zoonosis y Tenencia Responsable.";"Plataformas digitales de capacitación del MINSAL, insumos para toma de muestras en el CESFAM, material de difusión comunitaria.";"TEC; SOC";"NAC; LOC";"Capacitar a las mujeres jefas de hogar y dirigentas vecinales, quienes históricamente gestionan el saneamiento intradomiciliario, convirtiéndolas en monitoras clave para evitar aguas estancadas (criaderos de mosquitos).";"A1. Asegurar la inscripción y participación del personal en cursos MINSAL. A2. Elaborar cápsulas radiales y talleres comunitarios sobre desmalezado y eliminación de aguas estancadas. A3. Reporte oportuno de casos sospechosos a la SEREMI.";"Funcionarios capacitados y campañas de sensibilización vectorial.";"Lograr que el 100% del personal clínico estratégico reciba actualización epidemiológica según norma MINSAL, y ejecutar al menos 3 talleres preventivos comunitarios anuales al 2030.";"Revisado";"";"COM"
"Alhue";"A-26";;"ADA";"SAL";"Estructuración y fortalecimiento del programa de asistencia psicosocial ante emergencias y desastres";"OE6. Disminuir los riesgos físicos y psicosociales derivados de los impactos climáticos, fortaleciendo la vigilancia epidemiológica frente a nuevas zoonosis y capacitando a la comunidad y a la red asistencial para una respuesta temprana.";"Estructuración formal, mantención y fortalecimiento de un programa de contención y acompañamiento psicológico para emergencias y desastres en general. Abarca el antes, durante y después del evento, asegurando la actualización constante de información, la habilitación de atención en línea (telesalud/telemedicina) para zonas aisladas o de riesgo, y la difusión de material psicoeducativo hacia la población para fomentar la resiliencia mental comunitaria.";"PP; FC; IT";"Comunal";"2027";"2028";"Departamento de Salud Municipal";"Oficina de Emergencia; DIDECO; Oficina de Comunicaciones";"Mesa Técnica Intersectorial de Salud Mental en GRD; Servicio de Salud Metropolitano";"Plan Comunal de Emergencia, Ley 21.364 (SENAPRED), Plan Sectorial de Adaptación de Salud (Medida NÂ°8 de prestaciones en línea)";"Inserción de un ""Anexo Psicosocial"" vinculante dentro del Plan Comunal para la Reducción del Riesgo de Desastres (PCRRD) y el Plan de Salud Comunal.";"Plataforma digital segura para atención psicológica online (videollamadas/líneas telefónicas exclusivas), repositorio web con información psicoeducativa actualizada, vehículos para despliegue en terreno, psicólogos y trabajadores sociales.";"TEC";"LOC; REG";"Las mujeres, niños/as y personas mayores suelen presentar mayores índices de vulnerabilidad psicológica tras la pérdida de viviendas o medios de subsistencia rural (ej. pérdida de cultivos/animales). La atención (online y presencial) priorizará la contención familiar y evitará el traslado físico innecesario de personas con movilidad reducida.";"A1. Redactar el protocolo oficial de acción psicosocial dividiendo roles para el antes (preparación), durante (contención temprana) y después (seguimiento de trauma). A2. Diseñar, actualizar periódicamente y difundir material psicoeducativo en redes municipales. A3. Habilitar y promover la plataforma de atención psicosocial online/telefónica. A4. Despliegue de los equipos en terreno y/o activación de atenciones virtuales ante la ocurrencia del desastre.";"Protocolo psicosocial estructurado y atenciones (presenciales/online) realizadas.";"Contar con 1 protocolo oficial de asistencia psicosocial estructurado para todas las fases del desastre y habilitar el 100% de la capacidad de atención de salud mental en modalidad online/telefónica para emergencias al año 2028.";"Revisado";"";"COM"
"Alhue";"A-27";;"ADA";"SAL";"Promoción de alimentación sostenible y jardines comunitarios saludables (Fase 2).";"OE6. Disminuir los riesgos físicos y psicosociales derivados de los impactos climáticos, fortaleciendo la vigilancia epidemiológica frente a nuevas zoonosis y capacitando a la comunidad y a la red asistencial para una respuesta temprana.";"Fomento de huertos, jardines comunitarios y programas de educación en alimentación sostenible para reducir la vulnerabilidad alimentaria y promover estilos de vida saludables. Se ejecutará como una segunda etapa, estrictamente asociada a la habilitación previa de proyectos de reutilización de aguas grises o captación de aguas lluvias (Medida A-04) para garantizar su viabilidad hídrica.";"BP; FC";"Comunal";"2028";"2030";"Departamento de Salud; DIDECO";"Oficina de Medio Ambiente; DIDECO";"FOSIS; INDAP; INTA; Establecimientos educacionales";"PSA Salud (Medida: Promoción de la alimentación saludable y sostenible), Guías Alimentarias para Chile, Plan Comunal de Promoción de la Salud.";"Focalización de recursos del programa de ""Promoción de Salud"" municipal hacia la mantención de huertos comunitarios e intervenciones en escuelas.";"Conexión a sistemas de riego desde estanques de aguas grises (A-04), semillas, sustrato, herramientas agrícolas menores, nutricionistas y agrónomos (PRODESAL).";"AMB; SOC";"NAC";"Empoderar a grupos de mujeres (tradicionalmente encargadas de las huertas de traspatio) proporcionándoles semillas e insumos que fortalezcan la soberanía alimentaria de sus familias y generen redes de apoyo comunitario.";"A1. Identificar las juntas de vecinos o postas que ya cuentan con reciclaje de agua (Fase 1). A2. Diseño y construcción del huerto piloto comunitario. A3. Talleres de cocina saludable y cultivo con nutricionistas y agrónomos.";"Huertos comunitarios habilitados con agua reutilizada y talleres de alimentación.";"Habilitar al menos 3 huertos comunitarios sostenibles (conectados a sistemas de aguas grises/lluvias) y ejecutar un programa anual de educación en alimentación sostenible al 2030.";"Revisado";"";"COM"
"Alhue";"MX-01";;"MIX";"TRA";"Adhesión institucional y reporte continuo en el Programa HuellaChile para certificación de emisiones";"OE1. Institucionalizar la gobernanza climática municipal en Alhué para proteger ecosistemas, impulsar la descarbonización y el desarrollo local.";"Formalización de la inscripción municipal en la plataforma HuellaChile del Ministerio del Medio Ambiente. Permite cuantificar, reportar y verificar anualmente la huella de carbono corporativa. Incluye el diseño de planes de reducción internos para avanzar en la obtención de los sellos de cuantificación, reducción y neutralidad institucional al 2030.";"SAM; PP";"Comunal (Institucional Municipal)";"2026";"2030";"Oficina de Medio Ambiente";"SECPLA; Dirección de Administración y Finanzas";"MMA";"Ley Marco de Cambio Climático, Estrategia Climática de Largo Plazo (Meta de adhesión municipal a HuellaChile), Certificación SCAM";"Decreto alcaldicio que designe responsables técnicos para el levantamiento de datos anuales del inventario corporativo.";"Profesionales capacitados en cuantificación de GEI, uso de la plataforma digital HuellaChile.";"TEC";"LOC";"Conformar el equipo de cuantificación de emisiones municipal asegurando paridad de género, fomentando el liderazgo femenino en la gestión climática técnica.";"A1. Inscripción oficial en plataforma. A2. Recopilación de datos de consumo. A3. Cálculo y verificación del primer inventario. A4. Elaboración de plan de reducción.";"Sellos HuellaChile obtenidos.";"Obtener el sello de ""Cuantificación"" en 2028 y alcanzar el sello de ""Reducción"" al año 2030.";"Revisado";"";"COM"
"Alhue";"MX-02";;"MIX";"TRA";"Incorporación de criterios de sustentabilidad y ciclo de vida en adquisiciones municipales";"OE1. Institucionalizar la gobernanza climática municipal en Alhué para proteger ecosistemas, impulsar la descarbonización y el desarrollo local.";"Inserción de criterios obligatorios de eficiencia energética, ahorro hídrico (compras azules) y economía circular en el nuevo ""Manual de Procedimiento de Adquisiciones"". Al ser las compras dependientes de los requerimientos de cada unidad, la medida responsabiliza a cada dirección solicitante de aplicar los criterios climáticos antes de cursar la compra.";"BP; PP";"Comunal (Institucional Municipal)";"2026";"2027";"Dirección de Administración y Finanzas; Administración Municipal";"Todas las unidades requirentes del municipio; SECPLA; Asesoría Jurídica";"ChileCompra; MMA";"Política Nacional de Compras Públicas Sustentables, Certificación SCAM Nivel Excelencia";"Aprobación vía Decreto Alcaldicio del nuevo ""Manual de Procedimiento de Adquisiciones"" incluyendo el anexo de compras verdes.";"Capacitación legal a los formuladores de bases de licitación, bases tipo estandarizadas con ponderación de puntaje por sustentabilidad.";"ECO";"LOC";"Otorgar puntaje adicional en las bases de licitación a proveedores locales que posean el ""Sello Empresa Mujer"" en Mercado Público, fomentando la economía circular femenina en la comuna.";"A1. Redacción del capítulo de sustentabilidad en el nuevo manual. A2. Aprobación y publicación del manual. A3. Capacitación a todas las jefaturas requirentes. A4. Inclusión de los criterios en al menos 3 licitaciones grandes.";"Licitaciones públicas con criterios de sustentabilidad";"Lograr que el 100% de las unidades requirentes apliquen el manual y que al menos el 50% de las compras públicas mayores incluyan criterios de economía circular o eficiencia al 2030.";"Revisado";"";"COM"
"Alhue";"MX-03";;"MIX";"TRA";"Actualización climática de la Ordenanza Apícola y certificación sustentable";"OE1. Institucionalizar la gobernanza climática municipal en Alhué para proteger ecosistemas, impulsar la descarbonización y el desarrollo local.";"Modificación de la ordenanza vigente para proteger la flora nativa frente a la tala y la parcelación abusiva (mitigación). La normativa actualizada regulará la carga de colmenas y apoyará la certificación orgánica de cooperativas apícolas locales, asegurando su resiliencia comercial ante amenazas como la sequía.";"PP";"Rural / Áreas de conservación";"2026";"2028";"Oficina de Medio Ambiente";"PRODESAL; ODEL; Asesoría Jurídica";"SAG; Cooperativas Apícolas de Alhué";"Ley Apícola NÂ° 21.489, Plan de Gestión Paisaje de Conservación";"Modificación y promulgación en el Concejo Municipal de la Nueva Ordenanza Apícola con criterios de Cambio Climático.";"Asesoría jurídica y ambiental, sellos de certificación orgánica/Rainforest Alliance para la miel local.";"POL; ADM";"OTR; LOC";"Proteger la actividad apícola resguarda directamente una economía de pequeña escala (agricultura familiar) que es altamente compatible con el trabajo de cuidado y ruralidad femenina.";"A1. Mesa de trabajo con PRODESAL y cooperativas apícolas. A2. Redacción técnica y jurídica de la modificación. A3. Aprobación en Concejo y publicación. A4. Postulación de apicultores a certificación orgánica.";"Ordenanza actualizada y productores certificados";"Contar con la ordenanza apícola climatizada vigente al año 2027 y lograr que al menos 1 cooperativa apícola local obtenga certificación sustentable al 2030.";"Revisado";"";"COM"
"Alhue";"MX-04";;"MIX";"TRA";"Modelos cooperativos para el manejo ganadero sustentable en laderas";"OE1. Institucionalizar la gobernanza climática municipal en Alhué para proteger ecosistemas, impulsar la descarbonización y el desarrollo local.";"Capacitación y articulación de arrieros locales en técnicas de pastoreo sustentable, holístico y silvopastoril. Organizar el pastoreo previene la sobrecarga animal extensiva, frena la erosión del suelo, facilita la regeneración natural de la cubierta vegetal e incrementa la infiltración hídrica.";"FC; BP";"Rural (Laderas del Cordón de Cantillana / Paisaje de Conservación)";"2028";"2030";"PRODESAL; ODEL";"Oficina de Medio Ambiente";"ONG Kintu; SAG; INDAP; Agrupaciones de arrieros y ganaderos de Alhué.";"Plan Sectorial de Adaptación Silvoagropecuario, Estrategia Nacional de Desarrollo Rural.";"Incorporación de pautas de carga animal máxima en los planes de manejo apoyados por la ODEL.";"Cercos móviles eléctricos, abrevaderos estratégicos para guiar al ganado, molinos para procesamiento de vaina de espino (quirinca) como forraje suplementario, veterinarios y agrónomos.";"SOC";"NAC; REG; OTR";"Proteger los suelos de la erosión en las cuencas altas asegura la recarga de los pozos APR de las comunidades más vulnerables ubicadas en el fondo del valle.";"A1. Mesa de trabajo y catastro con arrieros. A2. Diseño de plan de pastoreo rotativo. A3. Entrega de insumos (cercos/molinos) a la cooperativa. A4. Capacitación y monitoreo de la regeneración del suelo.";"Ganaderos capacitados y superficie bajo manejo holístico";"Conformar 1 modelo asociativo o cooperativa ganadera con al menos 15 arrieros implementando manejo sustentable en 100 hectáreas de ladera al 2030.";"Revisado";"";"COM"
"Alhue";"MX-05";;"MIX";"TRA";"Campaña de posicionamiento ecoturístico ""Alhué"" y circuitos de bajas emisiones desde Santiago";"OE1. Institucionalizar la gobernanza climática municipal en Alhué para proteger ecosistemas, impulsar la descarbonización y el desarrollo local.";"Campaña de imagen que posiciona a Alhué como un ""Destino Regenerativo"". A través de alianzas público-privadas, se diseñarán circuitos e infraestructura para tours (asociado a medida A- 09) desde Santiago utilizando electromovilidad. Esto descarboniza el traslado turístico, conecta los Santuarios de la Naturaleza y provee medios de vida alternativos frente a la sequía.";"F; PP";"Comunal / Intercomunal (Conexión Santiago - Alhué)";"2029";"2030";"Oficina de Turismo";"SECPLA; Oficina de Medio Ambiente; Oficina de Cultura";"SERNATUR; Cámara de Turismo y Comercio de Alhué; Agencia de Sostenibilidad Energética; Tour Operadores de Santiago";"Plan Sectorial de Adaptación y Mitigación de Turismo, Plan de Desarrollo Turístico (PLADETUR).";"Aprobación del PLADETUR con foco exclusivo en Turismo de Intereses Especiales (TIE) de Bajas Emisiones.";"Red de electrolineras o cargadores eléctricos de acceso público (mencionados en la Estrategia Energética Local), material de marketing digital de alto estándar, guías locales bilingües.";"TEC";"REG; NAC; PRI";"La cadena de valor del turismo rural (gastronomía, artesanía, hospedaje) está altamente feminizada. Posicionar la comuna aumenta directamente los ingresos de agrupaciones de mujeres emprendedoras.";"A1. Diseño de la marca ""Alhué Regenerativo"". A2. Firma de alianzas con operadores de transporte limpio en Santiago. A3. Lanzamiento de la campaña de marketing. A4. Medición de huella de carbono de los turistas.";"Alianzas de transporte limpio y visitantes al ecoturismo local";"Establecer 2 circuitos turísticos oficiales operando 100% con electromovilidad desde Santiago y aumentar en un 20% el flujo de ecoturismo de intereses especiales al año 2030.";"Revisado";"";"REG"
"Calera de Tango";"1.1.1";;"MDI";"GOB";"1.1.1. Insertar en el PLADECO la temática de cambio climático ";"1. Potenciar las capacidades municipales para la adaptación y mitigación ante el cambio climático ";"Incorporar dentro de las líneas del PLADECO el trabajo y planificación elaborada en el presente PACCC. ";"PP";"";"";"2025";"SECPLA ";"SECPLA; Unidad de Medio Ambiente  ";"Consultora externa";"PACCC, PLADECO ";"";"No aplica";"";"LOC";"";"";"PLADECO actualizado con temática de cambio climático incluida ";"";"Revisado";"";"COM"
"Calera de Tango";"1.1.2";;"MDI";"GOB";"1.1.2. Mejorar y actualizar el Plan de Emergencia ";"1. Potenciar las capacidades municipales para la adaptación y mitigación ante el cambio climático ";"Actualizar el Plan de Emergencia existente, incluyendo dentro de su contenido la variable de cambio climático para una mejor gestión y preparación ante el riesgo de desastres. ";"PP";"";"";"2025";"Unidad de Emergencia ";"Dirección de Gestión del Riesgo de Desastres; Dirección de Aseo, Ornato y Medio Ambiente; Bomberos; Concejo Municipal ";"SENAPRED ";"Plan de Emergencia comunal, PLADECO ";"";"SIG ";"";"LOC; NAC";"";"";"Plan de emergencia actualizado ";"";"Revisado";"";"COM"
"Calera de Tango";"1.1.3";;"MDI";"GOB";"1.1.3. Incluir criterios de cambio climático en instrumentos de gestión municipal ";"1. Potenciar las capacidades municipales para la adaptación y mitigación ante el cambio climático ";"Incorporar la variable de cambio climático en la Ordenanza Ambiental municipal y en las licitaciones de compras de productos y servicios. ";"PP";"";"";"2026";"Dirección de Aseo, Ornato y Medio Ambiente; Dirección de Administración y Finanzas";"Dirección de Administración y Finanzas; Dirección de Aseo, Ornato y Medio Ambiente; Direcciones municipales; Encargado Jurídico; Concejo Municipal";"";"Ordenanza municipal de protección al medio ambiente, bases de licitaciones actuales ";"";"No aplica";"";"LOC";"";"";"NÂ° de criterios de cambio climático incluidos en licitaciones; Ordenanza de protección ambiental incluye cambio climático (mediante nuevo título o al menos un artículo dentro de título) ";"";"Revisado";"";"COM"
"Calera de Tango";"1.2.1";;"MDI";"GOB";"1.2.1. Programa de capacitación funcionaria en gestión de riesgo de desastres y cambio climático a nivel local ";"1. Potenciar las capacidades municipales para la adaptación y mitigación ante el cambio climático ";"Potenciar las competencias internas del municipio para contar con funcionarios informados y empoderados en temáticas sobre cambio climático. ";"FC";"";"";"2026";"Dirección de Aseo, Ornato y Medio Ambiente ";"Dirección de Aseo, Ornato y Medio Ambiente";"Academia; centros de investigación;  ONGs; Seremi de Medio Ambiente; INDAP; CONAF; Seremi de energía; SENAPRED";"PLADECO, PMG, SCAM ";"";"No aplica";"";"OTR; LOC";"";"";"NÂ° funcionarios capacitados; NÂ° de talleres y charlas realizadas ";"";"Revisado";"";"COM"
"Calera de Tango";"1.2.2";;"MDI";"GOB";"1.2.2. Ciclo de charlas sobre adaptación y mitigación del cambio climático a nivel local ";"1. Potenciar las capacidades municipales para la adaptación y mitigación ante el cambio climático ";"Desarrollar un ciclo de talleres, charlas y conversatorios para funcionarios municipales respecto a acciones relacionadas con al menos las nueve áreas temáticas propuestas por la DAOMA. ";"FC";"";"";"2026";"Dirección de Aseo, Ornato y Medio Ambiente ";"Dirección de Aseo, Ornato y Medio Ambiente ";"Academia; centros de investigación; ONGs; Seremi de Medio Ambiente; INDAP; CONAF; Seremi de energía; SENAPRED ";"PLADECO, PMG, SCAM ";"";"No aplica";"";"LOC; OTR";"";"";"NÂ° funcionarios capacitados; NÂ° de talleres y charlas realizadas ";"";"Revisado";"";"COM"
"Calera de Tango";"2.1.1";;"MDI";"EYD";"2.1.1. Incluir al Plan de Educación de los colegios el cambio climático ";"2. Educar a la comunidad para una participación consciente, activa y coordinada ante los desafíos que plantea el cambio climático a nivel local ";"Establecer dentro del Plan Anual de Educación de los colegios, talleres extracurriculares que refuercen los conocimientos de los alumnos respecto al cambio climático y sus efectos a nivel local.";"FC";"";"";"2026";"Dirección de Aseo, Ornato y Medio Ambiente";"Dirección de Aseo, Ornato y Medio Ambiente; Unidades Técnicas Pedagógicas; Docentes";"SLEP el Pino";"Malla curricular de los colegios";"";"No aplica";"";"OTR";"";"";"Plan de educación de los colegios incluye
materias extracurriculares sobre cambio
climático; NÂ° de docentes capacitados en la
temática";"";"Revisado";"";"COM"
"Calera de Tango";"2.1.2";;"";"EYD";"2.1.2. Ciclo de charlas a Unidades Operativas Comunales ";"2. Educar a la comunidad para una participación consciente, activa y coordinada ante los desafíos que plantea el cambio climático a nivel local ";"Educar a pequeños productores agrícolas, campesinos y sus familias, respecto a los impactos que el cambio climático tiene sobre sus medios de vida y desarrollo local, considerando el alto porcentaje de actividad agrícola de la comuna, con apoyo del programa PRODESAL. ";"FC";"";"";"2027";"Encargado PRODESAL";"Encargado PRODESAL del Departamento de Fomento Productivo; Dirección de Aseo, Ornato y Medio Ambiente, CONAF; Sector Privado";"ASCC";"No aplica";"";"No aplica";"";"LOC";"";"";"NÂ° Unidades Operativas Comunales capacitadas; NÂ° de charlas realizadas";"";"Revisado";"";"COM"
"Calera de Tango";"2.2.1";;"MDI";"EYD";"2.2.1. Campañas de difusión y concientización sobre cambio climático y realidad local ";"2. Educar a la comunidad para una participación consciente, activa y coordinada ante los desafíos que plantea el cambio climático a nivel local ";"Realizar una campaña anual a través de diferentes medios de comunicación local (página web, radio, boletines, afiches, puntos informativos en colegios, negocios, etc.) respecto a: qué es el cambio climático, cómo afecta a nivel local, qué implicancias tiene a futuro y qué acciones puede tomar la comunidad para aminorar sus impactos. ";"FC";"";"";"2026";"Dirección de Aseo, Ornato y Medio Ambiente; Encargado de Comunicaciones municipal";"Dirección de Aseo, Ornato y Medio Ambiente; Encargado de Comunicaciones municipal; Sector Privado";"";"PLADECO, PACCC";"";"Medios de comunicación definidos para la medida";"";"LOC";"";"";"NÂ° medios de difusión utilizados; Cumplimiento de las campañas
anuales de difusión";"";"Revisado";"";"COM"
"Calera de Tango";"2.2.2";;"MDI";"EYD";"2.2.2. Fomentar la participación ciudadana ";"2. Educar a la comunidad para una participación consciente, activa y coordinada ante los desafíos que plantea el cambio climático a nivel local ";"Programar anualmente al menos dos sesiones del CAC para discutir y planificar acciones comunitarias que apunten a la adaptación y mitigación del cambio climático, con el objeto de fortalecer los canales establecidos por el SCAM y dar énfasis al mejoramiento de hábitos y conciencia ambiental dentro de los diferentes actores comunales. ";"FC";"";"";"2027";"DAOMA; Dirección de Aseo, Ornato y Medio Ambiente";"Dirección de Aseo, Ornato y Medio Ambiente; Comité Ambiental Comunal";"";"PACCC, SCAM";"";"Dependiente de las medidas y acciones que se planteen en las sesiones programadas del
CAC";"";"LOC; PRI; OTR; CON";"";"";"NÂ° talleres realizados; Cumplimiento de programaciones anuales; NÂ° iniciativas surgidas desde el CAC";"";"Revisado";"";"COM"
"Calera de Tango";"3.1.1";;"MDI";"EYD";"3.1.1. Formar monitores para educar sobre ecosistemas locales";"3. Fomentar la recuperación, protección y conservación de los ecosistemas y recursos naturales locales ";"Realizar una formación de monitores para educar a la comunidad sobre ecosistemas locales, con especial énfasis en conocimientos sobre el cerro Chena y Lonquén. ";"FC";"";"";"2027";"Dirección de Aseo, Ornato y Medio Ambiente";"Dirección de Aseo, Ornato y Medio Ambiente";"";"Plan de acción "Pucarás del Maipo"";"";"No aplica";"";"LOC; REG";"";"";"NÂ° monitores formados";"";"Revisado";"";"COM"
"Calera de Tango";"3.1.2";;"MDI";"3.1. Continuidad plan de acción "Pucarás del Maipo" ";"3.1.2. Fiscalizar actividades comerciales vinculadas a los ecosistemas locales ";"3. Fomentar la recuperación, protección y conservación de los ecosistemas y recursos naturales locales ";"Vigilar la recolección, extracción y comercialización de flora autóctona y endémica para detener su reducción.";"BP";"";"";"2026";"Dirección de Aseo, Ornato y Medio Ambiente";"Dirección de Aseo, Ornato y Medio Ambiente; Ciudadania";"PDI; Carabineros; CONAF; SAG";"Plan de acción "Pucarás del Maipo", Ordenanza Ambiental y de Arbolado Urbano";"";"No aplica";"";"CON; LOC";"";"";"NÂ° de fiscalizaciones realizadas";"";"Revisado";"";"COM"
"Calera de Tango";"3.2.1";;"MDI";"BIO";"3.2.1. Establecer convenios con la academia ";"3. Fomentar la recuperación, protección y conservación de los ecosistemas y recursos naturales locales ";"Firmar convenios para el desarrollo de estudios sobre ecosistemas locales, para diagnosticar su cantidad y estado de vulnerabilidad. ";"FC";"";"";"2028";"Dirección de Aseo, Ornato y Medio Ambiente";"Dirección de Aseo, Ornato y Medio Ambiente; Encargado Jurídico";"Academia";"No aplica";"";"SIG";"";"REG; PRI; OTR";"";"";"NÂ° convenios firmados; NÂ° estudios realizados";"";"Revisado";"";"COM"
"Calera de Tango";"3.2.2";;"MDI";"BIO";"3.2.2. Establecer convenios con el sector privado ";"3. Fomentar la recuperación, protección y conservación de los ecosistemas y recursos naturales locales ";"Generar convenios, donaciones y ejecución de RSE con empresas privadas, para fomentar acciones concretas en pro de la recuperación y conservación de los ecosistemas locales. ";"F";"";"";"2028";"Dirección de Aseo, Ornato y Medio Ambiente";"Dirección de Aseo, Ornato y Medio Ambiente; Encargado Jurídico";"Sector Privado";"No aplica";"";"No aplica";"";"PRI; LOC";"";"";"NÂ° convenios firmados; NÂ° intervenciones realizadas";"";"Revisado";"";"COM"
"Calera de Tango";"3.2.3";;"MDI";"BIO";"3.2.3. Establecer convenio con Asociación de Canalistas del Maipo (ACM) ";"3. Fomentar la recuperación, protección y conservación de los ecosistemas y recursos naturales locales ";"Establecer convenios con la ACM para diagnosticar el estado de los canales de la comuna y su operatividad comparativa en el tiempo, con apoyo de la academia y otros actores públicos o privados. ";"FC";"";"";"2028";"Asociación de Canalistas del Maipo; Dirección de Aseo, Ornato y Medio Ambiente";"Dirección de Aseo, Ornato y Medio Ambiente; Encargado Jurídico";"Asociación de Canalistas del Maipo";"No aplica";"";"Estaciones de medición del estado de los canales, SIG";"";"PRI; LOC; REG";"";"";"NÂ° estudios de monitoreo y seguimiento a
canales realizados; NÂ° comparaciones temporales realizadas";"";"Revisado";"";"COM"
"Nunoa";"";;"ADA";"GOB";"Programa de actualización de ordenanzas, reglamentos e instrumentos de gestión municipal con participación ciudadana.";"Actualizar de manera participativa, en consonancia con la experiencia cotidiana de las vecinas y vecinos, el cuerpo de herramientas técnicas y jurídicas de las que dispone el municipio para desarrollar sus funciones en materia de gestión Medioambiental, contemplando las últimas actualizaciones de la Ley en la materia.";"Se propone fortalecer y actualizar nuestra normativa comunal conforme a las últimas modificaciones proporcionadas por el ingreso de nuevos cuerpos legales en materia de medioambiente, contemplando la necesidad de adaptar la gestión municipal a los nuevos desafíos que presenta el cambio climático.";"PP";"";"";"Mediano plazo";"";"";"";"";"";"";"";"LOC";"";"";"";"";"Revisado";"";"COM"
"Nunoa";"";;"ADA";"GOB";"Programa de Asambleas Comunales de Medioambiente.";"Institucionalizar la figura anual de una asamblea de medioambiente, en el día del medioambiente, como forma deliberativa de la sociedad civil para proponer, diseñar y articular planes, proyectos, programas y acciones de ejecución conjunta con el municipio en temáticas medioambientales.";"Se pretende estimular la gestión medioambiental desde un sentido de deber ciudadano para con la comuna a través de la apropiación de instancias de trabajo y coordinación vinculantes entre municipio y miembros de la sociedad civil de manera abierta.";"PP";"";"";"Corto Plazo";"";"";"";"";"";"";"";"LOC";"";"";"";"";"Revisado";"";"COM"
"Nunoa";"";;"ADA";"GOB";"Programa de inserción municipal dentro de programas de certificación nacionales e internacionales.";"Incrementar la capacidad municipal para cumplir con estándares nacionales e internacionales en materia de gestión sostenible de recursos.";"Se estimular una transformación interna, a nivel municipal, para adaptar sus componentes estructurales y su orgánica a modelos de gestión sostenible, por medio de la incorporación del municipio en diferentes instancias de certificación y medición como Smart City Chile y WWF entre otros.";"PP; FC";"";"";"Largo Plazo";"";"";"";"";"";"";"";"LOC; OTR";"";"";"";"";"Revisado";"";"COM"
"Nunoa";"";;"ADA";"GOB";"Instalar comités ambientales en las unidades vecinales de la comuna.";"Apoyar en la organización y articulación de una red organizada de actores vecinales, capaces de identificar problemáticas e ideas soluciones, con capacidad para postular a fondos y alinearse a la gestión municipal en materia de medioambiente.";"Se pretende avanzar hacia el fortalecimiento de una red institucional de vecinas y vecinos dentro del todo el territorio con la autonomía necesaria para abordar y solucionar situaciones medioambientales con el apoyo y asesoría de la municipalidad.";"PP";"";"";"Mediano plazo";"";"";"";"";"";"";"";"LOC";"";"";"";"";"Revisado";"";"COM"
"Nunoa";"";;"ADA";"GSH";"Programa de gestión Matriz Hídrica Municipal.";"Conforme a los datos de consumo municipal, tanto de sus dependencias como de sus puntos de riego en áreas verdes, construir un piloto de matriz hídrica para el control del uso del recurso. A fin de disminuir el consumo global municipal de agua.";"Se plantea, establecer un control minucioso del consumo de agua municipal en sus distintos puntos, estableciendo medidas de mitigación para aquellos en donde se detecte sobreconsumo, uso irregular u otra situación que no se alinea al objetivo de utilización sostenible del recurso. Se pretende ampliar esta matriz a colegios municipales y sedes vecinales.";"BP; SAM";"";"";"Corto Plazo";"";"";"";"";"";"";"";"LOC; OTR";"";"";"";"";"Con Observaciones";"";"COM"
"Nunoa";"";;"MIT";"ENE";"Programa de reducción municipal de consumo de energías fósiles";"Se busca mejorar la infraestructura municipal por medio de la implementación de una serie de adaptaciones tales como: 1) Instalación de paneles solares en todas sus dependencias. 2) Impermeabilización de oficinas e instalación de mecanismos de calefacción basados en energías renovables. 3) Reducción de flota vehicular con base en consumo de diésel o petróleo y aumento de flota con base en consumo electro o híbrido.";"Se busca reducir directamente la huella de carbono municipal en su gestión cotidiana. Se pretende ampliar esta medida a colegios municipales y sedes vecinales.";"IT";"";"";"Largo Plazo";"";"";"";"";"";"";"";"LOC; OTR";"";"";"";"";"Revisado";"";"COM"
"Nunoa";"";;"MIT";"ENE";"Programa de Apoyo a la obtención de Energías Renovables";"Se compromete la gestión de convenios con productores sostenibles expertos en energías renovables, para ofrecer facilidades a las vecinas y vecinos en la instalación de paneles fotovoltaicos y otras alternativas de ahorro energético domiciliario, con el fin de estimular el aporte vecinal a la matriz energética comunal.";"Se pretende formar alianzas y convenios con expertos para lograr facilitar la implementación mecanismos de ahorro con base en energías renovables a los vecinos de la comuna. Se pretende ampliar esta matriz a colegios municipales y sedes vecinales.";"IT";"";"";"Largo Plazo";"";"";"";"";"";"";"";"LOC; OTR";"";"";"";"";"Revisado";"";"COM"
"Nunoa";"";;"ADA";"GSH";"Evaluación de Compra de Derechos de Agua para uso y rehabilitación de napas y canales.";"Evaluar acciones que permitan la rehabilitación de cursos de agua y napas comunales.";"Se plantea evaluar la compra de derechos de agua del Canal San Carlos para la articulación de procesos de rehabilitación de cursos de agua y napas dentro de la comuna. Se pretende ampliar esta matriz a colegios municipales y sedes vecinales.";"F; SbN";"";"";"Largo Plazo";"";"";"";"";"";"";"";"LOC; OTR";"";"";"";"";"Revisado";"";"COM"
"Nunoa";"";;"MIT";"INF";"Programa de implementación y acondicionamiento de Ciclovías comunales";"Se pretende aumentar la posibilidad de uso de medios de transporte no contaminantes a partir de la implementación de nuevas ciclovías y reacondicionamiento de aquellas que se usan en la actualidad";"Se pretende ampliar los km de ciclovía para dotar a la comuna de mayores facilidades para transporte no contaminante.";"IO";"";"";"Largo Plazo";"";"";"";"";"";"";"";"LOC; OTR";"";"";"";"";"Revisado";"";"COM"
"Nunoa";"";;"MIT";"TYM";"Implementación de transporte comunal gratuito para vecinas y vecinos eléctrico.";"Se incentivar el uso de medios de transporte sin emisiones de co2, con facilidad para que las vecinas y vecinos de la comuna puedan desplazarse sin necesidad del uso de automóvil o locomoción colectiva no adaptada al cambio climático.";"Compra o licitación de flota de vehículos de transporte urbano eléctrico.";"IT";"";"";"Largo Plazo";"";"";"";"";"";"";"";"LOC; OTR";"";"";"";"";"Revisado";"";"COM"
"Nunoa";"";;"ADA";"INF";"Implementación de puntos de recaptación de aguas lluvias a nivel comunal.";"Implementar medidas para la recaptación de aguas lluvias en bien nacional de uso público para aprovechamiento del recurso hídrico, así como la experimentación con la irrigación de canales secos dentro de la comuna, con el fin de reabastecer napas subterráneas.";"Se pretende implementar medidas de reabastecimiento de suelos e instalación de infraestructura destinada a la recaptación de agua. Esta medida contempla el incentivo de pilotos en cedes vecinales y colegios.";"IT";"";"";"Largo Plazo";"";"";"";"";"";"";"";"LOC; OTR";"";"";"";"";"Revisado";"";"COM"
"Nunoa";"";;"ADA";"INF; DES";"Programa de despeje y rehabilitación de infraestructura crítica comunal";"Implementar acciones de detección e intervención de puntos de conflicto entre basura aérea, cámaras de seguridad, red eléctrica y otros servicios y arbolado urbano.";"A partir del diagnóstico municipal proporcionado por seguridad ciudadana, alumbrado público y la ciudadanía, se pretende trabajar en conjunto con empresas de servicios para optimizar la relación entre nuestra infraestructura urbana critica en caso de desastres naturales y nuestro arbolado urbano.";"BP";"";"";"Corto a Mediano Plazo";"";"";"";"";"";"";"";"LOC; OTR";"";"";"";"";"Revisado";"";"COM"
"Nunoa";"";;"ADA";"DES; GOB";"Mesa comunal de gestión y prevención de desastres.";"Establecer planes comunales acotados a sectores socialmente comprometidos para prevención, control e intervención en caso de desastres naturales.";"A partir del diagnóstico municipal proporcionado por seguridad ciudadana, alumbrado público y la ciudadanía, se pretende trabajar articular una mesa de trabajo con participación ciudadana para la elaboración de Planes, programas y protocolos de intervención y subsanación de condiciones de riesgo en sectores de la comuna comprometidos.";"PP";"";"";"Corto a Mediano Plazo";"";"";"";"";"";"";"";"LOC; OTR";"";"";"";"";"Revisado";"";"COM"
"Nunoa";"";;"ADA";"VER";"Diseño de Plan Director de Arbolado Urbano";"Considerando que la fortaleza comunal para disminuir nuestras emisiones se relaciona directamente con la conservación y el incremento de nuestro patrimonio arbóreo, se plantea como objetivo establecer bases técnicas y alianzas estratégicas con universidades, Estado y otros municipios de la región, para elaborar un plan de arbolado urbano de largo plazo que se oriente a: 1) Incrementar el número de plantaciones anuales, con foco en sectores identificados como zonas de calor. 2) Selección de especies que reúnan los criterios, en términos de maximizar beneficios ecosistémicos con bajo recurso hídrico de mantenimiento, resistencia a la presencia de insectos y otros vectores, entre otros.";"El incremento y la planificación del proceso de incorporación de nuevos individuos, así como su elección, se comprende como una labor altamente técnica y científica, la que debe dialogar a la vez con la experiencia de un hábitat urbano, las más de las veces, poco adaptativo. Por esta razón, se han iniciado procesos de acercamiento a la academia y a la experiencia de otros municipios para rescatar lecciones y articular, en base a la información contenida en el catastro de arbolado un Plan Director que Impulse el incremento del patrimonio arbóreo.";"PP";"";"";"Largo Plazo";"";"";"";"";"";"";"";"LOC; OTR";"";"";"";"";"Revisado";"";"COM"
"Nunoa";"";;"Mitigación";"INCREMENTO Y CONSERVACIÓN DEL PATRIMONIO ARBÓREO, NUESTRAS ÁREAS VERDES Y LA BIODIVERSIDAD EN GENERAL";"Creación de un catastro de áreas verdes y zonas de intervención con paisajismo táctico.";"Se pretende diagnosticar el estado de las áreas verdes comunales con criterios de actualización de tecnologías para enfrentar el cambio climático con: 1) Incremento de riego tecnificado. 2) Evaluación de nuevas especies con criterio de bajo requerimiento hídrico. 3) Habilitación de puntos de hidratación. 4) Investigación y desarrollo vecinal de nuevos espacios verdes. 5) Articulación vecinal para creación de jardines sustentables en puntos críticos de desecho de residuos domiciliarios.";"Se pretende avanzar desde un modelo centrado en la mantención del área verde a uno dinámico que incorpora actores desde la sociedad civil en un proceso de investigación, desarrollo y aplicación de nuevas técnicas de creación de estos espacios, así como su uso para soluciones contingente frente a diversas problemáticas sanitarias.";"";"";"";"Largo Plazo";"";"";"";"";"";"";"";"Presupuesto municipal y fuentes de financiamiento externo.";"";"";"";"";"Pendiente";"";""
"Nunoa";"";;"Adaptación";"ECONOMÍA CIRCULAR BASADA EN LA GESTIÓN ESTRATÉGICA DE LOS RESIDUOS DOMICILIARIOS";"Crear y disponibilizar un catastro de proveedores sostenibles certificados.";"Estimular y apoyar el desarrollo de redes de proveedores de servicios y bienes acreditados como sostenibles y su identificación por parte de la ciudadanía, a través de alianzas e incentivos por medio de nuestra tarjeta vecino.";"Se pretende estimular el aumento de la exigencia por parte de los consumidores hacia los productores, tomando como eje el carácter sostenible de la producción de sus insumos. Asimismo, se pretende difundir y desmitificar la exclusividad de este tipo de mercados.";"";"";"";"Largo Plazo";"";"";"";"";"";"";"";"Presupuesto municipal";"";"";"";"";"Pendiente";"";""
"Nunoa";"";;"Mitigación";"ECONOMÍA CIRCULAR BASADA EN LA GESTIÓN ESTRATÉGICA DE LOS RESIDUOS DOMICILIARIOS";"Impulsar eventos y ferias de emprendimiento verde a nivel comunal";"Estimular y apoyar el desarrollo de emprendimientos sostenibles dentro de la comuna, a través de plataformas de difusión municipal y actividades afines.";"Se pretende estimular un mercado local sostenible de productores, que permita ampliar la oferta de bienes y servicios creados a partir de una perspectiva carbono neutral.";"";"";"";"Largo Plazo";"";"";"";"";"";"";"";"Presupuesto municipal y fuentes de financiamiento externo.";"";"";"";"";"Pendiente";"";""
"Nunoa";"";;"Mitigación";"ECONOMÍA CIRCULAR BASADA EN LA GESTIÓN ESTRATÉGICA DE LOS RESIDUOS DOMICILIARIOS";"Establecer alianzas con proveedores para la reutilización de residuos no contemplados en la actualidad por la Ley REP";"Aumentar la oferta de residuos susceptibles de ser reciclados a nivel comunal";"Si bien la Ley REP ha designado a los GRANSIC para ejecutar el servicio de recolección de residuos susceptibles de ser reciclados, esta aun no avanza hacia la recolección de la totalidad de todos los materiales. En esta línea, se pretende generar convenios de recolección con proveedores para maximizar el potencial de recuperación de residuos a nivel comunal.";"";"";"";"Largo Plazo";"";"";"";"";"";"";"";"Presupuesto municipal y fuentes de financiamiento externo.";"";"";"";"";"Pendiente";"";""
"Nunoa";"";;"Adaptación";"ECONOMÍA CIRCULAR BASADA EN LA GESTIÓN ESTRATÉGICA DE LOS RESIDUOS DOMICILIARIOS";"Crear un Programa de educación ambiental con apoyo de diversos actores de la sociedad civil.";"Maximizar la capacidad educativa comunal en materia de medioambiente.";"Se busca crear un programa de educación y difusión de contenido medioambiental que permita identificar: 1) Contenidos relevantes. 2) Focos y audiencias. 3) Relatores o facilitadores dentro de la red comunal. 4) Plataformas de difusión. Que permita un intercambio de conocimientos y acciones en la materia, además de propiciar el apoyo institucional a las acciones más relevantes.";"";"";"";"Largo Plazo";"";"";"";"";"";"";"";"Presupuesto municipal y fuentes de financiamiento externo.";"";"";"";"";"Pendiente";"";""
"Nunoa";"";;"Adaptación";"ECONOMÍA CIRCULAR BASADA EN LA GESTIÓN ESTRATÉGICA DE LOS RESIDUOS DOMICILIARIOS";"Laboratorio de Iniciativas Sociales sostenibles";"Se plantea la necesidad de apoyar ideas de todo orden de escala e impacto emanadas de la sociedad civil en materia de resolución de problemáticas medioambientales, con apoyo municipal en todas sus etapas y estados de desarrollo";"Apoyar el desarrollo de la iniciativa local para la resolución de problemas medioambientales, mediante la asesoría, apoyo en la captación de recursos y la puesta en práctica de ideas que se alinean a la misión de este plan.";"";"";"";"Largo Plazo";"";"";"";"";"";"";"";"Presupuesto municipal y fuentes de financiamiento externo.";"";"";"";"";"Pendiente";"";""
"Nunoa";"";;"Mitigación";"PROTECCIÓN COMUNAL Y FISCALIZACIÓN DEL COMPROMISO AMBIENTAL DEL PRIVADO EN LA COMUNA.";"Crear Unidad de fiscalización Municipal de Proyectos comunales";"Fortalecer la institucionalidad municipal para abordar de manera transversal y sostenible los impactos asociados gestión de proyectos urbanos, proponiendo mejores condiciones de compensación en las resoluciones de calificación de impacto ambiental, así como apoyar a la organización ciudadana para la defensa de su patrimonio natural y social.";"Se plantea la relevancia de crear una oficina municipal que oficie como contraparte municipal y de la ciudadanía ante el Servicio de Evaluación Medioambiental y las empresas que proponen proyectos urbanísticos en Ñuñoa, con el fin de asegurar y garantizar un estándar sostenible en la implementación, como en la generación de medidas compensatorias por causa de externalidades e impactos asociados a su construcción.";"";"";"";"Corto Plazo";"";"";"";"";"";"";"";"Presupuesto municipal";"";"";"";"";"Pendiente";"";""
"Vitacura";"";;"Mitigación";"GESTIÓN DE RESIDUOS.";"1.1. Potenciar el sistema de reciclaje inorgánico comunal.";"";"Fortalecimiento continuo del sistema de reciclaje inorgánico
domiciliario, aumentando la adherencia de los vecinos; mejorando la
gestión de residuos en las dependencias municipales y aumentando la
usabilidad del punto limpio comunal. Para ello, se impulsarán diversas
acciones comunicacionales y educativas dirigida a vecinos y
funcionarios municipales, con el objetivo de aumentar el reciclaje
inorgánico comunal.";"";"";"";"2030";"DMAO";"DSI";"Empresa ReSimple";"";"";"";"â€¢ Barrera cultural: dificultad en el cambio de hábitos de los vecinos.
â€¢ Depender de un gestor único como ReSimple.";"Costo municipal";"";"";"% de residuos
inorgánicos reciclados";"15%";"Pendiente";"";""
"Vitacura";"";;"Mitigación";"GESTIÓN DE RESIDUOS.";"1.2. Potenciar el sistema de reciclaje orgánico domiciliario.";"";"Promoción y expansión del sistema de reciclaje orgánico, ampliando la participación ciudadana y la cantidad de residuos reciclados mediante diversas estrategias como, la valorización de ramas y podas, campañas educativas y de sensibilización, así como la entrega de kits de compostaje a hogares, comercios y establecimientos educacionales. Todo ello, con el objetivo de aumentar el reciclaje orgánico a nivel comunal.";"";"";"";"2030";"DMAO";"DSI; Dirección de
comunicaciones";"Empresa gestión de residuos";"";"";"";"â€¢ Costo elevado del contrato de los residuos orgánicos.
â€¢ Desinformación de los vecinos, dificultad en el cambio hábitos.
â€¢ Instalación de largo plazo";"Costo municipal";"";"";"% de residuos orgánicos";"8%";"Pendiente";"";""
"Vitacura";"";;"Adaptación";"GESTIÓN DE RESIDUOS.";"1.3. Mercado sustentable.";"";"El Mercado Sustentable es una actividad mensual que conecta a la comunidad con emprendedores y organizaciones dedicadas a la economía circular. Ofrece una experiencia integral y consciente, donde se reciben residuos difíciles de reciclar -no aceptados en puntos limpios convencionales- y se promueven hábitos sustentables. Además de reciclar, tiene como objetivo informar y educar a los visitantes sobre acciones clave para el medio ambiente como reducir, reparar, reutilizar y regenerar.";"";"";"";"2030";"DSI";"DMAO; Dirección de
comunicaciones";"Empresa productora";"";"";"";"â€¢ Restricción presupuestaria.
â€¢ Lograr una renovación continua de emprendedores y
organizaciones.
â€¢ Que pierda novedad en los temas que se exponen.";"Costo municipal";"";"";"% de visitas anual";"30%";"Pendiente";"";""
"Vitacura";"";;"Mitigación - Adaptación";"MOVILIDAD SUSTENTABLE";"2.1. Sistema de ciclo-movilidad compartido (Tres comunas).";"";"Consolidar un sistema de transporte integrado, accesible y sustentable
que facilite la conexión entre distintos modos de transporte, con el
objetivo de incentivar la movilidad activa y el uso del transporte público.
Esto permitirá promover desplazamientos seguros y de bajas emisiones,
fortaleciendo la movilidad intercomunal.";"";"";"2026";"2030";"SECPLA";"DAU Tránsito y Transporte
Público Seguridad Pública";"DTPM, GORE, Empresas
privadas, otras Municipalidades";"";"";"";"â€¢ Dificultades de coordinación con comunas vecinas.
â€¢ Dificultades de fiscalización y ordenamiento de los vehículos sin
estación (dockless) en el espacio público.
â€¢ Dependerá de la contratación e implementación de tecnología idónea
para medir el impacto.";"Sistema de concesiones y/o permisos precarios.";"";"";"% de aumento
en viajes en
ciclos";"10%";"Pendiente";"";""
"Vitacura";"";;"Mitigación";"MOVILIDAD SUSTENTABLE";"2.2. Red de ciclovías y pasarelas ciclos y peatones.";"";"Consolidar una red integral de 47 km de ciclovías y pasarelas
interconectadas, priorizando la conexión entre áreas residenciales,
centros educativos, estaciones de transporte público y zonas
comerciales, en concordancia con el Plan de Ciclovías y el Plan de
Pasarelas. El objetivo es desincentivar el uso de vehículos impulsados
por combustibles fósiles.";"";"";"";"2030";"DAU (anteproyecto)
SECPLA (desarrollo)";"DOM
Dirección de
Tránsito";"MINVU, MTT, GORE,
desarrolladores inmobiliarios,
consultores externos.";"";"";"";"#¿NOMBRE?";"Dependerá de la etapa de desarrollo de cada anteproyecto.";"";"";"% de red
construida de
ciclovías";"50% (25 km
total)";"Pendiente";"";""
"Vitacura";"";;"Mitigación - Adaptación";"MOVILIDAD SUSTENTABLE";"2.5. Campaña de comunicación movilidad sostenible.";"";"Campaña de sensibilización sobre movilidad sostenible dirigida a los
vecinos de Vitacura, cuyo objetivo es promover prácticas, técnicas y
alternativas de transporte sustentable, como la movilidad activa, el uso
de bicicletas, el transporte público y los vehículos eléctricos. La
iniciativa busca fortalecer la conciencia ambiental, desincentivar el uso
de vehículos a combustión y fomentar una participación activa de la
comunidad en la construcción de una ciudad más limpia, eficiente y
sustentable.";"";"";"";"2027";"DSI";"DAU
Dirección de
comunicaciones";"MINVU, MTT, GORE,
Startups, Consultores
externos.";"";"";"";"#¿NOMBRE?";"Costo municipal, Gobierno regional.";"";"";"NÂ° de actividades
educativas";"10 actividades";"Pendiente";"";""
"Vitacura";"";;"Adaptación";"INFRAESTRUCTURA VERDE";"3.1. Plan Director de Arbolado Urbano.";"";"Implementación gradual de un plan de arborización en islas de calor
urbanas (ICU) dentro del espacio público, con el objetivo de mitigar las
altas temperaturas mediante la generación de sombra. Esta iniciativa
también busca reducir la contaminación ambiental y acústica, retener
el material particulado en suspensión y fomentar la biodiversidad,
además de aportar valor estético al entorno. En conjunto, estas
acciones contribuyen significativamente a mejorar la calidad de vida de
la población.";"";"";"2024";"2030";"DMAO";"DSI
DINC
Dirección de Tránsito";"";"";"";"";"Muerte de árboles por factores externos o climáticos.";"Costo municipal.";"";"";"Nuevos árboles
plantados entre
2024-2030";"3000 árboles";"Pendiente";"";""
"Vitacura";"";;"Adaptación";"INFRAESTRUCTURA VERDE";"3.2. Certificación de jardines biodiversos.";"";"La certificación de jardines biodiversos promueve prácticas de manejo
sustentable, respaldadas por evidencia científica, que buscan potenciar la
biodiversidad en jardines privados, balcones y terrazas de la comuna. A
través de asesorías y actividades de sensibilización, se invita a los vecinos a
contribuir desde sus propios espacios a la conservación de la flora y fauna
nativa, fomentando la conciencia ambiental y consolidando un movimiento
ciudadano de embajadores de la biodiversidad. El objetivo es convertir
cada jardín en un refugio para la naturaleza, integrando a la comunidad en
la protección del entorno local.
";"";"";"2024";"2030";"DSI";"DMAO";"Organismo Certificador
Jardín Botánico Chagual";"";"";"";"#¿NOMBRE?";"Costo municipal.";"";"";"NÂ° de hogares
certificados";"120
certificaciones";"Pendiente";"";""
"Vitacura";"";;"Adaptación";"INFRAESTRUCTURA VERDE";"3.3. Implementación corredores biológicos.";"";"Recambio de vegetación en áreas verdes mediante la incorporación de
especies de bajo consumo hídrico, junto con la creación de corredores
biológicos como parte del Plan de Infraestructura Verde. Estas acciones
buscan adaptar los espacios públicos al cambio climático, optimizar el uso del agua e incorporar biodiversidad, conectando distintas áreas verdes y
proporcionando refugio y alimento a insectos y aves. De esta forma, se
fortalece la resiliencia urbana mediante soluciones basadas en la
naturaleza, garantizando la continuidad de los procesos ecológicos y la
diversidad biológica.";"";"";"";"2030";"SECPLA
DMAO";"DSI
DINC
Dirección de Tránsito";"";"";"";"";"#¿NOMBRE?";"Costo municipal.";"";"";"NÂ° de Corredores
biológicos
ejecutados";"7 corredores";"Pendiente";"";""
"Vitacura";"";;"Adaptación";"INFRAESTRUCTURA VERDE";"3.4. Educación a la comunidad sobre cuidado y mantención de áreas
verdes.";"";"Las actividades educativas, como talleres prácticos, recorridos
interpretativos y proyectos participativos, tienen como objetivo fomentar
la conciencia ambiental y fortalecer el vínculo de las comunidades con la naturaleza en entornos urbanos. A través de estas experiencias, se busca
promover colectivamente un futuro más verde, resiliente y
comprometido con la sostenibilidad.";"";"";"";"2030";"DSI";"DMAO";"";"";"";"";"Dificultad de la medición de impacto en los hábitos que se instalan en las
comunidades.";"Costo municipal.";"";"";"NÂ° de actividades
educativas con
intervención
comunitaria en plazas y
parques realizadas en la
comuna";"20 actividades";"Pendiente";"";""
"Vitacura";"";;"Mitigación";"EFICIENCIA ENERGÉTICA.";"4.1. Cambio de luminaria LED en espacios públicos.";"";"Se continuará con el programa de recambio de luminarias en los espacios
públicos de la comuna, reemplazando aquellas que aún utilizan sodio u
otras tecnologías obsoletas por sistemas de iluminación LED. El objetivo
es mejorar la eficiencia energética, optimizar el uso de los recursos
municipales y avanzar hacia un modelo de alumbrado público más
moderno y sostenible.";"";"";"";"2030";"DINC";"SECPLA";"Ministerio de Energía
Ministerio de Medio
Ambiente SEC";"";"";"";"Disponibilidad presupuestaria.";"Costo municipal.";"";"";"% de
luminarias LED
instaladas en
espacios
públicos";"100% del
alumbrado
público";"Pendiente";"";""
"Vitacura";"";;"Mitigación";"EFICIENCIA ENERGÉTICA.";"4.2. Flota vehicular municipal eléctrica.";"";"Mantenimiento de la flota vehicular eléctrica del municipio de Vitacura,
con el objetivo de reducir las emisiones de gases de efecto invernadero
(GEI) y promover la electromovilidad.";"";"";"";"2028";"DAF";"SECPLA";"Ministerio de Energía -
Agencia de
sustentabilidad";"";"";"";"#¿NOMBRE?";"Costo municipal";"";"";"% de
vehículos
eléctricos de
la flota total";"100%";"Pendiente";"";""
"Vitacura";"";;"Adaptación";"EFICIENCIA ENERGÉTICA.";"4.3. Campaña de comunicación en el uso eficiente de energía.";"";"Campaña de sensibilización sobre el uso eficiente de la energía, dirigida a
los sectores residencial y comercial, que difundirá prácticas, técnicas y
tecnologías para reducir el consumo y mejorar el rendimiento energético.
La iniciativa incluirá beneficios concretos, como descuentos en productos
de eficiencia energética a través de la tarjeta VITA. El objetivo es fortalecer la conciencia ambiental, fomentar el ahorro energético y
promover la participación activa de la comunidad en la construcción de
un territorio más sustentable.";"";"";"2025";"2030";"DSI";"Dirección de
Comunicaciones";"Ministerio de Energía -
Agencia de sustentabilidad
- SEC- SISS, DGA, Seremi
RM";"";"";"";"#¿NOMBRE?";"Costo municipal";"";"";"Nº de
Campaña
realizadas";"5 (1
anual)";"Pendiente";"";""
"Vitacura";"";;"Mitigación";"EFICIENCIA HÍDRICA.";"5.1. Riego tecnificado en áreas verdes.";"";"Renovación tecnológica de los sistemas de riego en las áreas verdes de la
comuna, incorporando tecnologías más eficientes e inteligentes. El
objetivo principal es reducir significativamente el consumo de agua
municipal y garantizar una gestión hídrica más sustentable para nuestras
zonas verdes.";"";"";"";"2030";"DMAO";"SECPLA
DINC";"SISS-DGA";"";"";"";"Disponibilidad presupuestaria.";"Costo municipal";"";"";"% de m2 de parques y
plazas con riego
tecnificado";"85%";"Pendiente";"";""
"Vitacura";"";;"Mitigación";"EFICIENCIA HÍDRICA.";"5.2. Reutilización de aguas grises en dependencias municipales.";"";"Implementar proyecto piloto de reutilización de aguas grises para el riego
de áreas verdes en edificios municipales.";"";"";"";"2030";"DINC";"SECPLA
DMAO";"MINVU, SISS,
Seremi RM";"";"";"";"1. Disponibilidad presupuestaria.
2.Definición de proyecto, que funcione para ciertas dependencias.";"Costo municipal";"";"";"NÂ° de
piloto
ejecutado";"2 pilotos";"Pendiente";"";""
"Vitacura";"";;"Adaptación";"EFICIENCIA HÍDRICA.";"5.3. Estudio hidrológico e hidrogeológico de la comuna.";"";"El estudio permitirá evaluar la disponibilidad y calidad de los recursos
hídricos, anticipar su impacto en los proyectos y desarrollar estrategias
que aseguren su uso sostenible. Además, resulta fundamental para
proteger los acuíferos y ecosistemas acuáticos, garantizando su
conservación a largo plazo.";"";"";"";"2027";"DSI";"DMAO
SECPLA";"SISS-DGA-Seremi
RM";"";"";"";"#¿NOMBRE?";"Costo municipal";"";"";"Estudio
realizado";"Estudio
terminado y
validado";"Pendiente";"";""
"Vitacura";"";;"Adaptación";"EFICIENCIA HÍDRICA.";"5.4. Campaña de comunicación en el uso eficiente del agua.";"";"Campaña de sensibilización sobre el uso eficiente del recurso hídrico
dirigida a los vecinos de Vitacura (sectores residencial y comercial). Esta
campaña especificará prácticas, técnicas y tecnologías para mejorar la
eficiencia hídrica. El objetivo es fortalecer la conciencia ambiental,
fomentar el ahorro de agua a nivel privado y promover la participación
activa de la comunidad en la construcción de un territorio más
sustentable.";"";"";"";"2030";"DSI";"Dirección de Comunicaciones";"SISS-DGA- Seremi
RM";"";"";"";"1.-Disponibilidad presupuestaria.
2.- Participación e interés de los vecinos.";"Costo municipal";"";"";"Nº de Campaña
realizadas";"5 (1 anual)";"Pendiente";"";""
"Vitacura";"";;"Adaptación";"REDUCCIÓN DE RIESGOS ANTE EFECTO CLIMÁTICO";"6.1. Estudio de riesgo de quebradas en Cordón Manquehue.";"";"Estudio orientado a identificar los riesgos asociados a las quebradas del
Cordón Manquehue, tales como aluviones, deslizamientos y
remociones en masa. Su objetivo es reducir los impactos sobre la
población, la infraestructura y el medio ambiente, fortaleciendo la
resiliencia del territorio frente a eventos naturales.";"";"";"";"2027";"DSI";"DINC";"SENAPRED";"";"";"";"Disponibilidad presupuestaria";"Costo municipal";"";"";"Estudio
realizado";"1 estudio terminado
y validado";"Pendiente";"";""
"Vitacura";"";;"Adaptación";"GOBERNANZA FORTALECIMIENTO INSTITUCIONAL";"7.1 Educación sustentable en la comunidad escolar";"";"El programa de educación ambiental para colegios y jardines infantiles
contempla una serie de actividades formativas adaptadas a cada nivel
educativo. Entre ellas se incluyen talleres, recorridos guiados,
proyectos participativos y material pedagógico, con un enfoque en
temáticas como reciclaje, biodiversidad, eficiencia energética, cambio
climático y cuidado del agua. Su objetivo es fortalecer la conciencia
ambiental desde la primera infancia, promoviendo hábitos sostenibles
y fomentando una comunidad escolar comprometida con el desarrollo
sustentable del territorio.";"";"";"";"2030";"DSI";"SECPLA
Dirección de educación y
salud
DECOM";"Colegios públicos y
privados y jardines
infantiles de la comuna";"";"";"";"Adaptar los programas sin que afecten la malla curricular del
establecimiento educacional";"Costo Municipal.";"";"";"% Participación
establecimientos
educacionales";"60%";"Pendiente";"";""
"Vitacura";"";;"Adaptación";"GOBERNANZA FORTALECIMIENTO INSTITUCIONAL";"7.2 Capacitación interna municipal";"";"Estrategia de capacitación interna dirigida a los funcionarios municipales,
mediante un plan estructurado que contemple una serie de acciones
formativas en temáticas ambientales clave, tales como eficiencia
energética e hídrica, energías renovables no convencionales (ERNC),
gestión de residuos, biodiversidad urbana, movilidad sostenible y nuevas
tecnologías aplicadas al medioambiente. El objetivo es fortalecer las
competencias técnicas del equipo municipal y promover una cultura
organizacional más consciente y comprometida con la sostenibilidad.";"";"";"";"2030";"DSI";"Dirección de
personas
DMAO
DAU";"Ministerio de Energía - Agencia
de sustentabilidad - SEC- SISSSeremias
RM-MTT";"";"";"";"#¿NOMBRE?";"Costo Municipal.";"";"";"% de participación
municipal en las
capacitaciones anuales";"90%";"Pendiente";"";""
"Vitacura";"";;"Adaptación";"GOBERNANZA FORTALECIMIENTO INSTITUCIONAL";"7.3 Ordenanza Reciclaje.";"";"Promulgación de ordenanza de reciclaje para Vitacura, para
fiscalización y notificación en domicilios, comercios, etc., que estén
sujetos al programa de reciclaje municipal.";"";"";"";"2027";"DMAO
DSI";"Dirección jurídica
Dirección de Control
Dirección de seguridad";"";"";"";"";"#¿NOMBRE?";"Costo Municipal.";"";"";"Creación de
la ordenanza";"Ordenanza,
aprobada por
concejo y decretada";"Pendiente";"";""
"Vitacura";"";;"Adaptación";"GOBERNANZA FORTALECIMIENTO INSTITUCIONAL";"7.4 Plataforma interactiva Pública - Huella de Carbono Familiar";"";"Implementar una plataforma virtual interactiva y de acceso público
orientada a la comunidad para informarse sobre energía y agua,
como también, medir, visualizar y reducir la huella de carbono
personal.";"";"";"";"2030";"DSI";"Dirección de
Comunicaciones";"SISS-SEC-Ministerio
de Medio Ambiente";"";"";"";"#¿NOMBRE?";"Costo Municipal.";"";"";"Creación de
plataforma";"Plataforma
publicada en
medios digitales";"Pendiente";"";""
"Macul";"";;"";"FORTALECER LA EDUCACIÓN AMBIENTAL, LA GOBERNANZA
CLIMÁTICA Y LA CULTURA DE LA SUSTENTABILIDAD A NIVEL
COMUNAL";"Plan educativo preescolar";"Educación ambiental formal y comunitaria";"";"";"";"";"2026";"";"";"";"";"";"";"";"";"";"";"";"";"Pendiente";"";""
"Macul";"";;"";"FORTALECER LA EDUCACIÓN AMBIENTAL, LA GOBERNANZA
CLIMÁTICA Y LA CULTURA DE LA SUSTENTABILIDAD A NIVEL
COMUNAL";"Plan educativo escolar";"Educación ambiental formal y comunitaria";"";"";"";"";"2026";"";"";"";"";"";"";"";"";"";"";"";"";"Pendiente";"";""
"Macul";"";;"";"FORTALECER LA EDUCACIÓN AMBIENTAL, LA GOBERNANZA
CLIMÁTICA Y LA CULTURA DE LA SUSTENTABILIDAD A NIVEL
COMUNAL";"Plan educativo comunitario";"Educación ambiental formal y comunitaria";"";"";"";"";"2026";"";"";"";"";"";"";"";"";"";"";"";"";"Pendiente";"";""
"Macul";"";;"";"FORTALECER LA EDUCACIÓN AMBIENTAL, LA GOBERNANZA
CLIMÁTICA Y LA CULTURA DE LA SUSTENTABILIDAD A NIVEL
COMUNAL";"Plan educativo y de difusión para funcionarios
municipales";"Fortalecimiento de capacidades internas del
municipio";"";"";"";"";"2027";"";"";"";"";"";"";"";"";"";"";"";"";"Pendiente";"";""
"Macul";"";;"";"FORTALECER LA EDUCACIÓN AMBIENTAL, LA GOBERNANZA
CLIMÁTICA Y LA CULTURA DE LA SUSTENTABILIDAD A NIVEL
COMUNAL";"Creación de un reglamento municipal para la gestión
eficiente del uso de material reciclable";"LA - 3: Gobernanza y regulación ambiental comunal";"";"";"";"";"2027";"";"";"";"";"";"";"";"";"";"";"";"";"Pendiente";"";""
"Macul";"";;"";"FORTALECER LA EDUCACIÓN AMBIENTAL, LA GOBERNANZA
CLIMÁTICA Y LA CULTURA DE LA SUSTENTABILIDAD A NIVEL
COMUNAL";"Formalización de protocolos de integración de
criterios de sustentabilidad en compras públicas en
función de ley NÂ°21.634";"LA - 3: Gobernanza y regulación ambiental comunal";"";"";"";"";"2028";"";"";"";"";"";"";"";"";"";"";"";"";"Pendiente";"";""
"Macul";"";;"";"FORTALECER LA EDUCACIÓN AMBIENTAL, LA GOBERNANZA
CLIMÁTICA Y LA CULTURA DE LA SUSTENTABILIDAD A NIVEL
COMUNAL";"Formalización de un programa de denuncia y
fiscalización ambiental municipal";"LA - 3: Gobernanza y regulación ambiental comunal";"";"";"";"";"2028";"";"";"";"";"";"";"";"";"";"";"";"";"Pendiente";"";""
"Macul";"";;"";"AVANZAR HACIA UNA GESTIÓN INTEGRAL, CIRCULAR Y SUSTENTABLE DE LOS RESIDUOS SÓLIDOS COMUNALES";"Manejo de residuos orgánicos domiciliarios";"Gestión y valorización de residuos orgánicos";"";"";"";"";"2026";"";"";"";"";"";"";"";"";"";"";"";"";"Pendiente";"";""
"Macul";"";;"";"AVANZAR HACIA UNA GESTIÓN INTEGRAL, CIRCULAR Y SUSTENTABLE DE LOS RESIDUOS SÓLIDOS COMUNALES";"Programa de chipeo municipal de residuos orgánicos";"Gestión y valorización de residuos orgánicos";"";"";"";"";"2026";"";"";"";"";"";"";"";"";"";"";"";"";"Pendiente";"";""
"Macul";"";;"";"AVANZAR HACIA UNA GESTIÓN INTEGRAL, CIRCULAR Y SUSTENTABLE DE LOS RESIDUOS SÓLIDOS COMUNALES";"Alianza para tratamiento de residuos orgánicos en ferias";"Gestión y valorización de residuos orgánicos";"";"";"";"";"2027";"";"";"";"";"";"";"";"";"";"";"";"";"Pendiente";"";""
"Macul";"";;"";"AVANZAR HACIA UNA GESTIÓN INTEGRAL, CIRCULAR Y SUSTENTABLE DE LOS RESIDUOS SÓLIDOS COMUNALES";"Manejo de residuos inorgánicos domiciliarios
valorizables";"Gestión y valorización de residuos inorgánicos";"";"";"";"";"2026";"";"";"";"";"";"";"";"";"";"";"";"";"Pendiente";"";""
"Macul";"";;"";"AVANZAR HACIA UNA GESTIÓN INTEGRAL, CIRCULAR Y SUSTENTABLE DE LOS RESIDUOS SÓLIDOS COMUNALES";"Fortalecimiento de la red de puntos verdes en
edificios municipales";"Gestión y valorización de residuos inorgánicos";"";"";"";"";"2027";"";"";"";"";"";"";"";"";"";"";"";"";"Pendiente";"";""
"Macul";"";;"";"AVANZAR HACIA UNA GESTIÓN INTEGRAL, CIRCULAR Y SUSTENTABLE DE LOS RESIDUOS SÓLIDOS COMUNALES";"Escuela de oficios enfocado en economía circular";"Economía circular y desarrollo local";"";"";"";"";"2028";"";"";"";"";"";"";"";"";"";"";"";"";"Pendiente";"";""
"Macul";"";;"";"AVANZAR HACIA UNA GESTIÓN INTEGRAL, CIRCULAR Y SUSTENTABLE DE LOS RESIDUOS SÓLIDOS COMUNALES";"Creación e Implementación del Plan de Economía
Circular comunal";"Economía circular y desarrollo local";"";"";"";"";"2027";"";"";"";"";"";"";"";"";"";"";"";"";"Pendiente";"";""
"Macul";"";;"";"AVANZAR HACIA UNA GESTIÓN INTEGRAL, CIRCULAR Y SUSTENTABLE DE LOS RESIDUOS SÓLIDOS COMUNALES";"Erradicación y control de microbasurales";"Control y erradicación de pasivos ambientales";"";"";"";"";"2028";"";"";"";"";"";"";"";"";"";"";"";"";"Pendiente";"";""
"Macul";"";;"";"AVANZAR HACIA UNA GESTIÓN INTEGRAL, CIRCULAR Y SUSTENTABLE DE LOS RESIDUOS SÓLIDOS COMUNALES";"Implementación de programa de disposición
segregada de residuos municipales";"Control y erradicación de pasivos ambientales";"";"";"";"";"2028";"";"";"";"";"";"";"";"";"";"";"";"";"Pendiente";"";""
"Macul";"";;"";"PROTEGER, RECUPERAR Y AMPLIAR LA INFRAESTRUCTURA VERDE URBANA PARA LA ADAPTACIÓN CLIMÁTICA.";"Catastro de áreas verdes comunales";"Gestión y mantención de áreas verdes existentes";"";"";"";"";"2028";"";"";"";"";"";"";"";"";"";"";"";"";"Pendiente";"";""
"Macul";"";;"";"PROTEGER, RECUPERAR Y AMPLIAR LA INFRAESTRUCTURA VERDE URBANA PARA LA ADAPTACIÓN CLIMÁTICA.";"Plan de mantención de áreas verdes actuales
(horarios, tecnologías, acciones preventivas, etc.)";"Gestión y mantención de áreas verdes existentes";"";"";"";"";"2026";"";"";"";"";"";"";"";"";"";"";"";"";"Pendiente";"";""
"Macul";"";;"";"PROTEGER, RECUPERAR Y AMPLIAR LA INFRAESTRUCTURA VERDE URBANA PARA LA ADAPTACIÓN CLIMÁTICA.";"Sustitución de sotobosque de alto consumo hídrico
por especies de bajo consumo hídrico";"Gestión y mantención de áreas verdes existentes";"";"";"";"";"2028";"";"";"";"";"";"";"";"";"";"";"";"";"Pendiente";"";""
"Macul";"";;"";"PROTEGER, RECUPERAR Y AMPLIAR LA INFRAESTRUCTURA VERDE URBANA PARA LA ADAPTACIÓN CLIMÁTICA.";"Programa de recuperación de platabanda en barrios
prioritarios";"Incremento de cobertura vegetal y recuperación de espacios públicos";"";"";"";"";"2028";"";"";"";"";"";"";"";"";"";"";"";"";"Pendiente";"";""
"Macul";"";;"";"PROTEGER, RECUPERAR Y AMPLIAR LA INFRAESTRUCTURA VERDE URBANA PARA LA ADAPTACIÓN CLIMÁTICA.";"Recuperación de espacios públicos con cobertura
vegetal";"Incremento de cobertura vegetal y recuperación de espacios públicos";"";"";"";"";"2027";"";"";"";"";"";"";"";"";"";"";"";"";"Pendiente";"";""
"Macul";"";;"";"PROTEGER, RECUPERAR Y AMPLIAR LA INFRAESTRUCTURA VERDE URBANA PARA LA ADAPTACIÓN CLIMÁTICA.";"Evaluación de factibilidad e implementación de un
piloto de techos verdes en edificios municipales";"Soluciones basadas en la naturaleza e
infraestructura verde innovadora";"";"";"";"";"2029";"";"";"";"";"";"";"";"";"";"";"";"";"Pendiente";"";""
"Macul";"";;"";"PROTEGER, RECUPERAR Y AMPLIAR LA INFRAESTRUCTURA VERDE URBANA PARA LA ADAPTACIÓN CLIMÁTICA.";"Evaluación de factibilidad e implementación de un
piloto de muros verdes en paraderos o zonas
comunes";"Soluciones basadas en la naturaleza e
infraestructura verde innovadora";"";"";"";"";"2028";"";"";"";"";"";"";"";"";"";"";"";"";"Pendiente";"";""
"Macul";"";;"";"AUMENTAR LA RESILIENCIA URBANA FRENTE A EVENTOS CLIMÁTICOS EXTREMAS";"Diseño e implementación de refugios climáticos";"Infraestructura para la adaptación térmica";"";"";"";"";"2027";"";"";"";"";"";"";"";"";"";"";"";"";"Pendiente";"";""
"Macul";"";;"";"AUMENTAR LA RESILIENCIA URBANA FRENTE A EVENTOS CLIMÁTICOS EXTREMAS";"Implementación de puntos de hidratación pública";"Infraestructura para la adaptación térmica";"";"";"";"";"2026";"";"";"";"";"";"";"";"";"";"";"";"";"Pendiente";"";""
"Macul";"";;"";"AUMENTAR LA RESILIENCIA URBANA FRENTE A EVENTOS CLIMÁTICOS EXTREMAS";"Evaluación de factibilidad e implementación de
soluciones en puntos críticos para inundaciones";"Gestión del riesgo de inundaciones";"";"";"";"";"2029";"";"";"";"";"";"";"";"";"";"";"";"";"Pendiente";"";""
"Macul";"";;"";"AUMENTAR LA RESILIENCIA URBANA FRENTE A EVENTOS CLIMÁTICOS EXTREMAS";"Programa de mantención de sumideros";"Gestión del riesgo de inundaciones";"";"";"";"";"2026";"";"";"";"";"";"";"";"";"";"";"";"";"Pendiente";"";""
"Macul";"";;"";"MEJORAR LA EFICIENCIA HÍDRICA, ENERGÉTICA Y LA GESTIÓN CLIMÁTICA DEL MUNICIPIO";"Desarrollo de la Estrategia Hídrica Local";"Gestión eficiente del recurso hídrico";"";"";"";"";"2026";"";"";"";"";"";"";"";"";"";"";"";"";"Pendiente";"";""
"Macul";"";;"";"MEJORAR LA EFICIENCIA HÍDRICA, ENERGÉTICA Y LA GESTIÓN CLIMÁTICA DEL MUNICIPIO";"Implementación de Programa de eficiencia hídrica y
riego tecnificado en edificios municipales";"Gestión eficiente del recurso hídrico";"";"";"";"";"2028";"";"";"";"";"";"";"";"";"";"";"";"";"Pendiente";"";""
"Macul";"";;"";"MEJORAR LA EFICIENCIA HÍDRICA, ENERGÉTICA Y LA GESTIÓN CLIMÁTICA DEL MUNICIPIO";"Actualización de tecnologías eficientes en griferías
municipales";"Gestión eficiente del recurso hídrico";"";"";"";"";"2029";"";"";"";"";"";"";"";"";"";"";"";"";"Pendiente";"";""
"Macul";"";;"";"MEJORAR LA EFICIENCIA HÍDRICA, ENERGÉTICA Y LA GESTIÓN CLIMÁTICA DEL MUNICIPIO";"Evaluación de factibilidad y diseño de piloto de
generación fotovoltaico en edificio municipal";"Eficiencia energética y energías renovables";"";"";"";"";"2028";"";"";"";"";"";"";"";"";"";"";"";"";"Pendiente";"";""
"Macul";"";;"";"MEJORAR LA EFICIENCIA HÍDRICA, ENERGÉTICA Y LA GESTIÓN CLIMÁTICA DEL MUNICIPIO";"Mejoramiento y/o recambio de mobiliario bajo
criterios de sustentabilidad";"Eficiencia energética y energías renovables";"";"";"";"";"2029";"";"";"";"";"";"";"";"";"";"";"";"";"Pendiente";"";""
"Macul";"";;"";"MEJORAR LA EFICIENCIA HÍDRICA, ENERGÉTICA Y LA GESTIÓN CLIMÁTICA DEL MUNICIPIO";"Actualización de tecnologías de luminaria en edificios
municipales";"Eficiencia energética y energías renovables";"";"";"";"";"2028";"";"";"";"";"";"";"";"";"";"";"";"";"Pendiente";"";""
"Macul";"";;"";"MEJORAR LA EFICIENCIA HÍDRICA, ENERGÉTICA Y LA GESTIÓN CLIMÁTICA DEL MUNICIPIO";"Formalización de la implementación de criterios de
eficiencia energética en el diseño de proyectos de
mejoramiento de espacio público";"Eficiencia energética y energías renovables";"";"";"";"";"2026";"";"";"";"";"";"";"";"";"";"";"";"";"Pendiente";"";""
"Macul";"";;"";"MEJORAR LA EFICIENCIA HÍDRICA, ENERGÉTICA Y LA GESTIÓN CLIMÁTICA DEL MUNICIPIO";"Fomento de sistemas fotovoltaicos en sedes
comunitarias";"Eficiencia energética y energías renovables";"";"";"";"";"2027";"";"";"";"";"";"";"";"";"";"";"";"";"Pendiente";"";""
"Macul";"";;"";"MEJORAR LA EFICIENCIA HÍDRICA, ENERGÉTICA Y LA GESTIÓN CLIMÁTICA DEL MUNICIPIO";"Fomento del uso de bicicletas y evaluación de
factibilidad de construcción de ciclovías";"Movilidad sustentable y reducción de emisiones";"";"";"";"";"2026";"";"";"";"";"";"";"";"";"";"";"";"";"Pendiente";"";""
"Macul";"";;"";"MEJORAR LA EFICIENCIA HÍDRICA, ENERGÉTICA Y LA GESTIÓN CLIMÁTICA DEL MUNICIPIO";"Postulación a iniciativas de recambio de parque
automotriz municipal a tecnología eléctrica";"Movilidad sustentable y reducción de emisiones";"";"";"";"";"2027";"";"";"";"";"";"";"";"";"";"";"";"";"Pendiente";"";""
"Macul";"";;"";"MEJORAR LA EFICIENCIA HÍDRICA, ENERGÉTICA Y LA GESTIÓN CLIMÁTICA DEL MUNICIPIO";"Evaluación de factibilidad de ampliación de puntos de
carga para vehículos eléctricos (electrolineras)
mediante alianza público privadas";"Movilidad sustentable y reducción de emisiones";"";"";"";"";"2027";"";"";"";"";"";"";"";"";"";"";"";"";"Pendiente";"";""
"Macul";"";;"";"MEJORAR LA EFICIENCIA HÍDRICA, ENERGÉTICA Y LA GESTIÓN CLIMÁTICA DEL MUNICIPIO";"Medición de la huella de carbono municipal";"Gestión y monitoreo de emisiones";"";"";"";"";"2027";"";"";"";"";"";"";"";"";"";"";"";"";"Pendiente";"";""
"Lo Espejo";"";;"Mitigación";"";"MEDIDA DE MITIGACIÓN NÂ° 1: ELABORACIÓN DE PROTOCOLO DE BUENAS PRÁCTICAS AMBIENTALES EN RECINTOS MUNICIPALES";"";"Elaboración de un protocolo que permita una gestión integral de variables ambientales en cuanto a eficiencia energética, eficiencia hídrica, tratamiento de residuos como separación en origen, reciclaje y compostaje.";"";"Edificios administrativos, escuelas adscritas a SLEP, centros de salud, centro veterinario";"2025";"2028";"Dirección de Desarrollo Ambienta; Equipo Gestor; funcionarios municipales";"";"";"";"";"";"";"Al ser la Dirección de Desarrollo Ambiental la responsable de la ejecución de este protocolo será esta misma unidad la encargada de difundir y capacitar a los funcionarios municipales respecto al protocolo de BPAM, por lo que para esta medida no es necesaria una fuente de financiamiento externa, sino que más bien será financiada por las horas hombre (HH) de trabajo dedicada por parte de los funcionarios ejecutores.";"";"";"Participación del personal: lista de participación de personal en charlas Reducción de consumo energético: Medición del consumo energético en dependencias municipales de manera previa y posterior a las capacitaciones Monitoreo y evaluación: Establecimiento de periodos de evaluación continua, con objeto de identificar brechas y eficiencia de las medidas";"";"Pendiente";"";""
"Lo Espejo";"";;"Mitigación";"";"MEDIDA DE MITIGACIÓN NÂ° 2: Aumentar la red de ciclovías en la comuna de Lo Espejo";"";"Se busca desarrollar unas infraestructuras fomentar el uso de transportes sostenibles como es el uso de la bicicleta, con rutas bien integradas para la población civil que circulan por el territorio";"";"población civil residente y población civil en general que se moviliza por la comuna";"";"";"SECPLA; Dirección de Tránsito";"";"";"";"";"";"";"Mediano a Largo plazo. A través de fondos públicos del Gobierno regional y otros.";"";"";"Reducción de Emisiones: Evaluar la disminución de emisiones de gases de efecto invernadero asociadas al desplazamiento en bicicleta en lugar de vehículos motorizados. Descongestión Vehicular de la comuna: Medir la disminución del tráfico vehicular y tiempo de movilización en zonas donde se implementó las ciclovías, de manera presencial, a través de encuestas de percepción con las comunidades aledañas y usuarios de la ciclovía.";"";"Pendiente";"";""
"Lo Espejo";"";;"Mitigación";"";"MEDIDA DE MITIGACIÓN NÂ° 3: Fortalecimiento y Diversificación del Arbolado Urbano";"";"Esta medida tiene objetivo aumentar la superficie de captación de GEI, con especies de bajo requerimiento hídrico, nativas o exóticas, según sea la mejor estrategia acorde a evaluación técnica profesional";"";"Espacios públicos comunales declarados como Bienes Nacionales de Uso Público (BNUP), incluyendo parques, plazas y áreas verdes periurbanas. Plantación de especies nativas con alta adaptabilidad a condiciones de sequía y estrés hídrico Actividades de preparación del terreno, plantación, mantenimiento y monitoreo posterior para asegurar la supervivencia de las especies.";"2025";"2028";"Dirección de Desarrollo Ambiental; Departamento de Ornato";"";"";"";"";"";"";"La reforestación de áreas dentro de la comuna puede encontrarse financiada de manera mixta, en donde se trabaja con las especies que cuenta el Municipio, más aportes externos como lo son CONAF, y otras entidades estratégicas como fundaciones y otras empresas privadas";"";"";"#¿NOMBRE?";"";"Pendiente";"";""
"Lo Espejo";"";;"Mitigación";"";"MEDIDA DE MITIGACIÓN NÂ° 4: Campaña comunicacional de educación ambiental y concientización sobre cambio climático.";"";"Esta iniciativa busca educar a la población para generar conciencia y sensibilización con respecto el cambio climático, por medio de una campaña de educación y sensibilización estratégica diseñada a distintos segmentos de la población y rangos etarios, para abordar sus necesidades, intereses y preocupaciones particulares.";"";"Personal municipal, población civil no organizada y organizada, establecimientos educacionales, locatarios, empresas de la comuna.";"2025";"2050";"Departamento de Desarrollo Ambiental; Departamento de Relaciones Públicas";"";"";"";"";"";"";"Al ser la Dirección de Desarrollo Ambiental la responsable de esta campaña será esta misma unidad la encargada de difundir y capacitar, por lo que para esta medida no es necesaria una fuente de financiamiento externa, sino que más bien será financiado por las horas hombre (HH) de trabajo dedicada por parte de los funcionarios ejecutores.";"";"";"Medios de Comunicación Utilizados: Analizar el alcance de los medios de comunicación utilizados para llegar a cada grupo objetivo, como redes sociales, ferias medioambientales con educación ambiental para el territorio, talleres presenciales, entre otros. Participación en Actividades Relacionadas: Contabilizar la participación activa de cada grupo en las diferentes actividades, mediante lista de asistencia. Impacto en Comunidades Específicas: Evaluar el impacto específico en comunidades particulares a través de encuesta de aprendizajes obtenidos";"";"Pendiente";"";""
"Lo Espejo";"";;"Mitigación";"";"MEDIDA DE MITIGACIÓN NÂ° 5: ELABORACIÓN DE CATASTRO DE ARBOLADO URBANO";"";"Elaboración de un inventario digital y georreferenciado del arbolado urbano presente en la comuna, que incluya información sobre especies, estado sanitario, ubicación, dimensiones y servicios ecosistémicos aportados. Este catastro permitirá planificar y gestionar de manera eficiente la conservación, mantenimiento y expansión del arbolado, fortaleciendo la resiliencia urbana frente al cambio climático y mejorando la calidad ambiental y el bienestar de la comunidad";"";"Cobertura de todas las áreas públicas arboladas de la comuna: calles, plazas, parques, áreas verdes municipales y espacios periurbanos. Registro de especies nativas y exóticas, con énfasis en aquellas que aportan mayor mitigación climática y adaptación. Integración con sistemas GIS municipales para facilitar la toma de decisiones y monitoreo continuo.";"2025";"2030";"Dirección de Desarrollo Ambiental; Departamento de Ornato";"";"";"";"";"";"";"Considerando la situación comunal, es que esta medida debiese contar con un financiamiento externo, ya sea la alianza con fundaciones, universidades y/o organismos externos gubernamentales como CONAF, Gobierno Regional, entre otros.";"";"";"- % de arbolado urbano georreferenciado: Base de datos GIS municipal
- Actualización anual del catastro: Reportes técnicos municipales
- Número de especies nativas identificadas: Informe técnico de biodiversidad
- Uso del catastro para planificación: Incorporación en 100% de planes comunales, documentos de planificación municipal";"";"Pendiente";"";""
"Lo Espejo";"";;"Mitigación";"";"MEDIDA DE MITIGACIÓN NÂ° 6 Estrategia de optimización Integral de Residuos: Eficiencia, Reciclaje y Cumplimiento Normativo.";"";"El objetivo de esta iniciativa se centra en la creación de una estrategia integral de gestión de residuos, a nivel domiciliario y público, diseñado con el fin de mejorar la eficiencia en la administración de los desechos orgánicos e inorgánicos, educación ambiental en torno al reciclaje, aumentar los niveles de reciclaje en la comuna y garantizar el cumplimiento de las normativas ambientales como por ejemplo la Ley REP.";"";"población civil de la comuna, hogares y viviendas de la comuna, empresas, locatarios de pequeños almacenes, ferias libres, establecimientos educacionales jardines infantiles";"";"";"dirección de Desarrollo Ambiental, Departamento de Gestión Ambiental, Departamento de aseo, SECPLA.";"";"";"";"";"";"";"No considera inversión más allá de las HH de los distintos funcionarios municipales que participarán. En caso de que se requiera externalizar el servicio se presentará a financiamiento propio o externo.";"";"";"Cumplimiento de Normativas Ambientales: Seguimiento del cumplimiento de las normativas locales sobre gestión de residuos para asegurar el manejo adecuado y legal de los desechos. Emisiones de Gases de Efecto Invernadero (GEI): Medición de las emisiones de GEI asociadas con la gestión de residuos, considerando la descomposición de residuos orgánicos y la incineración.";"";"Pendiente";"";""
"Lo Espejo";"";;"Mitigación";"";"MEDIDA DE MITIGACIÓN NÂ° 7: RECUPERACIÓN DE ESPACIOS PÚBLICOS A TRAVÉS DE SOLUCIONES BASADAS EN LA NATURALEZA";"";"Lo Espejo cuenta con un reducido número de áreas verdes e islas de calor, por lo que el objetivo es recuperar espacios públicos, creando áreas verdes sustentables para recuperación de espacios públicos y eliminación de microbasurales";"";"Residentes del territorio";"";"";"Secpla, dirección De Desarrollo Ambiental Ornato, Gestión Ambiental.";"";"";"";"";"";"";"Fondos concursables, presupuesto municipal o externo.";"";"";"Disminución de microbasurales en la comuna Aumento en la participación de la comunidad en denunciar presencia de microbasurales y también de apoyar en su erradicación";"";"Pendiente";"";""
"Lo Espejo";"";;"Mitigación";"";"MITIGACIÓN NÂ° 8: RECAMBIO DE LUMINARIAS EN LA COMUNA";"";"El objetivo es reducir el consumo energético, las emisiones de gases de efecto invernadero y la contaminación lumínica, mejorando la seguridad y la calidad de vida de la comunidad. Por otra parte, contribuye de manera significativa a la reducción del consumo energético, la disminución de residuos y contaminantes al no estar fabricados CON Elementos Tóxicos, la protección de la biodiversidad y la mitigación del cambio climático, posicionándolas como la alternativa más ecológica y eficiente en iluminación urbana y doméstica, tanto en BNUP como en recintos municipales y hogares de la comuna";"";"Ámbito geográfico: Toda la comuna, priorizando sectores con mayor consumo energético y/o mayor densidad poblacional. Infraestructura: Alumbrado público, plazas, parques, edificios municipales, centros deportivos y educacionales; Población civil residente y flotante de la comuna.";"2025";"2027";"SECPLA; Dirección de Obras Municipales; Dirección de Desarrollo Ambiental";"";"";"";"";"";"";"Externo, a través de financiamiento del GORE";"";"";"- % de luminarias públicas recambiadas a tecnología LED: Informe de avance municipal
- Reducción del consumo energético en alumbrado público: Facturación eléctrica y reportes técnicos
- Disminución de emisiones de COâ‚‚ asociadas: Cálculo de reducción según consumo";"";"Pendiente";"";""
"Lo Espejo";"";;"Mitigación";"";"MEDIDA DE MITIGACIÓN NÂ° 9: ELABORACIÓN DE PROTOCOLO MUNICIPAL DE COMPRAS SUSTENTABLES";"";"Las compras sustentables buscan incorporar criterios ambientales, sociales y económicos para reducir los impactos negativos asociados a la adquisición de bienes y servicios, tales como la reducción de emisiones de gases de efecto invernadero, el uso eficiente de recursos, la minimización de residuos y la promoción de productos con menor huella ambiental.";"";"Municipio, funcionarios municipales y usuarios de la municipalidad";"";"";"Municipio de Lo Espejo";"";"";"";"";"";"";"Financiamiento municipal";"";"";"Aplicación de sellos y certificaciones ambientales (Energy Star, FSC, PEFC, Certfor, HuellaChile, Acuerdo de Producción Limpia) para evaluar oferentes y productos. Reducción de la huella ambiental: Preferencia por productos con eficiencia energética, contenido reciclado, menor uso de recursos naturales y menor generación de residuos. Capacitación y sensibilización: Registro y formación continua de funcionarios municipales en temas ambientales para fomentar una cultura de sustentabilidad en las compras";"";"Pendiente";"";""
"Lo Espejo";"";;"Mitigación";"";"MEDIDA DE MITIGACIÓN NÂ° 10 Capacitaciones para postular a fondos concursables";"";"Capacitar al Comite Ambiental Comunal (CAC) Pymes, personas naturales y Organizaciones Socioambientales en la postulación a fondos públicos como: FPA, Ponle energía a tu pyme, Programa techo solar, entre otros.";"";"Comite ambiental comunal, pequeñas Pymes, emprendedores formalizados y no formalizados, personas naturales y organizaciones socioambientales";"";"";"Direccion de Desarrollo Ambiental, Departamento de Gestión ambiental, DIDECO";"";"";"";"";"";"";"Al ser la Dirección de Desarrollo Ambiental la responsable de la ejecución será esta misma unidad la encargada de gestionar el proceso de postulación.";"";"";"Número de propuestas presentadas: Aumento en postulaciones a fondos climáticos tras las capacitaciones. Tasa de adjudicación: Porcentaje de proyectos aprobados que recibieron capacitación previa. Incorporación de criterios técnicos: Uso de sellos ambientales (HuellaChile, Energy Star) en las propuestas. Alianzas estratégicas: Acuerdos entre municipios, empresas y organismos internacionales para cofinanciar proyectos. Capacitación de funcionarios: Registros de asistencia";"";"Pendiente";"";""
"Lo Espejo";"";;"Adaptación";"";"MEDIDA DE ADAPTACIÓN NÂ° 1: FOMENTO DE URBANISMO SOSTENIBLE";"";"Adaptación de la forma en pensar, planificar, formular y realizar un proyecto de inversión a nivel comunal, donde se incluyan criterios de sustentabilidad como eficiencia energética, eficiencia hídrica, infraestructura para separación de residuos en origen, materiales con baja emisión de huella de carbono, implementación de techos verdes, jardines pluviales y pavimentos permeables en zonas críticas para reducir inundaciones y el efecto isla de calor.";"";"Población civil residente y flotante de la comuna con énfasis en zonas de mayor riesgo identificadas en el diagnóstico PACCC.";"2025";"2028";"SECPLA; Dirección de Obras Municipale; Dirección de Desarrollo Ambiental - Departamento de Gestión Ambiental";"";"";"";"";"";"";"Fondos públicos regionales y municipales: Gobierno regional y municipio pueden destinar recursos para la instalación de sistemas velar por el cumplimiento de estas medidas. Por otra parte, fondos FNDR, Fondo de Protección Ambiental y otros programas sectoriales pueden ser vías de financiamiento. Cooperación internacional y ONGs: Posibles aportes para proyectos piloto o fortalecimiento institucional.";"";"";"- % de proyectos urbanos con bases de sustentabilidad: Informe técnico municipal
- Reducción del consumo energético en edificios municipales: comparación de
- Participación ciudadana en planificación urbana: actas de participación";"";"Pendiente";"";""
"Lo Espejo";"";;"Adaptación";"";"MEDIDA DE ADAPTACIÓN NÂ° 2: Plan de Manejo y Prevención de Riesgos Naturales";"";"Desarrollar y actualizar planes de emergencia y protocolos de actuación frente a eventos climáticos extremos (inundaciones, olas de calor, olas de frío, temporales), incluyendo capacitación a la a las unidades municipales y a la comunidad.";"";"Toda la comuna, con énfasis en zonas de mayor riesgo identificadas en el diagnóstico PACCC.";"2025";"2028";"Dirección de seguridad pública y humana; Unidad de gestión de riesgo de desastres y emergencias; Departamento de Relaciones Públicas";"";"";"";"";"";"";"Al ser la Dirección de seguridad pública y humana la responsable de la ejecución de este plan será esta misma unidad la encargada de la difundir y capacitar a los funcionarios municipales respecto al Plan de Manejo y Prevención de Riesgos Naturales, por lo que para esta medida se verá financiada por las horas hombre (HH) de trabajo dedicada por parte de los funcionarios ejecutores.";"";"";"100% de unidades vecinales con acceso a información y protocolos de emergencia al 2027. Reporte semestral de avance de entrega de información, ya sea formato físico o digital.";"";"Pendiente";"";""
"Lo Espejo";"";;"Adaptación";"";"MEDIDA DE ADAPTACIÓN NÂ° 3: CORREDORES BIOLÓGICOS";"";"La implementación de corredores biológicos en la comuna de Lo Espejo consiste en la creación y restauración de franjas vegetales continuas que conectan áreas verdes, parques y espacios públicos, utilizando principalmente especies nativas y adaptadas al clima local. Estos corredores permiten el flujo de fauna y flora, mejoran la conectividad ecológica urbana, aumentan la resiliencia frente a olas de calor y sequía cumpliendo roles de refugio climático, y contribuyen a la adaptación ante los impactos del cambio climático, como la pérdida de biodiversidad y el deterioro de los servicios ecosistémicos.";"";"Territorio: Calles principales, avenidas, parques, plazas en toda la comuna, áreas verdes correspondientes priorizando sectores con baja cobertura vegetal y alta vulnerabilidad climática. Componentes: Plantación de árboles y arbustos nativos, instalación de jardines de bajo requerimiento hídrico, señalización educativa y conectividad entre áreas verdes existentes.";"2025";"2035";"Dirección de Desarrollo Ambienta; SECPLA; Dirección de Obras Municipales";"";"";"";"";"";"";"Fuentes municipales: Asignación de parte del presupuesto ambiental anual. Programas públicos: Acceso a fondos del Gobierno Regional, programas de reforestación urbana de CONAF y concursos del Ministerio del Medio Ambiente. Alianzas: Convenios con empresas privadas, ONGs ambientales y universidades para cofinanciamiento y apoyo técnico";"";"";"- Superficie conectada entre áreas verdes: Inventario y monitoreo de especies.
- Reducción de temperatura superficial: Disminución de 2Â°C en zonas intervenidas, monitoreo climático local
- Longitud de corredores implementados:";"";"Pendiente";"";""
"Lo Espejo";"";;"Adaptación";"";"MEDIDA DE ADAPTACION NÂ° 4: FORTALECIMIENTO DE UNIDADES DE FISCALIZACIÓN AMBIENTAL";"";"Actualmente (2025) la unidad de fiscalización ambiental cuenta con solamente un integrante, lo que dificulta y demora la atención de las diferentes denuncias ambientales. Se presentan otras brechas también como movilización y provisión de instrumentos que determinen los cumplimientos o incumplimientos sobre las ordenanzas municipales ambientales. El fortalecimiento de unidades de fiscalización ambiental busca mejorar la capacidad institucional para garantizar el cumplimiento de normativas ambientales, mediante modernización de tecnología e instrumentos, coordinación interinstitucional y profesionalización de equipos.";"";"Fortalecimiento del Departamento de Gestión Ambiental, especialmente en la fiscalización de denuncias ambientales (ruidos, olores, residuos, emisiones tóxicas, control de vectores). Implementación de protocolos y herramientas digitales para la gestión eficiente de denuncias y seguimiento de casos. Capacitación continua a funcionarios municipales en normativa ambiental, uso de equipos técnicos (ej. sonómetros) y procedimientos legales. Coordinación con la SMA y otras entidades para ampliar cobertura y eficacia en la fiscalización.";"2025";"2035";"Direccion de Desarrollo Ambienta; Departamento de Gestión Ambiental";"";"";"";"";"";"";"Presupuesto municipal para contratar un profesional del área y/o capacitar. Adquisición de equipamiento técnico y desarrollo de sistemas de gestión. Convenios con SMA: Apoyo financiero y técnico para adquisición de equipos (ej. sonómetros) y capacitación especializada. Programas sectoriales del Ministerio del Medio Ambiente: Fondos concursables para fortalecer capacidades municipales en fiscalización ambiental. Cooperación público- privadas: Fondos del Gobierno Regional, Fondos de organismos privados o internacionales como el BID para proyectos de modernización de sistemas de monitoreo Multas ambientales: Hasta un 30% de los ingresos por sanciones se podrían reinvertir en equipos tecnológicos y capacitación.";"";"";"Cobertura fiscalizadora: Porcentaje de Informes de Fiscalización Ambiental (IFA) terminados respecto a los programados, con una meta del 97% para 2025. Resolución de sanciones: Tasa de cierre de procesos sancionatorios sin pausas, actualmente en 95% para casos graves. Capacitación continua: Más de 180 jornadas formativas realizadas entre 2018-2023 para fiscalizadores de la RENFA.";"";"Pendiente";"";""
"Lo Espejo";"";;"Adaptación";"";"MEDIDA DE ADAPTACIÓN NÂ° 3: Gestión Comunitaria del Agua y Adaptación a la Sequía";"";"Implementar sistemas de captación y reutilización de aguas lluvias en edificios municipales, escuelas y sedes vecinales, y promover el uso eficiente del agua en jardines y áreas verdes.";"";"Instalación de sistemas de captación de aguas lluvias (canaletas, tuberías, depósitos) en edificios públicos, escuelas municipales, sedes vecinales, juntas de vecinos, plazas y huertos comunitarios. Promoción y adopción de tecnologías de riego eficiente (goteo, sensores de humedad) en áreas verdes municipales. Capacitación a unidades pertinentes para el mantenimiento y uso adecuado de estos sistemas.";"2025";"2050";"Dirección de Desarrollo Ambiental; Departamento de Gestión Ambiental;  Equipo gestor";"";"";"";"";"";"";"Fondos públicos regionales y municipales: Gobiernos regionales (GORE) y municipalidades pueden destinar recursos para la instalación de sistemas SCALLs (Sistemas de Captación de Aguas Lluvias). Por otra parte, fondos FNDR, Fondo de Protección Ambiental y otros programas sectoriales del Programas y subsidios del Ministerio de Agricultura o Medio Ambiente que apoyan iniciativas de adaptación climática y gestión hídrica urbana. Alianzas público-privadas y cooperación internacional: Convenios con empresas, ONG y organismos internacionales que aportan recursos técnicos y financieros para la implementación y mantenimiento de sistemas de captación. Aportes comunitarios y presupuestos participativos: Involucrar a la comunidad en el cofinanciamiento y mantención, fortaleciendo la gestión local y sostenibilidad del proyecto. Reducción de costos operativos: La captación de aguas lluvias reduce la dependencia de camiones aljibes y redes públicas, disminuyendo gastos municipales recurrentes en abastecimiento hídrico";"";"";"10 sistemas de captación de aguas lluvias instalados al 2027. Progreso de un 20% al 2050 Protocolos de riego eficiente para nuevas áreas verdes, recintos municipales, espacios comunitarios, juntas de vecinos: entrega de información y difusión";"";"Pendiente";"";""
