"ID";"Plan";"Cod";"Nombre Corto";"Eje";"Área";"Medida";"Objetivo";"Descripción";"Tipo de Medida";"Area de aplicación";"Año inicio";"Plazo ejecución";"Responsable";"Colaboradores internos";"Colaboradores externos";"Vinculación normativa";"Adecuaciones Normativas";"Tecnología, infraestructura y recursos necesarios";"Potenciales barreras y obstáculos";"Potenciales fuentes de financiamiento";"Consideraciones de Genero";"Acciones";"Indicador";"Meta";"status";"Tipología Territorial";"Escala Jurisdiccional"
"1";"Alhue";"M-01";;"MIT";"ENE";"Monitoreo integral de la EEL para la acreditación y escalamiento del ""Sello Comuna Energética""";"OE1. Promover la transición hacia una matriz energética local, eficiente y baja en emisiones, impulsando la adopción de energías renovables, junto con el monitoreo continuo de la gestión energética a escala comunal.";"Implementación de un sistema integral de seguimiento, evaluación y reporte de los indicadores de la EEL. Busca garantizar el cumplimiento de las metas trazadas, visibilizar los ahorros en el consumo energético municipal y asegurar la mejora continua en la gestión energética institucional y territorial. El Gestor Energético estructurará el monitoreo anual de consumos bajo las 6 categorías del Ministerio de Energía. Este monitoreo actuará como el ""dossier de evidencias"" vinculante para someterse a evaluación ante la ASE, logrando escalar en los niveles del Sello y habilitando fondos de cofinanciamiento para la comuna.";"PP; SAM";"Comunal";"2026";"2030";"SECPLA; Oficina de Medio Ambiente; Gestor Energético Municipal";"DAF; DOM";"Agencia de Sostenibilidad Energética; Seremi de Energía; AMUR";"Estrategia Energética Local de Alhué, Sello Comuna Energética, Ley Marco de Cambio Climático (MRV de emisiones), Plan Sectorial de Mitigación del Sector Energía, Estrategia Climática de Largo Plazo (ECLP), Certificación SCAM.";"Decreto alcaldicio que formalice las funciones del ""Comité Energético Municipal"" para que asuma también el rol de ""Comité de Certificación"", e incorporación de la obligación de emitir el Reporte Anual de Desempeño Energético.";"Software o plataforma de registro consolidado de consumos municipales, horas- hombre del Gestor Energético para reportabilidad, y apoyo del equipo directivo para garantizar la entrega de información inter-departamental.";"ADM; TEC";"CON; LOC";"El sistema de monitoreo integrará parámetros que aseguren que los fondos apalancados a través del Sello prioricen la disminución de la ""pobreza energética"" y resiliencia en localidades rurales y hogares monoparentales liderados por mujeres";"A1. Reactivación y formalización del Comité Energético como ente certificador. A2. Consolidación de la matriz de monitoreo (MRV) adaptando los indicadores locales a las 6 categorías del Sello. A3. Elaboración y presentación del ""Reporte Anual de Desempeño Energético"" (el dossier de evidencias). A4. Ingreso de antecedentes a la AgenciaSE para la acreditación/escalamiento del Sello y postulación a los fondos.";"Monitoreos ejecutados y Nivel de Sello Comuna Energética obtenido.";"Sistematizar el 100% de la información de consumo al 2026, lograr obtener el ""Sello Comuna Energética"" (Nivel Intermedio) en base a dichas evidencias al 2028, y escalar al Nivel Avanzado al año 2030, apalancando al menos 1 fondo concursable de infraestructura limpia.";"Revisado";"RUR";"COM"
"2";"Alhue";"M-02";;"MIX";"ENE";"Escalamiento de fomento fotovoltaico para riego en la Agricultura Familiar Campesina";"OE1. Promover la transición hacia una matriz energética local, eficiente y baja en emisiones, impulsando la adopción de energías renovables, junto con el monitoreo continuo de la gestión energética a escala comunal.";"Programa de asistencia técnica para masificar la instalación de sistemas solares fotovoltaicos en bombas de riego agrícola, impulsando sistemas Agri-PV que propicie el doble uso de la tierra. Al potenciar los recursos que ya entrega INDAP, se reemplaza el uso de generadores a diésel, reduciendo emisiones y costos operativos para la pequeña agricultura al 2030.";"F";"Rural";"2026";"2030";"DIDECO";"SECPLA; Oficina de Medio Ambiente";"INDAP; CNR; MINAGRI";"Plan Sectorial de Adaptación Silvoagropecuario, Estrategia Hídrica Local (EHL) Alhué, Plan de Gestión Paisaje de Conservación.";"Focalización de las directrices de la Oficina de Desarrollo Económico Local (ODEL) hacia la postulación de proyectos con criterios de energías limpias.";"Paneles fotovoltaicos (off-grid y on-grid), inversores, bombas de agua solares, estructura de soporte, profesionales técnicos formuladores de proyectos.";"ECO; LEG; SOC";"CON; REG; NAC";"Bonificación o priorización en la asistencia técnica a mujeres agricultoras jefas de hogar y usuarios en pobreza energética.";"A1. Identificar déficit tecnológico en usuarios PRODESAL. A2. Formulación técnica y postulación de carpetas a INDAP/CNR. A3. Ejecución, marcha blanca y capacitación de uso.";"Sistemas de riego agrícola operando con energía solar fotovoltaica.";"Instalar y asegurar la operatividad de al menos 20 nuevos sistemas solares fotovoltaicos en la Agricultura Familiar Campesina local al año 2030.";"Revisado";"RUR";"COM"
"3";"Alhue";"M-03";;"MIT";"ENE";"Piloto comunitario para Cooperativa de Energía Ciudadana";"OE1. Promover la transición hacia una matriz energética local, eficiente y baja en emisiones, impulsando la adopción de energías renovables, junto con el monitoreo continuo de la gestión energética a escala comunal.";"Conformación legal de la primera ""Cooperativa de Energía"" comunal, impulsando un proyecto piloto fotovoltaico en sedes comunitarias (ej. sector El Membrillo). Se busca sortear la falta de terrenos privados, inyectando energía a la red o al autoconsumo vecinal.";"IT; PP";"Periurbano / Rural";"2027";"2030";"Asesoría Jurídica; SECPLA";"DIDECO; Oficina de Medio Ambiente";"Agencia de Sostenibilidad Energética; Seremi de Energía; SEC; CGE";"Estrategia Energética Local de Alhué, Ley 21.118 (Generación Distribuida para Autoconsumo), Política Energética Nacional 2050, Programa Parque Solar Comunitario.";"Permisos municipales o entrega en comodato de techumbres de infraestructura pública (sedes sociales, multicanchas) para el emplazamiento del proyecto.";"Profesionales jurídicos (abogados), paneles fotovoltaicos, inversores y medidores bidireccionales, instalación certificada (TE-1/TE-6). | 9 4";"LEG; TEC";"CON; REG";"Reducir la pobreza energética en comunidades rurales asiladas o vulnerables mediante el abaratamiento del costo de la energía.";"A1. Realizar asambleas de capacitación y conformación de estatutos legales. A2. Ceder techo comunitario y diseñar el piloto técnico (ej. El Membrillo). A3. Postular a fondos ASE y ejecutar instalación.";"Conformación de cooperativa energética y capacidad instalada comunitaria (kWp).";"1 Cooperativa de Energía Ciudadana conformada legalmente y 1 planta fotovoltaica piloto comunitaria operando e inyectando energía limpia al año 2030.";"Revisado";"RUR";"COM"
"4";"Alhue";"M-04";;"MIT";"RES";"Red de recolección selectiva y disminución de plásticos comerciales";"OE2. Implementar un modelo de gestión integral y circular de los residuos sólidos a escala territorial, que minimice la disposición final en rellenos sanitarios y reduzca drásticamente las emisiones de metano.";"Implementación de rutas de reciclaje comunitario y fortalecimiento de normativas que prohíban plásticos de un solo uso en comercio local. Al disminuir drásticamente los volúmenes de desecho, se optimizan las rutas del camión recolector, ahorrando consumo de diésel.";"BP; PP";"Urbano / Rural (Centros poblados y comercio local).";"2026";"2030";"Oficina de Medio Ambiente; Dirección de Obras";"ODEL; Oficina de Rentas y Patentes";"Sistemas de Gestión Ley REP; Cámara de Comercio de Alhué; recicladores de base; emprendedores locales de reciclaje";"Ley Marco para la Gestión de Residuos (Ley REP 20.920), Ley de Plásticos de un Solo Uso (21.368), Estrategia Ambiental Comunal";"Formulación de una Ordenanza Municipal que prohíba plásticos de un solo uso en comercios locales y ferias, con sistema de multas.";"Puntos limpios fijos y móviles, contenedores diferenciados, inspectores capacitados para fiscalización de ordenanzas y camiones recolectores adaptados. | 9 6";"ADM; TEC";"CON; LOC; REG";;"A1. Promulgación de Ordenanza restrictiva de plásticos y difusión en el comercio. A2. Habilitación de puntos limpios y rutas de recolección selectiva. A3. Campaña ciudadana sobre economía circular. A4. Proceso de fiscalización y multas.";"Reducción de entrega de plásticos en comercios y porcentaje de reciclaje.";"Aumentar significativamente el tonelaje de reciclaje inorgánico comunal y lograr la reducción de la entrega de plásticos de un solo uso en comercios al año 2030.";"Revisado";"MIX";"COM"
"5";"Alhue";"M-05";;"MDI";"RES";"Elaboración y sistema de monitoreo (MRV) del Plan de Gestión Integral de Residuos Sólidos Domiciliarios";"OE2. Implementar un modelo de gestión integral y circular de los residuos sólidos a escala territorial, que minimice la disposición final en rellenos sanitarios y reduzca drásticamente las emisiones de metano.";"Formulación de un plan estratégico comunal para diagnosticar la generación y establecer metas de reducción y valorización. Incorpora un mecanismo MRV anual para cuantificar las toneladas desviadas del relleno sanitario, apoyando la reducción de GEI y fomentando la economía circular al año 2030.";"PP; SAM";"Comunal";"2027";"2030";"Oficina de Medio Ambiente; Oficina de Aseo y Ornato";"SECPLA";"SEREMI de Medio Ambiente; SUBDERE; GORE RM; Programa HuellaChile";"Estrategia Nacional de Residuos Orgánicos (ENRO), Ley REP (20.920), Plan Sectorial de Mitigación de Salud";"Actualización de la Ordenanza sobre Derechos Municipales (Título V asociado a residuos) o creación de una Ordenanza de Gestión Integral de Residuos.";"Consultoría experta, software o plataforma de registro de emisiones (ej. HuellaChile), encuestadores, balanzas o registros de pesaje";"ECO; SOC; TEC";"LOC; REG; NAC";"Fomentar la participación activa de lideresas vecinales y recicladoras de base en los talleres de diagnóstico y validación comunitaria del Plan.";"A1. Elaborar el diagnóstico de residuos. A2. Formulación y aprobación municipal del PGIRSD. A3. Diseño e implementación de plataforma MRV de tonelajes. A4. Reporte anual a HuellaChile.";"Porcentaje de implementación del Plan de Gestión de Residuos y sistema MRV.";"1 Plan de Gestión Integral de Residuos operando y 1 mecanismo MRV institucionalizado reportando la reducción de GEI comunal anualmente al 2030.";"Revisado";"MIX";"COM"
"6";"Alhue";"M-06";;"MIT";"RES";"Planta de compostaje comunal y red de chipeadoras vecinales";"OE2. Implementar un modelo de gestión integral y circular de los residuos sólidos a escala territorial, que minimice la disposición final en rellenos sanitarios y reduzca drásticamente las emisiones de metano.";"Construcción de infraestructura local para procesar orgánicos y podas agrícolas in situ. Esto previene quemas ilegales, erradica el carbono negro y evita drásticamente emisiones de metano en rellenos y el CO2 derivado del transporte de carga a otras comunas.";"IO";"Comunal";"2027";"2030";"SECPLA; Oficina de Medio Ambiente";"Oficina de Aseo y Ornato; DIDECO";"MMA; INDAP; Juntas de Vecinos; Sector privado";"Estrategia Nacional de Residuos Orgánicos (metas a 2040), Plan Sectorial de Mitigación de Salud (Medida 1: Valorización de Residuos Orgánicos)";"Promulgación de multas severas en Ordenanza Municipal contra quienes ejecuten quemas clandestinas o botaderos ilegales.";"Terreno acondicionado, chipeadoras de alta capacidad, volteadoras para compost, control de lixiviados, palas mecánicas, personal técnico operador. | 1 0 0";"AMB; ECO; TEC";"CON; REG; NAC";"Distribuir el compost final gratuitamente a pequeños agricultores vulnerables de la comuna y mujeres jefas de hogar con huertos, fortaleciendo su seguridad alimentaria.";"A1. Formulación de prefactibilidad y búsqueda de terreno. A2. Postulación a fondos públicos (PMB/FNDR). A3. Adquisición de chipeadoras y construcción de canchas de compostaje. A4. Educación comunitaria y marcha blanca.";"Toneladas de residuos orgánicos y podas valorizadas en origen.";"1 planta de compostaje comunal operativa y una red de chipeadoras evitando las quemas ilegales y valorizando orgánicos in situ al 2030.";"Revisado";"MIX";"COM"
"7";"Alhue";"M-07";;"MIX";"TYM";"Plan de desarrollo de infraestructura ciclo-inclusiva y rutas seguras con arborización nativa";"OE3. Fomentar el cambio tecnológico hacia la electromovilidad y el traspaso modal hacia formas de movilidad activa bajas en emisiones a nivel comunal e intercomunal.";"Construcción de una red de ciclovías y sendas peatonales que incorpora desde su diseño la plantación estratégica de árboles nativos. Esta obra integral fomenta la movilidad activa y segura (libre de emisiones), reduciendo la exposición de los vecinos a accidentes viales y a las altas temperaturas estivales gracias a la provisión de sombra, potenciando a la vez los corredores biológicos locales. Conexiones estratégicas: a) Hacienda Alhué-San Alfonso, b) Ignacio Carrera Pinto-Barrancas de Pichi, c) El Asiento-Talami, d) Estero Carén-Loncha.";"IO; PP; SbN";"Comunal / Rural (Conectividad entre localidades de Alhué)";"2027";"2030";"SECPLA; DOM";"Oficina de Medio Ambiente; Oficina de Inspección y Fiscalización";"MOP; SECTRA; GORE RM; MINVU";"Plan Sectorial de Mitigación y Adaptación (PSMA) Transportes, Estrategia Nacional de Movilidad Sostenible";"Incorporación de esta red en la actualización del Plan Regulador Comunal (PRC) y en el Plan de Inversiones en Infraestructura de Movilidad y Espacio Público (PIIMEP) de Alhué.";"Maquinaria para obras civiles (estabilización/pavimentación), plantas nativas provenientes del vivero municipal, sistemas de riego eficiente o de emergencia para los primeros años, señalética vial reflectante y luminarias solares peatonales.";"AMB; LEG";"REG; NAC";"Las rutas seguras, arborizadas y bien iluminadas benefician de manera directa a mujeres, niños, niñas y personas mayores, quienes son los usuarios más frecuentes del modo peatonal en la ruralidad. Reduce su percepción de inseguridad vial frente a camiones y protege su salud de golpes de calor durante traslados obligatorios.";"A1. Desarrollo de los estudios de ingeniería de detalle y paisajismo (integrando el espacio para raíces y riego). A2. Gestión de servidumbres y permisos con Vialidad MOP. A3. Postulación a fuentes de financiamiento (FNDR/PMU). A4. Ejecución de las obras civiles y forestación. A5. Plan de mantención y riego municipal.";"Kilómetros de infraestructura ciclo-inclusiva arborizada construida.";"Diseñar y construir al menos 5 kilómetros de rutas seguras y ciclo-inclusivas que cuenten con arborización nativa integral al año 2030, conectando localidades rurales estratégicas.";"Revisado";"MIX";"COM"
"8";"Alhue";"M-08";;"MIT";"TYM";"Impulsar la instalación de red de estaciones de carga pública para vehículos eléctricos";"OE3. Fomentar el cambio tecnológico hacia la electromovilidad y el traspaso modal hacia formas de movilidad activa bajas en emisiones a nivel comunal e intercomunal.";"Fortalecer la colaboración y alianzas público- privadas para la implementación de electroterminales en puntos estratégicos de la comuna. Es el requisito habilitante para el recambio paulatino de las flotas municipales (buses), potenciar el transporte privado limpio e impulsar el turismo de bajas emisiones.";"IO";"Urbano (Villa Alhué y centros poblados)";"2027";"2030";"SECPLA; Oficina de Medio Ambiente";"DOM; Oficina de Turismo";"Ministerio de Energía; Agencia de Sostenibilidad Energética; Sector privado";"Estrategia Nacional de Electromovilidad, Estrategia Energética Local (EEL) de Alhué";"Permisos de concesión o uso de Bienes Nacionales de Uso Público (BNUP) para estacionamientos exclusivos de recarga eléctrica.";"Cargadores eléctricos rápidos y semirrápidos, aumento de capacidad en subestaciones locales, señalética vial.";"ECO; TEC";"REG; NAC; PRI";"Asegurar que las estaciones de carga cuenten con diseño de accesibilidad universal e iluminación adecuada para la seguridad nocturna.";"A1. Identificación de sitios fiscales factibles. A2. Firma de convenio público-privado o licitación. A3. Instalación y certificación SEC de los cargadores.";"Estaciones de carga pública operativas";"Habilitar al menos 2 estaciones de carga rápida de acceso público operativas en la comuna al 2030.";"Revisado";"MIX";"COM"
"9";"Alhue";"M-09";;"MIT";"TYM";"Transición a electromovilidad en buses municipales e incentivo privado local";"OE3. Fomentar el cambio tecnológico hacia la electromovilidad y el traspaso modal hacia formas de movilidad activa bajas en emisiones a nivel comunal e intercomunal.";"Reemplazo gradual de vehículos municipales actuales (educación/salud/flotilla municipal) por eléctricos, utilizando la red de carga (M-08). Paralelamente, se podrá promover la formalización de convenios o acuerdos (APL u otros afines) para que el sector minero y agrícola electrifique sus flotas operativas.";"IO; PP";"Comunal";"2027";"2030";"Administración Municipal; SECPLA";"Dirección de Administración y Finanzas; Oficina de Medio Ambiente";"Codelco; Minera Florida; Agencia de Sostenibilidad Energética; GORE RM";"ECLP (Meta 6.4 de transporte público/flotas limpias), PSMA Transportes";"Inclusión de estándares de ""compras públicas sustentables"" y fomento de vehículos de bajo impacto en bases de licitación municipal.";"Adquisición de buses eléctricos, conexión a las estaciones de carga (M16), capacitación técnica a conductores y mecánicos municipales.";"ECO; TEC";"REG; NAC; PRI";"La priorización del reemplazo de los buses escolares y de traslado de pacientes del CESFAM impacta directamente en reducir la exposición a contaminantes locales (material particulado) de niños y adultos mayores.";"A1. Levantar catastro de vida útil de buses actuales. A2. Postular a recambio de flota en GORE/FAR. A3. Firmar mesas de acuerdo con mineras para exigir renovación en sus servicios contratados.";"Porcentaje de buses municipales eléctricos y acuerdos privados.";"Electrificar el 50% de la flota de buses o vehículos de servicio municipal al 2030 y suscribir al menos 2 convenios de reducción de emisiones logísticas con la industria privada local.";"Revisado";"MIX";"COM"
"10";"Alhue";"M-10";;"MIT";"TYM";"Optimización y electrificación de la red de transporte público interurbano";"OE3. Fomentar el cambio tecnológico hacia la electromovilidad y el traspaso modal hacia formas de movilidad activa bajas en emisiones a nivel comunal e intercomunal.";"El municipio liderará la demanda vecinal para rediseñar los recorridos interurbanos (garantizando horarios y frecuencias permanentes) y gestionará subsidios del MTT para integrar progresivamente buses eléctricos interurbanos, desincentivando el auto privado.";"PP; F; IO";"Intercomunal / Regional";"2028";"2030";"Oficina de Inspección y Fiscalización; SECPLA";"DIDECO";"MTT; GORE RM; Operadores de transporte privado; Juntas de Vecinos";"PSMA Transportes (Medida: Electromovilidad - Transporte público regiones), Ley de Subsidio al Transporte Público (NÂ° 20.378)";"Desarrollo de un Plan de Movilidad Local validado por participación ciudadana.";"Mesas técnicas de negociación con el Ministerio de Transportes, infraestructura de recarga de gran capacidad, buses de estándar ""Red"" interurbano.";"TEC";"REG; NAC";"Establecer tarifas rebajadas y coberturas de recorridos matutinos que se ajusten a las necesidades de las mujeres (quienes suelen realizar más viajes de cuidado) y estudiantes, mejorando el acceso equitativo a servicios fuera de la comuna.";"A1. Diagnóstico participativo de necesidades de traslado con DIDECO. A2. Establecer mesa técnica con DTPR (MTT) para rediseño de perímetro de exclusión o subsidios. A3. Adjudicación e implementación progresiva de flota de alto estándar/eléctrica.";"Reducción de emisiones de GEI por transporte público interurbano.";"Establecer un nuevo contrato de subsidio con el MTT que garantice al menos el 70% de la cobertura de horarios críticos comunitarios e introduzca al menos un 20% de flota interurbana eléctrica o híbrida al 2030.";"Revisado";"MIX";"REG"
"11";"Alhue";"M-11";;"MIX";"INF";"Plan de Infraestructura Verde en edificaciones para eficiencia energética";"OE4. Incrementar los sumideros de carbono y reducir el consumo energético local implementando Soluciones Basadas en la Naturaleza (SbN) e infraestructura verde, promoviendo esquemas de compensación de emisiones.";"Implementación de techos, muros verdes y reforestación por núcleos (SbN) en el entorno de edificios públicos e industriales. Actúan como micro-sumideros de carbono y reducen la temperatura local (isla de calor), disminuyendo directamente la demanda de energía estacionaria para climatización.";"IO; SbN";"Urbano (Edificios públicos, educativos o de salud).";"2026";"2029";"SECPLA; DOM";"Oficina de Medio Ambiente";"Ministerio de Energía; Agencia de Sostenibilidad Energética; Seremi Minvu";"Estrategia Energética Local (EEL), Estrategia Climática de Largo Plazo (ECLP), Plan Sectorial de Mitigación de Edificación y Ciudades";"Modificación de las bases de licitación de infraestructura pública para exigir criterios de envolvente térmica verde y paisajismo sustentable";"Especies xerófitas de bajo requerimiento hídrico, sustratos de retención de humedad, sistemas de riego por goteo automatizado, sensores de TÂ° interior/exterior.";"ECO; TEC";"REG; NAC";"Priorizar la infraestructura verde en escuelas y el CESFAM comunal para reducir la exposición de niños, mujeres (principales cuidadoras) y adultos mayores al estrés térmico durante olas de calor.";"A1. Auditoría térmica y estructural a edificios críticos. A2. Diseño de ingeniería y postulación a PMU/FNDR. A3. Ejecución y recepción de obras verdes.";"Superficie de infraestructura verde instalada y ahorro energético.";"Implementar infraestructura verde funcional en al menos 3 edificios públicos estratégicos al año 2029, reduciendo su consumo en energía para climatización en un 15%.";"Revisado";"URB";"COM"
"12";"Alhue";"M-12";;"MIX";"BIO";"Programa integral de restauración ecosistémica y reforestación melífera en corredores biológicos";"OE4. Incrementar los sumideros de carbono y reducir el consumo energético local implementando Soluciones Basadas en la Naturaleza (SbN) e infraestructura verde, promoviendo esquemas de compensación de emisiones.";"Programa de restauración activa y pasiva enfocado en recuperar la biomasa nativa en corredores biológicos mediante el uso de especies melíferas adaptadas a la sequía. Esta Solución Basada en la Naturaleza (SbN) maximiza la captura de CO2, reduce la fragmentación, protege fuentes hídricas y, simultáneamente, asegura el sustento floral para la resiliencia productiva de las cooperativas apícolas locales al 2030.";"PP; SbN";"Comunal / Rural (Áreas degradadas y Paisaje de Conservación)";"2026";"2030";"Oficina de Medio Ambiente";"SECPLA; DIDECO";"ONG Kintu; CONAF; MMA; Proyecto GEF Corredores Biológicos de Montaña";"Contribución Determinada a Nivel Nacional (NDC) en su meta de manejo y recuperación de bosques nativos, Plan Sectorial de Adaptación Silvoagropecuario y alineación directa con la Medida 6 del PARCC de la Región Metropolitana (""Restaurar ecológicamente la";"Inclusión de los corredores biológicos a restaurar como ""Áreas de Protección de Valor Natural"" en la futura actualización del Plan Regulador Comunal (PRC) y el PLADECO.";"Herramientas de Sistemas de Información Geográfica (SIG) para el diseño del corredor, habilitación de banco de semillas y vivero municipal con biotipos locales, sistemas de riego de emergencia y protectores forestales.";"AMB; SOC";"CON; NAC; CIU";"Focalizar geográficamente la restauración en las microcuencas que abastecen a los sistemas de Agua Potable Rural (APR) locales. Al proteger la fuente hídrica mediante SbN, se reduce directamente la vulnerabilidad sanitaria de la comunidad y se alivia la sobrecarga de labores de cuidado (históricamente feminizadas) exacerbadas por la escasez de agua. Vincular la reforestación melífera al rescate de herbolaria y plantas medicinales, saberes tradicionalmente custodiados por mujeres rurales (""huerteras"" y apicultoras), fortaleciendo su autonomía económica.";"A1. Diagnóstico espacial y priorización de áreas de conectividad junto a apicultores. A2. Recolección genética y propagación de especies melíferas en vivero. A3. Ejecución de la plantación mediante técnica de núcleos. A4. Monitoreo plurianual de biomasa, sobrevivencia vegetal y secuestro de carbono.";"Superficie de bosque esclerófilo bajo restauración efectiva y tasa de sobrevivencia vegetal.";"Consolidar la restauración ecosistémica de al menos 20 hectáreas estratégicas con flora melífera nativa, logrando una tasa de sobrevivencia superior al 75% al año 2030.";"Revisado";"MIX";"COM"
"13";"Alhue";"M-13";;"MIT";"BIO";"Sistema de incentivos por servicios ecosistémicos para compensación industrial";"OE4. Incrementar los sumideros de carbono y reducir el consumo energético local implementando Soluciones Basadas en la Naturaleza (SbN) e infraestructura verde, promoviendo esquemas de compensación de emisiones.";"Mecanismo de gobernanza mediante el cual empresas locales de alta emisión o gran demanda energética (minería y agroindustria) financian la creación o mantención de corredores biológicos comunitarios o privados. Permite compensar sus emisiones localmente y asegurar el éxito financiero de los sumideros.";"F; PP";"Comunal / Rural (Interacción público- privada)";"2028";"2030";"Alcaldía; SECPLA";"ODEL; Oficina de Medio Ambiente";"Sector Privado; ASCC; ONG Kintu";"CLP (Sistemas de compensación de emisiones), Acuerdos de Producción Limpia (APL) territorial, Plan de Gestión ""Paisaje de Conservación""";"Elaboración de un reglamento o bases a nivel municipal para la valorización de servicios ecosistémicos y canalización de fondos de Responsabilidad Social Empresarial (RSE).";"Mesas de negociación intersectorial (abogados, técnicos ambientales), mecanismos contables MRV (Monitoreo, Reporte y Verificación) para asegurar que el carbono capturado es real y adicional.";"LEG; SOC";"PRI";"Orientar los corredores biológicos financiados por privados hacia la protección específica de las cabeceras de cuencas que proveen de agua a los Sistemas de Servicios Sanitarios Rurales (SSR/APR) de la comuna, asegurando el recurso vital para la comunidad y aliviando la carga de cuidados asociada a la escasez.";"A1. Levantamiento del portafolio municipal de ""sitios aptos"" para compensación. A2. Firma de Acuerdos de Producción Limpia (APL) territoriales con ASCC y privados. A3. Inyección de fondos privados, ejecución en terreno y reporte anual.";"Financiamiento industrial apalancado y hectáreas nativas bajo mecanismo de compensación.";"Conformar al menos 1 Mesa de Compensación Industrial activa y lograr que la minería/agroindustria financie la mantención efectiva de al menos 1 corredor biológico estratégico como sumidero corporativo al año 2030.";"Revisado";"MIX";"COM"
"14";"Alhue";"A-01";;"ADA";"GSH";"Sistema de monitoreo, reporte y actualización de la Estrategia Hídrica Local (EHL)";"OE1. Garantizar la seguridad hídrica comunal, priorizando el abastecimiento para consumo humano y la mantención de los ecosistemas locales.";"Implementación de una plataforma oficial y revisiones semestrales de los indicadores de la EHL de Alhué. Garantiza la evaluación del cumplimiento de la cartera de proyectos hídricos comunales, transparentando los datos a la ciudadanía y facilitando su actualización obligatoria cada tres años.";"PP; SAM";"Comunal";"2026";"2030";"SECPLA; Oficina de Medio Ambiente";"DIDECO";"ASCC; GORE RM; DGA";"Estrategia Hídrica Local de Alhué (EHL 2024-2034), Plan de Acción Regional de Cambio Climático (PARCC RM)";"Decreto alcaldicio que formalice el funcionamiento y responsabilidades para el seguimiento de la EHL.";"Software de gestión y visualización de datos abiertos (plataforma web), horas hombre (profesionales municipales capacitados en gestión hídrica).";"ADM; TEC";"LOC; REG";"Garantizar que los reportes incluyan variables del acceso al agua en sistemas APR (Agua Potable Rural) liderados por mujeres, reduciendo su vulnerabilidad.";"A1. Designación de equipo responsable. A2. Habilitación de plataforma digital municipal. A3. Generación de informes semestrales de avance.";"Porcentaje de avance y cumplimiento de la EHL";"100% de las medidas de la EHL monitoreadas anualmente y 1 actualización completa del instrumento ejecutada al año 2029.";"Revisado";;"COM"
"15";"Alhue";"A-02";;"MDI";"GSH";"Programa de fiscalización de extracciones irregulares, venta y suministro de agua mediante camiones aljibe";"OE1. Garantizar la seguridad hídrica comunal, priorizando el abastecimiento para consumo humano y la mantención de los ecosistemas locales.";"Establecimiento de un sistema de monitoreo municipal en coordinación con la DGA y Carabineros, para identificar, denunciar y sancionar la extracción ilegal de agua desde cauces o pozos. Regula el mercado de venta y distribución de agua mediante un catastro de camiones aljibe.";"PP; SAM";"Comunal";"2026";"2030";"DOM; Oficina de Medio Ambiente";"Asesoría Jurídica Municipal; Oficina de Emergencias";"DGA; Carabineros; Seremi de Salud";"Código de Aguas (atribuciones DGA), EHL Alhué";"Creación de una Ordenanza Municipal que regule el tránsito y venta de agua de camiones aljibe en la comuna.";"Drones para monitoreo de cauces, vehículos 4x4 para inspectores, inspectores municipales capacitados en normativa hídrica.";"ADM; LEG";"LOC";"Proteger directamente las cuencas que alimentan a los sistemas APR de consumo humano, priorizando la subsistencia de familias rurales vulnerables.";"A1. Promulgación de ordenanza de camiones aljibe. A2. Establecer canal de denuncias seguro. A3. Realizar operativos conjuntos de fiscalización con la DGA.";"Operativos de fiscalización hídrica realizados";"Ejecutar al menos 12 fiscalizaciones integradas anuales y empadronar al 100% de los camiones aljibe que operan comercialmente en la comuna al 2028.";"Revisado";;"COM"
"16";"Alhue";"A-03";;"ADA";"GSH";"Mesa de Gobernanza para Acuerdos de Producción Limpia (APL) Hídrica territorial";"OE1. Garantizar la seguridad hídrica comunal, priorizando el abastecimiento para consumo humano y la mantención de los ecosistemas locales.";"Conformación de una mesa territorial que articule al sector público y privado (minería, viñas y agroindustria). El objetivo es adherir estratégicamente a las empresas locales a un APL Hídrico, fijando metas de eficiencia, recirculación y apoyo comunitario al año 2030.";"BP; PP";"Comunal / Industrial";"2027";"2030";"Alcaldía; SECPLA";"ODEL; Oficina de Medio Ambiente";"ASCC; Codelco; Minera Florida; Sector Privado";"Estrategia Hídrica Local (EHL), Certificado Azul (ASCC)";"Formalización de convenios o memorandos de entendimiento municipal-privado.";"Profesionales facilitadores para mesas de diálogo, estándares de ""Certificado Azul"", auditorías hídricas en las empresas.";"SOC";"NAC; PRI";"Establecer dentro del APL que las empresas cofinancien mejoras de eficiencia hídrica en escuelas o postas rurales (población vulnerable) como medida de compensación territorial.";"A1. Convocatoria a la gran industria de Alhué. A2. Firma del APL Territorial con la ASCC. A3. Implementación de medidas intraprediales por parte de los privados. A4. Auditoría y certificación.";"Empresas locales adheridas al APL y Certificado Azul.";"Lograr que al menos 3 de las grandes industrias de la comuna (ej. mineras, viñas) firmen el APL y certifiquen su reducción de huella hídrica al año 2030.";"Revisado";;"COM"
"17";"Alhue";"A-04";;"ADA";"GSH";"Piloto residencial de captación de aguas lluvias y grises con sistema de copago vecinal";"OE1. Garantizar la seguridad hídrica comunal, priorizando el abastecimiento para consumo humano y la mantención de los ecosistemas locales.";"Piloto municipal para implementar sistemas de reutilización hídrica (aguas grises y lluvia) en viviendas rurales vulnerables. Incorpora un esquema de copago vecinal para garantizar corresponsabilidad, mantenimiento a largo plazo y autonomía hídrica comunitaria frente a la sequía.";"IT; F";"Rural (Comunidades vulnerables/aisladas)";"2027";"2030";"SECPLA; DIDECO";"Oficina de Medio Ambiente; Organizaciones Comunitarias";"GORE RM; SEREMI Salud; Juntas de Vecinos";"EHL (iniciativas de reciclaje de aguas grises), Ley 21.075 (Aguas Grises)";"Aprobación de un reglamento municipal que regule el fondo, las bases de postulación y las cuotas de copago del beneficio.";"Canaletas, bajadas, estanques acumuladores, biofiltros para aguas grises, bombas de bajo consumo, asistencia técnica para la instalación.";"ECO; TEC; ADM";"REG; CIU";"Ponderar con mayor puntaje en las bases de postulación a hogares monoparentales liderados por mujeres (jefas de hogar) rurales, aliviando la carga de conseguir agua de forma manual.";"A1. Diseño técnico e ingeniería del kit domiciliario. A2. Aprobación del reglamento de copago en Concejo. A3. Postulación vecinal y ejecución de obras. A4. Capacitación a las familias en mantención.";"Sistemas hídricos domiciliarios operativos bajo esquema de copago.";"Implementar exitosamente el programa piloto dotando de autonomía parcial a 30 viviendas rurales bajo modalidad de corresponsabilidad al 2030.";"Revisado";;"COM"
"18";"Alhue";"A-05";;"ADA";"GSH";"Transición agroecológica y fomento de cultivos de bajo requerimiento hídrico";"OE1. Garantizar la seguridad hídrica comunal, priorizando el abastecimiento para consumo humano y la mantención de los ecosistemas locales.";"Programa de reconversión agrícola enfocado en la agricultura familiar. Subsidia y entrega asistencia técnica para reemplazar cultivos exóticos o de alta demanda hídrica por especies agroecológicas y de secano, adaptando estructuralmente la matriz productiva a la megasequía.";"FC; F";"Rural (Agricultura Familiar Campesina)";"2028";"2030";"DIDECO";"ODEL; Oficina de Medio Ambiente";"INDAP, Fundación para la Innovación Agraria; CNR";"Plan Sectorial de Adaptación Silvoagropecuario, Plan ""Paisaje de Conservación""";"Focalización de los lineamientos estratégicos de PRODESAL Alhué hacia la agroecología comunal.";"Profesionales agrónomos especializados en agroecología, entrega de semillas/plantines endémicos, sistemas de retención de humedad en suelo (mulch, polímeros).";"SOC; ECO";"NAC; REG";"Priorizar y bonificar a mujeres campesinas en la transición, resguardando saberes tradicionales y calendarios de siembra ancestrales, lo cual asegura su soberanía alimentaria y económica.";"A1. Levantamiento de agricultores interesados. A2. Plan de diseño intrapredial agroecológico. A3. Adquisición y siembra de nuevos cultivos. A4. Acompañamiento comercial desde la ODEL para los nuevos productos.";"Superficie agrícola en transición hacia bajo requerimiento hídrico.";"Reconvertir al menos 15 hectáreas de la pequeña agricultura familiar hacia cultivos de bajo requerimiento hídrico o manejo agroecológico al año 2030, asegurando su resiliencia productiva.";"Revisado";;"COM"
"19";"Alhue";"A-06";;"ADA";"CUL";"Recuperación del museo y espacios de encuentro socioambiental";"OE2. Fortalecer la resiliencia comunitaria mediante la educación socioambiental continua, el rescate intergeneracional del patrimonio biocultural campesino y el codiseño ciudadano de normativas locales.";"Rehabilitación estructural y funcional del museo local y espacios recreativos en localidades rurales. Estas zonas actuarán como refugios climáticos, centros de educación no formal y polos de resguardo de la identidad territorial, facilitando la cohesión comunitaria en torno a la conservación.";"IO; FC";"Comunal";"2026";"2028";"SECPLA; Oficina de Cultura";"DOM; Oficina de Medio Ambiente";"Ministerio de las Culturas, las Artes y el Patrimonio; GORE RM; ONG Kintu";"Plan Municipal de Cultura de Alhué, Plan de Gestión ""Paisaje de Conservación""";"Actualización del PLADECO para priorizar la inversión en infraestructura cultural resiliente.";"Materiales de construcción sustentable, aislación térmica, mobiliario museográfico, profesionales en arquitectura y patrimonio.";"ECO; ADM";"REG; PRI; NAC";"Garantizar que los espacios recuperados cuenten con accesibilidad universal y sean seguros para mujeres, niños y adultos mayores, sirviendo como refugios durante eventos de calor extremo.";"A1. Diseño de arquitectura y especialidades. A2. Postulación a fondos públicos (FNDR/PMU). A3. Ejecución de obras y habilitación museográfica. A4. Apertura a la comunidad con programa de actividades.";"Espacios socioambientales y patrimoniales recuperados y operativos.";"Recuperar y poner en valor operativo el Museo Local y al menos 2 espacios de encuentro socioambiental en sectores rurales al año 2028.";"Con Observaciones";;"COM"
"20";"Alhue";"A-07";;"MDI";"EYD";"Programa escolar transversal de líderes climáticos y cultura responsable";"OE2. Fortalecer la resiliencia comunitaria mediante la educación socioambiental continua, el rescate intergeneracional del patrimonio biocultural campesino y el codiseño ciudadano de normativas locales.";"Intervención curricular integrada de manera transversal en los establecimientos educacionales de la comuna. Empodera a niños y jóvenes como agentes de cambio, insertando contenidos de adaptación, eficiencia hídrica y sustentabilidad en diversas asignaturas, fomentando una identidad de protección ambiental desde la educación formal.";"FC; PP";"Comunal (Establecimientos educacionales)";"2026";"2030";"DAEM";"Oficina de Medio Ambiente";"MINEDUC; MMA";"Estrategia de Desarrollo de Capacidades y Empoderamiento Climático (ACE), Plan Anual de Desarrollo Educativo Municipal (PADEM)";"Incorporación obligatoria de la variable de ""Sustentabilidad y Cambio Climático"" en el PADEM de Alhué.";"Profesionales en pedagogía ambiental, material didáctico contextualizado a la ruralidad de Alhué, horas de planificación docente.";"OTR";"OTR; CON";"Fomentar liderazgos equitativos entre niños y niñas, asegurando que las vocerías de los comités ambientales escolares sean paritarias.";"A1. Capacitación docente en cambio climático. A2. Modificación de los Proyectos Educativos Institucionales (PEI). A3. Inserción de contenidos en asignaturas. A4. Obtención o mejora de certificación SNCAE.";"Establecimientos con currículum ambiental integrado y certificación SNCAE.";"Lograr que el 100% de los establecimientos públicos de Alhué integren el currículum climático de forma transversal y alcancen el Nivel de Excelencia en el SNCAE al 2030.";"Revisado";;"COM"
"21";"Alhue";"A-08";;"ADA";"CUL";"Rescate intergeneracional de saberes campesinos para la resiliencia";"OE2. Fortalecer la resiliencia comunitaria mediante la educación socioambiental continua, el rescate intergeneracional del patrimonio biocultural campesino y el codiseño ciudadano de normativas locales.";"Creación de espacios de diálogo y transferencia práctica de conocimientos entre adultos mayores y juventudes locales. Su objetivo es documentar y aplicar prácticas ancestrales de uso sustentable de tierra y agua, mitigando la pérdida de patrimonio inmaterial y fortaleciendo la resiliencia rural.";"FC; BP";"Comunal";"2027";"2030";"DIDECO";"Oficina de Cultura; Oficina de Medio Ambiente";"Clubes de Adulto Mayor; Unión Comunal; ONG Kintu; INDAP";"Política Nacional de Desarrollo Rural, Plan Municipal de Cultura (Línea de Patrimonio e Identidad)";"Directrices anuales de la DIDECO para asignación de subvenciones a organizaciones sociales.";"Facilitadores comunitarios (sociólogos/antropólogos), equipos de grabación audiovisual (para documentar la memoria oral), transporte para adultos mayores.";"TEC; SOC";"REG; LOC; NAC";"Visibilizar específicamente el rol histórico de las mujeres campesinas (""huerteras"", ""recolectoras"", ""cantoras""), rescatando sus saberes en soberanía alimentaria y herbolaria medicinal.";"A1. Identificación y contacto con adultos mayores cultores. A2. Realización de jornadas de ""encuentro intergeneracional"" (mateadas/talleres). A3. Edición de material documental (libro o video) de saberes locales.";"Participantes en espacios de transferencia intergeneracional y documentos generados.";"Realizar al menos 4 encuentros intergeneracionales masivos al año y generar 1 archivo documental histórico de resiliencia campesina al 2030.";"Revisado";;"COM"
"22";"Alhue";"A-09";;"ADA";"CUL";"Ruta de la memoria patrimonial y educación sustentable";"OE2. Fortalecer la resiliencia comunitaria mediante la educación socioambiental continua, el rescate intergeneracional del patrimonio biocultural campesino y el codiseño ciudadano de normativas locales.";"Diseño e implementación de circuitos interpretativos sustentables (turismo de bajo impacto) que conecten hitos construidos y naturales de Alhué. Incorpora señalética ecológica basada en los saberes rescatados (A- 08), fomentando el arraigo territorial, la conservación del paisaje y la identidad climática.";"IO; FC";"Comunal";"2028";"2030";"Oficina de Turismo; SECPLA";"Oficina de Cultura; Medio Ambiente";"SERNATUR; Consejo de Monumentos Nacionales; ONG Kintu; Cámara de Turismo Local";"Plan de Gestión ""Paisaje de Conservación"", Estrategia Nacional de Turismo Sostenible";"Actualización del Plan de Desarrollo Turístico (PLADETUR) incorporando circuitos resilientes al clima.";"Señalética construida con maderas certificadas o materiales reciclados locales, códigos QR con audios de relatos campesinos, senderos de bajo impacto.";"SOC; OTR";"REG; NAC";"Fomentar que el desarrollo económico derivado de la ruta (guías turísticos, artesanía, gastronomía en los paraderos) beneficie directamente a agrupaciones de mujeres emprendedoras de la comuna.";"A1. Trazado participativo de la ruta con la comunidad. A2. Diseño y fabricación de señalética ecológica. A3. Instalación e inauguración. A4. Capacitación a guías locales sobre la narrativa de la ruta.";"Kilómetros de circuitos interpretativos habilitados y guías capacitados.";"Habilitar 1 Ruta de la Memoria Patrimonial intercomunicando al menos 10 hitos socioambientales críticos y capacitar al menos 10 guías locales al año 2030.";"Revisado";;"COM"
"23";"Alhue";"A-10";;"MDI";"GOB";"Actualización de ordenanzas para el desarrollo sustentable y el buen vivir";"OE2. Fortalecer la resiliencia comunitaria mediante la educación socioambiental continua, el rescate intergeneracional del patrimonio biocultural campesino y el codiseño ciudadano de normativas locales.";"Proceso de co-diseño ciudadano (junto a familias, educadores y jóvenes) para revisar, redactar y actualizar normativas municipales que regulen prácticas sustentables locales. Esta medida consolida institucionalmente la conciencia ambiental generada, reduciendo la vulnerabilidad estructural comunal mediante el cumplimiento de acuerdos sociales obligatorios.";"PP";"Comunal";"2029";"2030";"Asesoría Jurídica; Oficina de Medio Ambiente";"DIDECO; DOM";"Comité Ambiental Comunal; Unión Comunal de Juntas de Vecinos";"SCAM Nivel Intermedio/Excelencia, Ordenanza de Participación Ciudadana de Alhué";"Modificación o creación de ordenanzas ambientales (ej. protección de flora melífera, gestión de residuos, ruidos, protección de quebradas).";"Asesores jurídicos ambientales, espacios para cabildos o asambleas resolutivas, difusión masiva (radios, RRSS).";"LEG; ADM";"LOC";"Asegurar paridad de género y representación de todas las localidades rurales aisladas en las mesas ciudadanas de redacción de las ordenanzas.";"A1. Convocatoria a asambleas de co-diseño normativo. A2. Redacción técnica y jurídica de los borradores. A3. Aprobación en el Concejo Municipal. A4. Marcha blanca y educación ciudadana sobre las nuevas reglas.";"Ordenanzas sustentables co-diseñadas y promulgadas.";"Promulgar al menos 2 nuevas ordenanzas participativas enfocadas en sustentabilidad y buen vivir (ej. protección del paisaje o recurso hídrico) operativas al año 2030.";"Revisado";;"COM"
"24";"Alhue";"A-11";;"MDI";"BIO";"Actualización normativa territorial para la protección de servicios ecosistémicos";"OE3. Proteger, restaurar y revertir la degradación de los ecosistemas terrestres del Paisaje de Conservación de Alhué, implementando Soluciones Basadas en la Naturaleza (SbN).";"Integración de criterios de conservación climática en los Instrumentos de Planificación Territorial (IPT) y ordenanzas locales. Su objetivo es dotar al municipio de herramientas para fiscalizar parcelaciones irregulares y restringir obras en zonas de recarga de acuíferos y alto valor ecosistémico.";"PP";"Comunal (énfasis en áreas de recarga y valor ecológico)";"2026";"2028";"SECPLA; Asesoría Jurídica";"DOM";"SEREMI de Vivienda y Urbanismo; MMA; SAG; GORE RM";"Ley Marco de Cambio Climático (integración en IPTs), Plan Regulador Metropolitano de Santiago (PRMS), Plan ""Paisaje de Conservación""";"Incorporación de áreas de restricción en la elaboración del Plan Regulador Comunal (PRC) y creación de Ordenanza de Protección de Quebradas.";"Sistemas de Información Geográfica (SIG), asesoría jurídica experta en derecho urbanístico y ambiental.";"ADM; POL";"LOC; REG";"Proteger las zonas de recarga de acuíferos asegura indirectamente la continuidad del agua en los sistemas APR, aliviando la carga de conseguir agua manual que recae desproporcionadamente sobre mujeres rurales.";"A1. Levantamiento técnico de zonas de alto valor ecosistémico y recarga. A2. Redacción de ordenanzas y propuestas de modificación de IPT. A3. Aprobación en Concejo Municipal y tramitación sectorial.";"Instrumentos normativos y de planificación actualizados con criterios climáticos.";"Contar con al menos 1 ordenanza operativa de protección de servicios ecosistémicos y/o propuesta de elaboración PRC al 2028.";"Revisado";;"COM"
"25";"Alhue";"A-12";;"ADA";"BIO";"Programa de tenencia responsable de mascotas para resguardo de la fauna silvestre";"OE3. Proteger, restaurar y revertir la degradación de los ecosistemas terrestres del Paisaje de Conservación de Alhué, implementando Soluciones Basadas en la Naturaleza (SbN).";"Programa integral de educación, esterilización masiva y fiscalización de mascotas (perros/gatos). Busca reducir los ataques, el impacto depredador y la transmisión de enfermedades zoonóticas a la fauna silvestre vulnerable, manteniendo el equilibrio ecológico.";"FC; BP";"Periurbano / Rural (Zonas de interfaz con el bosque nativo)";"2026";"2030";"Administración Municipal;Oficina de Medio Ambiente";"DIDECO";"SUBDERE; SAG; ONG Kintu; Agrupaciones animalistas locales";"Ley NÂ° 21.020 de Tenencia Responsable (Ley Cholito), Plan de Gestión Paisaje de Conservación de Alhué";"Modificación de la Ordenanza Municipal de Tenencia de Mascotas endureciendo multas por animales de libre deambular en zonas de amortiguación ecológica.";"Clínicas veterinarias móviles, microchips, lectores de chip para inspectores municipales, jaulas trampas éticas (para captura de asilvestrados coordinado con SAG).";"SOC";"REG; NAC";"La reducción de zoonosis y mordeduras de perros asilvestrados mejora la seguridad en el desplazamiento peatonal de niños/as y mujeres que transitan por senderos rurales.";"A1. Endurecer ordenanza municipal de inspección. A2. Campañas de esterilización y chipeo gratuitas en zonas críticas. A3. Fiscalización y multas por parte de Inspección Municipal. A4. Educación en escuelas.";"Mascotas esterilizadas y fiscalizaciones en zonas rurales.";"Esterilizar al menos al 60% de la población canina/felina de los sectores rurales críticos colindantes a áreas protegidas y realizar 10 operativos de fiscalización anuales al 2030.";"Revisado";;"COM"
"26";"Alhue";"A-13";;"ADA";"BIO";"Banco comunitario de semillas nativas y red de guardianes del patrimonio";"OE3. Proteger, restaurar y revertir la degradación de los ecosistemas terrestres del Paisaje de Conservación de Alhué, implementando Soluciones Basadas en la Naturaleza (SbN).";"Habilitación de un banco de semillas y vivero municipal administrado por ""guardianes"" comunitarios. Su objetivo es salvaguardar genotipos locales (forestales, hortícolas y frutales) adaptados a la escasez hídrica, asegurando el material vegetal para la restauración comunal y la soberanía alimentaria comunitaria.";"SbN; FC";"Comunal";"2027";"2030";"DIDECO";"Oficina de Medio Ambiente";"INIA; INDAP; ONG Kintu; Unión Comunal de Adultos Mayores";"Plan Sectorial de Adaptación Silvoagropecuario, Estrategia Nacional de Biodiversidad";"Incorporación de la Red de Guardianes de Semillas en los programas de subsidio local apoyados por DIDECO.";"Vivero municipal aclimatado (sombreadero), equipos de refrigeración/desecación para el banco de semillas, sustratos, herramientas agrícolas.";"TEC";"CON; LOC; OTR";"Tradicionalmente, la custodia y selección de semillas ha sido un rol femenino campesino (huerteras, curadoras). La medida visibiliza, capacita y entrega recursos directamente a estas mujeres, fortaleciendo su autonomía económica y soberanía alimentaria.";"A1. Identificación y capacitación de cuidadores/guardianes locales. A2. Construcción física del banco de semillas y vivero conjunto. A3. Campañas de recolección en terreno. A4. Intercambio de semillas (trafkintu) y propagación.";"Variedades genéticas conservadas y plantas propagadas";"Resguardar al menos 30 genotipos adaptados al clima local (nativos y alimentarios) y producir 2.000 plantas de bajo requerimiento hídrico anualmente al 2030.";"Revisado";;"COM"
"27";"Alhue";"A-14";;"ADA";"BIO";"Plan de control de especies exóticas y recambio vegetal adaptativo";"OE3. Proteger, restaurar y revertir la degradación de los ecosistemas terrestres del Paisaje de Conservación de Alhué, implementando Soluciones Basadas en la Naturaleza (SbN).";"Ejecución de planes para identificar, controlar y reemplazar progresivamente flora exótica invasora o de alto requerimiento hídrico en áreas verdes municipales, sustituyéndolas por especies del Banco de Semillas local (A-13) de baja demanda hídrica, adaptando el paisaje a la megasequía. Este instrumento podrá servir como iniciativa y modelo de adopción voluntaria en otros entornos más allá del ámbito municipal.";"SbN; BP";"Urbano / Periurbano (Áreas públicas y cursos de agua)";"2028";"2030";"Oficina de Medio Ambiente; Oficina de Aseo y Ornato";"SECPLA";"CONAF; SAG; ONG Kintu";"Estrategia Hídrica Local (EHL) de Alhué, Plan de Acción Regional de Cambio Climático (PARCC RM - Línea de Arborización Eficiente)";"Modificación del Anexo de Áreas Verdes en licitaciones municipales para exigir exclusividad de flora xerófita o nativa local.";"Maquinaria de tala y destronque, plantas cultivadas localmente (A-13), sistemas de riego tecnificado por goteo transitorio, chipeadoras para hacer mulch con las especies extraídas.";"SOC";"REG; NAC; LOC";"Garantizar que el nuevo diseño de áreas verdes xerófitas no genere puntos ciegos (arbustos muy altos) para mantener la visibilidad y seguridad del desplazamiento de mujeres y disidencias en espacios públicos.";"A1. Catastro botánico y cálculo de requerimientos hídricos. A2. Educación y sensibilización vecinal sobre el cambio de estética de la plaza. A3. Extracción de exóticas y preparación de suelo. A4. Plantación de especies de reemplazo y monitoreo de prendimiento.";"Superficie de áreas verdes reconvertidas y ahorro hídrico estimado";"Reemplazar y adaptar al 100% las especies de alto consumo de agua en al menos 3 grandes plazas públicas o bienes nacionales de uso público de la comuna al año 2030, mejorando la seguridad hídrica local.";"Revisado";;"COM"
"28";"Alhue";"A-15";;"ADA";"DES";"Monitoreo y actualización participativa de Instrumentos GRD";"OE4. Reducir la vulnerabilidad de la población frente a amenazas socioambientales mediante el fortalecimiento de la gobernanza institucional, la fiscalización preventiva y el equipamiento de la primera respuesta comunitaria.";"Monitoreo y actualización constante de los planes de emergencia, evacuación y Reducción del Riesgo de Desastres (RRD). Mediante un codiseño con la comunidad, se definirán y señalizarán rutas seguras, zonas de seguridad y albergues frente a inundaciones e incendios forestales.";"PP; SAM";"Comunal";"2026";"2030";"Oficina de Emergencia Municipal";"SECPLA; DIDECO";"SENAPRED; GORE RM; Bomberos";"Ley NÂ° 21.364 (Sistema Nacional de Prevención y Respuesta ante Desastres), Plan Comunal para la RRD (PCRRD)";"Decretos que oficialicen las nuevas rutas de evacuación en el Plan Comunal de Emergencias.";"Sistemas de Información Geográfica (SIG), señalética reflectante y fotoluminiscente para rutas, facilitadores comunitarios.";"TEC";"LOC; REG; NAC";"Las rutas de evacuación y albergues deben codiseñarse considerando la movilidad reducida de adultos mayores y personas con discapacidad, asegurando rampas y accesos universales.";"A1. Mesas territoriales de diagnóstico de riesgo. A2. Trazado técnico de rutas y albergues. A3. Instalación de señalética. A4. Difusión masiva.";"Instrumentos GRD actualizados y localidades señalizadas";"Actualizar el 100% de los instrumentos GRD exigidos por ley y señalizar rutas seguras en al menos 5 localidades rurales críticas al 2027.";"Revisado";;"COM"
"29";"Alhue";"A-16";;"MDI";"DES";"Implementación y fiscalización de ordenanzas municipales preventivas";"OE4. Reducir la vulnerabilidad de la población frente a amenazas socioambientales mediante el fortalecimiento de la gobernanza institucional, la fiscalización preventiva y el equipamiento de la primera respuesta comunitaria.";"Formulación, aplicación y fiscalización de normativas locales para prevenir riesgos socioambientales. Regula estrictamente la obligación de mantener cortafuegos en predios privados y sanciona las quemas no autorizadas para reducir la probabilidad de incendios forestales.";"PP; BP";"Periurbano / Rural";"2026";"2028";"Administración Municipal";"Asesoría Jurídica; Oficina de Medio Ambiente";"CONAF; Carabineros; Juzgado de Policía Local";"Ley de Bosque Nativo, Plan Nacional de Prevención de Incendios (CONAF), PACCC Alhué";"Creación de la ""Ordenanza Municipal de Prevención de Incendios y Cortafuegos"" y actualización de la ordenanza de Medio Ambiente.";"Vehículos para inspectores municipales, drones para detectar quemas ilegales, talonarios de infracción, campaña radial de difusión de multas.";"SOC; ADM";"LOC";"Los incendios en la interfaz urbana afectan drásticamente a las viviendas sociales y asentamientos irregulares. Evitarlos protege directamente el patrimonio de familias vulnerables y mujeres jefas de hogar.";"A1. Redacción jurídica de la ordenanza. A2. Aprobación en Concejo Municipal. A3. Campaña educativa de ""marcha blanca"". A4. Despliegue de patrullajes de fiscalización.";"Ordenanzas promulgadas y fiscalizaciones ejecutadas";"Promulgar 1 nueva Ordenanza de Prevención de Incendios en 2026 y ejecutar al menos 15 operativos de fiscalización anuales en sectores críticos al 2028.";"Revisado";;"COM"
"30";"Alhue";"A-17";;"ADA";"DES";"Programa de fiscalización preventiva del tendido eléctrico comunal y fajas de seguridad";"OE4. Reducir la vulnerabilidad de la población frente a amenazas socioambientales mediante el fortalecimiento de la gobernanza institucional, la fiscalización preventiva y el equipamiento de la primera respuesta comunitaria.";"Programa de inspección municipal del mantenimiento del tendido eléctrico y despeje de fajas de seguridad. El municipio levantará catastros de riesgo y derivará denuncias formales a la empresa eléctrica y a la SEC para prevenir incendios forestales y asegurar la continuidad del suministro ante eventos extremos.";"SAM; PP";"Comunal / Rural (Zonas de interfaz y bosque)";"2026";"2030";"Administración Municipal; Oficina de Emergencia";"Oficina de Medio Ambiente; Asesoría Jurídica";"SEC; CONAF; SENAPRED; CGE";"Plan Comunal de Reducción del Riesgo de Desastres (PCRRD), Ley General de Servicios Eléctricos";"Modificación de la ordenanza de medio ambiente y emergencias para establecer procedimientos claros de levantamiento de actas de riesgo eléctrico en la vía pública.";"Drones para inspección de tendido en zonas de difícil acceso, vehículos 4x4, aplicación móvil o software para registro georreferenciado de denuncias.";"TEC; LEG";"LOC";"Evitar los cortes de energía protege directamente el funcionamiento de los Sistemas Sanitarios Rurales (APR), asegurando el agua potable y aliviando la carga de labores domésticas en escenarios de emergencia para mujeres rurales.";"A1. Levantamiento de puntos críticos mediante patrullaje de inspección. A2. Notificación y mesa de trabajo con la empresa eléctrica local. A3. Derivación de denuncias formales a la SEC por incumplimiento de fajas de seguridad.";"Inspecciones de riesgo eléctrico realizadas y derivadas";"Ejecutar al menos 2 patrullajes preventivos anuales (previo al verano y al invierno) cubriendo el 100% de las rutas críticas, y lograr el despeje efectivo del 80% de las anomalías reportadas al 2030.";"Revisado";;"COM"
"31";"Alhue";"A-18";;"ADA";"DES";"Gestión de portafolio de proyectos para financiamiento en RRD";"OE4. Reducir la vulnerabilidad de la población frente a amenazas socioambientales mediante el fortalecimiento de la gobernanza institucional, la fiscalización preventiva y el equipamiento de la primera respuesta comunitaria.";"Estructuración de un banco de proyectos municipales con rentabilidad social y climática, orientados a apalancar fondos externos (FNDR, PMU, SUBDERE). Busca aumentar el presupuesto local para financiar obras estructurales de reducción de riesgos y resiliencia climática.";"F; FC";"Comunal";"2026";"2030";"SECPLA; Unidad de Licitación y Proyectos";"DOM; Oficina de Emergencia";"GORE RM; SUBDERE; MIDESO; Asociación Chilena de Municipalidades";"Sistema Nacional de Inversiones (SNI), Plan Comunal para la Reducción del Riesgo de Desastres";"Inclusión formal de la cartera de proyectos RRD priorizados en el Plan de Desarrollo Comunal (PLADECO) y en el Presupuesto Municipal anual.";"Profesionales formuladores de proyectos capacitados en financiamiento climático, asesorías de ingeniería para diseño de prefactibilidad, software de evaluación económica.";"ADM; ECO";"NAC; LOC";"Los proyectos priorizados en el portafolio deberán integrar enfoques de vulnerabilidad, asegurando que las obras de mitigación protejan primariamente a las localidades con mayor índice de pobreza multidimensional y aislamiento en la comuna.";"A1. Identificación y priorización de obras de riesgo en la comuna. A2. Diseño de ingeniería y arquitectura de los proyectos. A3. Ingreso de proyectos al Banco Integrado de Proyectos (BIP) o plataformas de SUBDERE. A4. Adjudicación de fondos.";"Proyectos de RRD formulados y fondos externos apalancados";"Contar con un portafolio permanente de al menos 4 proyectos de infraestructura RRD diseñados, y lograr apalancar financiamiento externo para la ejecución de al menos 2 obras mayores al año 2030.";"Revisado";;"COM"
"32";"Alhue";"A-19";;"ADA";"DES";"Fortalecimiento y equipamiento de brigadas comunitarias de primera respuesta";"OE4. Reducir la vulnerabilidad de la población frente a amenazas socioambientales mediante el fortalecimiento de la gobernanza institucional, la fiscalización preventiva y el equipamiento de la primera respuesta comunitaria.";"Programa masivo de capacitación a toda la comunidad en primeros auxilios, RCP, uso de extintores y supervivencia. A partir de esto, se conformarán y equiparán brigadas vecinales preparadas para actuar tempranamente como apoyo logístico y de primera respuesta a Bomberos ante emergencias y desastres.";"FC; BP";"Comunal";"2027";"2030";"DIDECO; Oficina de Emergencia";"Departamento de Salud; DAEM";"Bomberos; SENAPRED; Cruz Roja; Juntas de Vecinos";"Programa CERT (Equipos Comunitarios de Respuesta a Emergencias) de SENAPRED.";"Incorporación del programa de brigadas en el Plan de Capacitación Anual de DIDECO.";"Kits de emergencia comunitaria (radios VHF, extintores, botiquines trauma, herramientas manuales), instructores certificados (salud/bomberos).";"SOC";"REG; LOC";"Fomentar la integración paritaria de mujeres en las brigadas comunitarias, rompiendo estereotipos de género en roles de rescate y emergencia, empoderándolas como líderes de resiliencia barrial.";"A1. Campaña de reclutamiento comunitario. A2. Ciclo de talleres prácticos (RCP, fuego, evacuación). A3. Entrega de kits de emergencia. A4. Simulacros conjuntos con Bomberos.";"Personas capacitadas y brigadas comunitarias operativas";"Capacitar a 200 vecinos en herramientas de supervivencia y conformar/equipar al menos 4 brigadas comunitarias en zonas rurales aisladas al año 2030.";"Revisado";;"COM"
"33";"Alhue";"A-20";;"ADA";"DES";"Creación y puesta en marcha de Unidad/Dirección Municipal de GRD";"OE4. Reducir la vulnerabilidad de la población frente a amenazas socioambientales mediante el fortalecimiento de la gobernanza institucional, la fiscalización preventiva y el equipamiento de la primera respuesta comunitaria.";"Medida a mediano plazo para elevar la actual Oficina de Emergencia a una Unidad o Dirección jerarquizada que unifique la Reducción de Riesgos con la gestión ambiental. Asegurará presupuesto permanente y personal técnico especializado para implementar políticas de resiliencia.";"PP";"Comunal (Estructura interna municipal)";"2028";"2030";"Alcaldía; Administración Municipal";"SECPLA; Dirección de Administración y Finanzas";"SUBDERE; SENAPRED";"Ley Orgánica Constitucional de Municipalidades, Ley 21.364, Ley Marco de Cambio Climático 21.455";"Modificación del Reglamento de Organización Interna (Reglamento Interno) de la Municipalidad y ampliación de la Planta Municipal.";"Presupuesto corriente para contratación de profesionales (ingenieros, prevencionistas, geógrafos), oficinas equipadas, sistemas de telecomunicaciones.";"ADM; ECO";"LOC; NAC";"Establecer criterios de paridad de género en los concursos públicos para la contratación de la jefatura y los profesionales técnicos de la nueva Dirección.";"A1. Estudio de factibilidad técnica y financiera. A2. Presentación y aprobación de modificación de planta/reglamento en Concejo Municipal. A3. Asignación de presupuesto anual. A4. Concurso público e instalación del equipo.";"Nombre del | Unidad GRD formalizada y presupuesto asignado";"Formalizar jurídica y operativamente la nueva Dirección/Unidad de Gestión del Riesgo de Desastres, dotada de al menos 3 profesionales técnicos especializados, al año 2030.";"Revisado";;"COM"
"34";"Alhue";"A-21";;"ADA";"INF";"Evaluación y monitoreo de infraestructura crítica expuesta a riesgos climáticos";"OE5. Asegurar la continuidad de los servicios esenciales y salvaguardar la vida humana mediante el monitoreo, protección y refuerzo resiliente de la infraestructura comunal (vial, sanitaria, hídrica y de emergencia).";"Levantamiento de un catastro geoespacial y programa de evaluación periódica del estado de vulnerabilidad de la infraestructura crítica (caminos, puentes, redes eléctricas). Permite focalizar las inversiones preventivas frente a amenazas de remociones en masa, incendios forestales y temporales.";"SAM; PP";"Comunal";"2026";"2028";"SECPLA; DOM";"Oficina de Emergencia Municipal";"MOP; SENAPRED; GORE RM; Sector Privado";"Plan Comunal para la Reducción del Riesgo de Desastres (PCRRD), Plan Sectorial de Adaptación de Infraestructura";"Incorporación de la variable de ""riesgo climático"" en el Plan de Inversiones en Infraestructura de Movilidad y Espacio Público (PIIMEP) y PLADECO.";"Sistemas de Información Geográfica (SIG), uso de drones para inspección de puentes y quebradas, profesionales topógrafos e ingenieros civiles.";"ADM";"LOC; REG; NAC";"El catastro identificará rutas de evacuación críticas para localidades rurales aisladas, priorizando el mantenimiento de puentes que aseguren el traslado seguro de personas mayores, gestantes y niños en emergencias.";"A1. Levantamiento topográfico y digitalización SIG. A2. Priorización de puntos críticos y mesa de trabajo con MOP/Vialidad. A3. Postulación de cartera de proyectos preventivos.";"Porcentaje de infraestructura crítica evaluada";"100% de la infraestructura crítica vial y de servicios básicos catastrada y con evaluación de vulnerabilidad concluida al año 2028.";"Revisado";;"COM"
"35";"Alhue";"A-22";;"ADA";"INF";"Refuerzo estructural y resguardo de Sistemas Sanitarios Rurales (SSR)";"OE5. Asegurar la continuidad de los servicios esenciales y salvaguardar la vida humana mediante el monitoreo, protección y refuerzo resiliente de la infraestructura comunal (vial, sanitaria, hídrica y de emergencia).";"Ejecución de obras de protección (cortafuegos, soterramiento) y refuerzo estructural en la infraestructura de los SSR (ex APR) frente a sequías e incendios. Asegura fuentes de respaldo y redes de emergencia para garantizar el suministro ininterrumpido de agua potable rural.";"IO";"Rural (Localidades con abastecimiento autónomo)";"2027";"2030";"DOM";"SECPLA; Oficina de Medio Ambiente; DIDECO";"DOH; GORE RM; Comités y Cooperativas de SSR";"Estrategia Hídrica Local (EHL) de Alhué, Ley de Servicios Sanitarios Rurales (NÂ° 20.998)";"Decretos municipales de servidumbre o comodato que faciliten la rápida intervención o ampliación de las zonas de protección de pozos.";"Estanques de acumulación de material ignífugo, tuberías de HDPE soterradas, bombas de extracción de respaldo, construcción de cortafuegos perimetrales.";"AMB";"NAC; REG";"Los cortes de suministro de agua impactan directamente en el aumento del trabajo doméstico y de cuidado no remunerado, históricamente feminizado. Asegurar la resiliencia del APR alivia esta carga en las mujeres rurales.";"A1. Diagnóstico de vulnerabilidad estructural en los comités SSR. A2. Diseño de ingeniería de refuerzo y protección contra incendios. A3. Postulación a fondos DOH/PMB. A4. Ejecución y recepción de obras.";"Sistemas Sanitarios Rurales con obras de resiliencia ejecutadas";"Al menos 70% de los Sistemas Sanitarios Rurales de Alhué cuentan con infraestructura reforzada y autonomía frente a emergencias climáticas al año 2030.";"Revisado";;"COM"
"36";"Alhue";"A-23";;"ADA";"INF";"Modernización y equipamiento de centros operativos de emergencia";"OE5. Asegurar la continuidad de los servicios esenciales y salvaguardar la vida humana mediante el monitoreo, protección y refuerzo resiliente de la infraestructura comunal (vial, sanitaria, hídrica y de emergencia).";"Mejoramiento de la infraestructura física, capacidad logística y dotación tecnológica de los cuarteles de Bomberos y recintos de Carabineros de Alhué. Asegura una primera respuesta rápida, segura y sostenida frente a la propagación de incendios forestales, aluviones y cortes de ruta.";"IO; FC";"Comunal";"2028";"2030";"SECPLA; DOM";"Oficina de Emergencia Municipal;Administración Municipal";"Bomberos; Carabineros; SENAPRED; GORE RM";"Plan Comunal de Emergencias, Política Nacional para la Reducción del Riesgo de Desastres 2020-2030";"Actualización del Plan Anual de Inversiones Municipal para priorizar el cofinanciamiento de equipamiento de primera respuesta.";"Sistemas de radiocomunicaciones redundantes (VHF/UHF), vehículos 4x4 forestales, piscinas de acumulación rápida de agua, Equipos de Protección Personal (EPP) normados.";"ECO; ADM";"REG; OTR; LOC";"Los proyectos de remodelación de infraestructura en cuarteles incluirán obligatoriamente acomodaciones equitativas (baños y dormitorios segregados), fomentando y facilitando la integración de mujeres bomberas y rescatistas en la comuna.";"A1. Levantamiento de brechas de infraestructura y equipamiento con Bomberos/Carabineros. A2. Formulación de proyectos y postulación a FNDR. A3. Adjudicación, compra de equipamiento y ejecución de remodelaciones.";"Cuarteles de respuesta de emergencia modernizados";"El 100% de los cuarteles de Bomberos locales y puntos de control policial logran ser modernizados y equipados para soportar temporadas críticas de emergencias climáticas al 20230";"Revisado";;"COM"
"37";"Alhue";"A-24";;"MIX";"INF";"Piloto y gestión externa de respaldo energético continuo en salud y educación";"OE5. Asegurar la continuidad de los servicios esenciales y salvaguardar la vida humana mediante el monitoreo, protección y refuerzo resiliente de la infraestructura comunal (vial, sanitaria, hídrica y de emergencia).";"Formulación de proyectos para dotar de soporte energético emergente (generadores híbridos, fomentando el uso de sistemas fotovoltaicos) a CESFAM, postas y escuelas. Debido a restricciones presupuestarias municipales a corto plazo, el enfoque inicial será el diseño y apalancamiento de fondos 100% externos, garantizando la operatividad de albergues y centros vitales ante apagones.";"IT; IO";"Comunal";"2028";"2030";"SECPLA; DOM";"Departamento de Salud Municipal; DAEM";"Ministerio de Energía; Agencia de Sostenibilidad Energética; GORE RM; MINSAL";"Plan Sectorial de Mitigación y Adaptación del Sector Energía, Estrategia Energética Local (EEL) de Alhué, Plan Comunal de Salud";"Inclusión formal de requerimientos de autonomía energética en los próximos Planes Anuales de Desarrollo Educativo Municipal (PADEM) y Planes de Salud Comunal.";"Paneles fotovoltaicos (sistemas híbridos on-grid/off-grid con bancos de baterías), grupos electrógenos insonorizados de encendido automático, inversores, certificación SEC TE-4.";"ECO; TEC";"NAC; CON; REG";"Mantener la operatividad del CESFAM y postas resguarda la cadena de frío de vacunas infantiles e insumos críticos, y la habilitación de escuelas como albergues iluminados previene vulneraciones a la seguridad personal de mujeres y niños desplazados durante temporales o incendios.";"A1. Realizar auditorías de carga eléctrica crítica en CESFAM y escuelas seleccionadas. A2. Diseñar la ingeniería de detalle y postular a fondos MIDESO/FAE. A3. Adjudicación, ejecución y puesta en marcha del piloto sin cofinanciamiento municipal directo.";"Proyectos de respaldo energético formulados y/o ejecutados";"Obtener diseño y financiamiento externo para el 100% de los centros críticos (salud) al 2029, logrando la implementación física de al menos un (1) piloto funcional (ej. en el CESFAM principal) con autonomía comprobable al año 2030.";"Revisado";;"COM"
"38";"Alhue";"A-25";;"ADA";"SAL";"Capacitación epidemiológica y control de enfermedades zoonóticas y vectoriales";"OE6. Disminuir los riesgos físicos y psicosociales derivados de los impactos climáticos, fortaleciendo la vigilancia epidemiológica frente a nuevas zoonosis y capacitando a la comunidad y a la red asistencial para una respuesta temprana.";"Facilitar y garantizar el cumplimiento de las capacitaciones obligatorias del MINSAL para el personal de salud sobre enfermedades vectoriales (ej. dengue, hanta, chagas) exacerbadas por el cambio climático. En paralelo, el municipio adoptará una fuerte labor de difusión y sensibilización comunitaria para la prevención e identificación temprana.";"FC; SAM";"Comunal";"2026";"2030";"Departamento de Salud Municipal";"Oficina de Medio Ambiente; DIDECO";"MINSAL; SEREMI de Salud; SAG";"PSA Salud (Medida: Fortalecimiento de la capacidad de respuesta frente a vectores), Reglamento Sanitario Internacional";"Actualización de la Ordenanza Municipal de Zoonosis y Tenencia Responsable.";"Plataformas digitales de capacitación del MINSAL, insumos para toma de muestras en el CESFAM, material de difusión comunitaria.";"TEC; SOC";"NAC; LOC";"Capacitar a las mujeres jefas de hogar y dirigentas vecinales, quienes históricamente gestionan el saneamiento intradomiciliario, convirtiéndolas en monitoras clave para evitar aguas estancadas (criaderos de mosquitos).";"A1. Asegurar la inscripción y participación del personal en cursos MINSAL. A2. Elaborar cápsulas radiales y talleres comunitarios sobre desmalezado y eliminación de aguas estancadas. A3. Reporte oportuno de casos sospechosos a la SEREMI.";"Funcionarios capacitados y campañas de sensibilización vectorial.";"Lograr que el 100% del personal clínico estratégico reciba actualización epidemiológica según norma MINSAL, y ejecutar al menos 3 talleres preventivos comunitarios anuales al 2030.";"Revisado";;"COM"
"39";"Alhue";"A-26";;"ADA";"SAL";"Estructuración y fortalecimiento del programa de asistencia psicosocial ante emergencias y desastres";"OE6. Disminuir los riesgos físicos y psicosociales derivados de los impactos climáticos, fortaleciendo la vigilancia epidemiológica frente a nuevas zoonosis y capacitando a la comunidad y a la red asistencial para una respuesta temprana.";"Estructuración formal, mantención y fortalecimiento de un programa de contención y acompañamiento psicológico para emergencias y desastres en general. Abarca el antes, durante y después del evento, asegurando la actualización constante de información, la habilitación de atención en línea (telesalud/telemedicina) para zonas aisladas o de riesgo, y la difusión de material psicoeducativo hacia la población para fomentar la resiliencia mental comunitaria.";"PP; FC";"Comunal";"2027";"2028";"Departamento de Salud Municipal";"Oficina de Emergencia; DIDECO; Oficina de Comunicaciones";"Mesa Técnica Intersectorial de Salud Mental en GRD; Servicio de Salud Metropolitano";"Plan Comunal de Emergencia, Ley 21.364 (SENAPRED), Plan Sectorial de Adaptación de Salud (Medida NÂ°8 de prestaciones en línea)";"Inserción de un ""Anexo Psicosocial"" vinculante dentro del Plan Comunal para la Reducción del Riesgo de Desastres (PCRRD) y el Plan de Salud Comunal.";"Plataforma digital segura para atención psicológica online (videollamadas/líneas telefónicas exclusivas), repositorio web con información psicoeducativa actualizada, vehículos para despliegue en terreno, psicólogos y trabajadores sociales.";"TEC";"LOC; REG";"Las mujeres, niños/as y personas mayores suelen presentar mayores índices de vulnerabilidad psicológica tras la pérdida de viviendas o medios de subsistencia rural (ej. pérdida de cultivos/animales). La atención (online y presencial) priorizará la contención familiar y evitará el traslado físico innecesario de personas con movilidad reducida.";"A1. Redactar el protocolo oficial de acción psicosocial dividiendo roles para el antes (preparación), durante (contención temprana) y después (seguimiento de trauma). A2. Diseñar, actualizar periódicamente y difundir material psicoeducativo en redes municipales. A3. Habilitar y promover la plataforma de atención psicosocial online/telefónica. A4. Despliegue de los equipos en terreno y/o activación de atenciones virtuales ante la ocurrencia del desastre.";"Protocolo psicosocial estructurado y atenciones (presenciales/online) realizadas.";"Contar con 1 protocolo oficial de asistencia psicosocial estructurado para todas las fases del desastre y habilitar el 100% de la capacidad de atención de salud mental en modalidad online/telefónica para emergencias al año 2028.";"Revisado";;"COM"
"40";"Alhue";"A-27";;"ADA";"SAL";"Promoción de alimentación sostenible y jardines comunitarios saludables (Fase 2).";"OE6. Disminuir los riesgos físicos y psicosociales derivados de los impactos climáticos, fortaleciendo la vigilancia epidemiológica frente a nuevas zoonosis y capacitando a la comunidad y a la red asistencial para una respuesta temprana.";"Fomento de huertos, jardines comunitarios y programas de educación en alimentación sostenible para reducir la vulnerabilidad alimentaria y promover estilos de vida saludables. Se ejecutará como una segunda etapa, estrictamente asociada a la habilitación previa de proyectos de reutilización de aguas grises o captación de aguas lluvias (Medida A-04) para garantizar su viabilidad hídrica.";"BP; FC";"Comunal";"2028";"2030";"Departamento de Salud; DIDECO";"Oficina de Medio Ambiente; DIDECO";"FOSIS; INDAP; INTA; Establecimientos educacionales";"PSA Salud (Medida: Promoción de la alimentación saludable y sostenible), Guías Alimentarias para Chile, Plan Comunal de Promoción de la Salud.";"Focalización de recursos del programa de ""Promoción de Salud"" municipal hacia la mantención de huertos comunitarios e intervenciones en escuelas.";"Conexión a sistemas de riego desde estanques de aguas grises (A-04), semillas, sustrato, herramientas agrícolas menores, nutricionistas y agrónomos (PRODESAL).";"AMB; SOC";"NAC; CON";"Empoderar a grupos de mujeres (tradicionalmente encargadas de las huertas de traspatio) proporcionándoles semillas e insumos que fortalezcan la soberanía alimentaria de sus familias y generen redes de apoyo comunitario.";"A1. Identificar las juntas de vecinos o postas que ya cuentan con reciclaje de agua (Fase 1). A2. Diseño y construcción del huerto piloto comunitario. A3. Talleres de cocina saludable y cultivo con nutricionistas y agrónomos.";"Huertos comunitarios habilitados con agua reutilizada y talleres de alimentación.";"Habilitar al menos 3 huertos comunitarios sostenibles (conectados a sistemas de aguas grises/lluvias) y ejecutar un programa anual de educación en alimentación sostenible al 2030.";"Revisado";;"COM"
"41";"Alhue";"MX-01";;"MIT";"GOB";"Adhesión institucional y reporte continuo en el Programa HuellaChile para certificación de emisiones";"OE1. Institucionalizar la gobernanza climática municipal en Alhué para proteger ecosistemas, impulsar la descarbonización y el desarrollo local.";"Formalización de la inscripción municipal en la plataforma HuellaChile del Ministerio del Medio Ambiente. Permite cuantificar, reportar y verificar anualmente la huella de carbono corporativa. Incluye el diseño de planes de reducción internos para avanzar en la obtención de los sellos de cuantificación, reducción y neutralidad institucional al 2030.";"SAM; PP";"Comunal (Institucional Municipal)";"2026";"2030";"Oficina de Medio Ambiente";"SECPLA; Dirección de Administración y Finanzas";"MMA";"Ley Marco de Cambio Climático, Estrategia Climática de Largo Plazo (Meta de adhesión municipal a HuellaChile), Certificación SCAM";"Decreto alcaldicio que designe responsables técnicos para el levantamiento de datos anuales del inventario corporativo.";"Profesionales capacitados en cuantificación de GEI, uso de la plataforma digital HuellaChile.";"TEC";"LOC";"Conformar el equipo de cuantificación de emisiones municipal asegurando paridad de género, fomentando el liderazgo femenino en la gestión climática técnica.";"A1. Inscripción oficial en plataforma. A2. Recopilación de datos de consumo. A3. Cálculo y verificación del primer inventario. A4. Elaboración de plan de reducción.";"Sellos HuellaChile obtenidos.";"Obtener el sello de ""Cuantificación"" en 2028 y alcanzar el sello de ""Reducción"" al año 2030.";"Revisado";;"COM"
"42";"Alhue";"MX-02";;"MIX";"GOB";"Incorporación de criterios de sustentabilidad y ciclo de vida en adquisiciones municipales";"OE1. Institucionalizar la gobernanza climática municipal en Alhué para proteger ecosistemas, impulsar la descarbonización y el desarrollo local.";"Inserción de criterios obligatorios de eficiencia energética, ahorro hídrico (compras azules) y economía circular en el nuevo ""Manual de Procedimiento de Adquisiciones"". Al ser las compras dependientes de los requerimientos de cada unidad, la medida responsabiliza a cada dirección solicitante de aplicar los criterios climáticos antes de cursar la compra.";"BP; PP";"Comunal (Institucional Municipal)";"2026";"2027";"Dirección de Administración y Finanzas; Administración Municipal";"Todas las unidades requirentes del municipio; SECPLA; Asesoría Jurídica";"ChileCompra; MMA";"Política Nacional de Compras Públicas Sustentables, Certificación SCAM Nivel Excelencia";"Aprobación vía Decreto Alcaldicio del nuevo ""Manual de Procedimiento de Adquisiciones"" incluyendo el anexo de compras verdes.";"Capacitación legal a los formuladores de bases de licitación, bases tipo estandarizadas con ponderación de puntaje por sustentabilidad.";"ECO";"LOC";"Otorgar puntaje adicional en las bases de licitación a proveedores locales que posean el ""Sello Empresa Mujer"" en Mercado Público, fomentando la economía circular femenina en la comuna.";"A1. Redacción del capítulo de sustentabilidad en el nuevo manual. A2. Aprobación y publicación del manual. A3. Capacitación a todas las jefaturas requirentes. A4. Inclusión de los criterios en al menos 3 licitaciones grandes.";"Licitaciones públicas con criterios de sustentabilidad";"Lograr que el 100% de las unidades requirentes apliquen el manual y que al menos el 50% de las compras públicas mayores incluyan criterios de economía circular o eficiencia al 2030.";"Revisado";;"COM"
"43";"Alhue";"MX-03";;"MIX";"GOB";"Actualización climática de la Ordenanza Apícola y certificación sustentable";"OE1. Institucionalizar la gobernanza climática municipal en Alhué para proteger ecosistemas, impulsar la descarbonización y el desarrollo local.";"Modificación de la ordenanza vigente para proteger la flora nativa frente a la tala y la parcelación abusiva (mitigación). La normativa actualizada regulará la carga de colmenas y apoyará la certificación orgánica de cooperativas apícolas locales, asegurando su resiliencia comercial ante amenazas como la sequía.";"PP";"Rural / Áreas de conservación";"2026";"2028";"Oficina de Medio Ambiente";"PRODESAL; ODEL; Asesoría Jurídica";"SAG; Cooperativas Apícolas de Alhué";"Ley Apícola NÂ° 21.489, Plan de Gestión Paisaje de Conservación";"Modificación y promulgación en el Concejo Municipal de la Nueva Ordenanza Apícola con criterios de Cambio Climático.";"Asesoría jurídica y ambiental, sellos de certificación orgánica/Rainforest Alliance para la miel local.";"POL; ADM";"OTR; LOC";"Proteger la actividad apícola resguarda directamente una economía de pequeña escala (agricultura familiar) que es altamente compatible con el trabajo de cuidado y ruralidad femenina.";"A1. Mesa de trabajo con PRODESAL y cooperativas apícolas. A2. Redacción técnica y jurídica de la modificación. A3. Aprobación en Concejo y publicación. A4. Postulación de apicultores a certificación orgánica.";"Ordenanza actualizada y productores certificados";"Contar con la ordenanza apícola climatizada vigente al año 2027 y lograr que al menos 1 cooperativa apícola local obtenga certificación sustentable al 2030.";"Revisado";;"COM"
"44";"Alhue";"MX-04";;"ADA";"BIO";"Modelos cooperativos para el manejo ganadero sustentable en laderas";"OE1. Institucionalizar la gobernanza climática municipal en Alhué para proteger ecosistemas, impulsar la descarbonización y el desarrollo local.";"Capacitación y articulación de arrieros locales en técnicas de pastoreo sustentable, holístico y silvopastoril. Organizar el pastoreo previene la sobrecarga animal extensiva, frena la erosión del suelo, facilita la regeneración natural de la cubierta vegetal e incrementa la infiltración hídrica.";"FC; BP";"Rural (Laderas del Cordón de Cantillana / Paisaje de Conservación)";"2028";"2030";"PRODESAL; ODEL";"Oficina de Medio Ambiente";"ONG Kintu; SAG; INDAP; Agrupaciones de arrieros y ganaderos de Alhué.";"Plan Sectorial de Adaptación Silvoagropecuario, Estrategia Nacional de Desarrollo Rural.";"Incorporación de pautas de carga animal máxima en los planes de manejo apoyados por la ODEL.";"Cercos móviles eléctricos, abrevaderos estratégicos para guiar al ganado, molinos para procesamiento de vaina de espino (quirinca) como forraje suplementario, veterinarios y agrónomos.";"SOC";"NAC; REG; OTR";"Proteger los suelos de la erosión en las cuencas altas asegura la recarga de los pozos APR de las comunidades más vulnerables ubicadas en el fondo del valle.";"A1. Mesa de trabajo y catastro con arrieros. A2. Diseño de plan de pastoreo rotativo. A3. Entrega de insumos (cercos/molinos) a la cooperativa. A4. Capacitación y monitoreo de la regeneración del suelo.";"Ganaderos capacitados y superficie bajo manejo holístico";"Conformar 1 modelo asociativo o cooperativa ganadera con al menos 15 arrieros implementando manejo sustentable en 100 hectáreas de ladera al 2030.";"Revisado";;"COM"
"45";"Alhue";"MX-05";;"MIX";"TRA";"Campaña de posicionamiento ecoturístico ""Alhué"" y circuitos de bajas emisiones desde Santiago";"OE1. Institucionalizar la gobernanza climática municipal en Alhué para proteger ecosistemas, impulsar la descarbonización y el desarrollo local.";"Campaña de imagen que posiciona a Alhué como un ""Destino Regenerativo"". A través de alianzas público-privadas, se diseñarán circuitos e infraestructura para tours (asociado a medida A- 09) desde Santiago utilizando electromovilidad. Esto descarboniza el traslado turístico, conecta los Santuarios de la Naturaleza y provee medios de vida alternativos frente a la sequía.";"FC; PP; IO";"Comunal / Intercomunal (Conexión Santiago - Alhué)";"2029";"2030";"Oficina de Turismo";"SECPLA; Oficina de Medio Ambiente; Oficina de Cultura";"SERNATUR; Cámara de Turismo y Comercio de Alhué; Agencia de Sostenibilidad Energética; Tour Operadores de Santiago";"Plan Sectorial de Adaptación y Mitigación de Turismo, Plan de Desarrollo Turístico (PLADETUR).";"Aprobación del PLADETUR con foco exclusivo en Turismo de Intereses Especiales (TIE) de Bajas Emisiones.";"Red de electrolineras o cargadores eléctricos de acceso público (mencionados en la Estrategia Energética Local), material de marketing digital de alto estándar, guías locales bilingües.";"TEC";"REG; NAC; PRI";"La cadena de valor del turismo rural (gastronomía, artesanía, hospedaje) está altamente feminizada. Posicionar la comuna aumenta directamente los ingresos de agrupaciones de mujeres emprendedoras.";"A1. Diseño de la marca ""Alhué Regenerativo"". A2. Firma de alianzas con operadores de transporte limpio en Santiago. A3. Lanzamiento de la campaña de marketing. A4. Medición de huella de carbono de los turistas.";"Alianzas de transporte limpio y visitantes al ecoturismo local";"Establecer 2 circuitos turísticos oficiales operando 100% con electromovilidad desde Santiago y aumentar en un 20% el flujo de ecoturismo de intereses especiales al año 2030.";"Revisado";;"REG"
"46";"Calera de Tango";"1.1.1";;"MDI";"GOB";"Insertar en el PLADECO la temática de cambio climático";"1. Potenciar las capacidades municipales para la adaptación y mitigación ante el cambio climático";"Incorporar dentro de las líneas del PLADECO el trabajo y planificación elaborada en el presente PACCC.";"PP";;;"2025";"SECPLA";"SECPLA; Unidad de Medio Ambiente";"Consultora externa";"PACCC, PLADECO";;"No aplica";;"LOC";;;"PLADECO actualizado con temática de cambio climático incluida";;"Revisado";;"COM"
"47";"Calera de Tango";"1.1.2";;"MDI";"GOB";"Mejorar y actualizar el Plan de Emergencia";"1. Potenciar las capacidades municipales para la adaptación y mitigación ante el cambio climático";"Actualizar el Plan de Emergencia existente, incluyendo dentro de su contenido la variable de cambio climático para una mejor gestión y preparación ante el riesgo de desastres.";"PP";;;"2025";"Unidad de Emergencia";"Dirección de Gestión del Riesgo de Desastres; Dirección de Aseo, Ornato y Medio Ambiente; Concejo Municipal";"SENAPRED; Bomberos";"Plan de Emergencia comunal, PLADECO";;"SIG";;"LOC; NAC";;;"Plan de emergencia actualizado";;"Revisado";;"COM"
"48";"Calera de Tango";"1.1.3";;"MDI";"GOB";"Incluir criterios de cambio climático en instrumentos de gestión municipal";"1. Potenciar las capacidades municipales para la adaptación y mitigación ante el cambio climático";"Incorporar la variable de cambio climático en la Ordenanza Ambiental municipal y en las licitaciones de compras de productos y servicios.";"PP";;;"2026";"DAOMA; Dirección de Administración y Finanzas";"Dirección de Administración y Finanzas; Dirección de Aseo, Ornato y Medio Ambiente; Direcciones municipales; Encargado Jurídico; Concejo Municipal";;"Ordenanza municipal de protección al medio ambiente, bases de licitaciones actuales";;"No aplica";;"LOC";;;"NÂ° de criterios de cambio climático incluidos en licitaciones; Ordenanza de protección ambiental incluye cambio climático (mediante nuevo título o al menos un artículo dentro de título)";;"Revisado";;"COM"
"49";"Calera de Tango";"1.2.1";;"MDI";"GOB";"Programa de capacitación funcionaria en gestión de riesgo de desastres y cambio climático a nivel local";"1. Potenciar las capacidades municipales para la adaptación y mitigación ante el cambio climático";"Potenciar las competencias internas del municipio para contar con funcionarios informados y empoderados en temáticas sobre cambio climático.";"FC";;;"2026";"DAOMA";"Dirección de Aseo, Ornato y Medio Ambiente";"Academia; centros de investigación; ONGs; Seremi de Medio Ambiente; INDAP; CONAF; Seremi de energía; SENAPRED";"PLADECO, PMG, SCAM";;"No aplica";;"OTR; LOC";;;"NÂ° funcionarios capacitados; NÂ° de talleres y charlas realizadas";;"Revisado";;"COM"
"50";"Calera de Tango";"1.2.2";;"MDI";"GOB";"Ciclo de charlas sobre adaptación y mitigación del cambio climático a nivel local";"1. Potenciar las capacidades municipales para la adaptación y mitigación ante el cambio climático";"Desarrollar un ciclo de talleres, charlas y conversatorios para funcionarios municipales respecto a acciones relacionadas con al menos las nueve áreas temáticas propuestas por la DAOMA.";"FC";;;"2026";"DAOMA";"Dirección de Aseo, Ornato y Medio Ambiente";"Academia; centros de investigación; ONGs; Seremi de Medio Ambiente; INDAP; CONAF; Seremi de energía; SENAPRED";"PLADECO, PMG, SCAM";;"No aplica";;"LOC; OTR";;;"NÂ° funcionarios capacitados; NÂ° de talleres y charlas realizadas";;"Revisado";;"COM"
"51";"Calera de Tango";"2.1.1";;"MDI";"EYD";"Incluir al Plan de Educación de los colegios el cambio climático";"2. Educar a la comunidad para una participación consciente, activa y coordinada ante los desafíos que plantea el cambio climático a nivel local";"Establecer dentro del Plan Anual de Educación de los colegios, talleres extracurriculares que refuercen los conocimientos de los alumnos respecto al cambio climático y sus efectos a nivel local.";"FC";;;"2026";"DAOMA";"Dirección de Aseo, Ornato y Medio Ambiente";"SLEP el Pino; Docentes; Unidades Técnicas Pedagógicas";"Malla curricular de los colegios";;"No aplica";;"OTR";;;"Plan de educación de los colegios incluye materias extracurriculares sobre cambio climático; NÂ° de docentes capacitados en la temática";;"Revisado";;"COM"
"52";"Calera de Tango";"2.1.2";;"MDI";"EYD";"Ciclo de charlas a Unidades Operativas Comunales";"2. Educar a la comunidad para una participación consciente, activa y coordinada ante los desafíos que plantea el cambio climático a nivel local";"Educar a pequeños productores agrícolas, campesinos y sus familias, respecto a los impactos que el cambio climático tiene sobre sus medios de vida y desarrollo local, considerando el alto porcentaje de actividad agrícola de la comuna, con apoyo del programa PRODESAL.";"FC";;;"2027";"Encargado PRODESAL";"Encargado PRODESAL del Departamento de Fomento Productivo; Dirección de Aseo, Ornato y Medio Ambiente";"ASCC; CONAF; Sector Privado";"No aplica";;"No aplica";;"LOC";;;"NÂ° Unidades Operativas Comunales capacitadas; NÂ° de charlas realizadas";;"Revisado";;"COM"
"53";"Calera de Tango";"2.2.1";;"MDI";"EYD";"Campañas de difusión y concientización sobre cambio climático y realidad local";"2. Educar a la comunidad para una participación consciente, activa y coordinada ante los desafíos que plantea el cambio climático a nivel local";"Realizar una campaña anual a través de diferentes medios de comunicación local (página web, radio, boletines, afiches, puntos informativos en colegios, negocios, etc.) respecto a: qué es el cambio climático, cómo afecta a nivel local, qué implicancias tiene a futuro y qué acciones puede tomar la comunidad para aminorar sus impactos.";"FC";;;"2026";"DAOMA; Encargado de Comunicaciones municipal";"Dirección de Aseo, Ornato y Medio Ambiente; Encargado de Comunicaciones municipal";"Sector Privado";"PLADECO, PACCC";;"Medios de comunicación definidos para la medida";;"LOC";;;"NÂ° medios de difusión utilizados; Cumplimiento de las campañas anuales de difusión";;"Revisado";;"COM"
"54";"Calera de Tango";"2.2.2";;"MDI";"EYD";"Fomentar la participación ciudadana";"2. Educar a la comunidad para una participación consciente, activa y coordinada ante los desafíos que plantea el cambio climático a nivel local";"Programar anualmente al menos dos sesiones del CAC para discutir y planificar acciones comunitarias que apunten a la adaptación y mitigación del cambio climático, con el objeto de fortalecer los canales establecidos por el SCAM y dar énfasis al mejoramiento de hábitos y conciencia ambiental dentro de los diferentes actores comunales.";"PP";;;"2027";"DAOMA";"Dirección de Aseo, Ornato y Medio Ambiente; Comité Ambiental Comunal";;"PACCC, SCAM";;"Dependiente de las medidas y acciones que se planteen en las sesiones programadas del CAC";;"LOC; PRI; OTR; CON";;;"NÂ° talleres realizados; Cumplimiento de programaciones anuales; NÂ° iniciativas surgidas desde el CAC";;"Revisado";;"COM"
"55";"Calera de Tango";"3.1.1";;"MDI";"EYD";"Formar monitores para educar sobre ecosistemas locales";"3. Fomentar la recuperación, protección y conservación de los ecosistemas y recursos naturales locales";"Realizar una formación de monitores para educar a la comunidad sobre ecosistemas locales, con especial énfasis en conocimientos sobre el cerro Chena y Lonquén.";"FC";;;"2027";"DAOMA";"Dirección de Aseo, Ornato y Medio Ambiente";;"Plan de acción Pucarás del Maipo";;"No aplica";;"LOC; REG";;;"NÂ° monitores formados";;"Revisado";;"COM"
"56";"Calera de Tango";"3.1.2";;"MDI";"FIS";"Fiscalizar actividades comerciales vinculadas a los ecosistemas locales";"3. Fomentar la recuperación, protección y conservación de los ecosistemas y recursos naturales locales";"Vigilar la recolección, extracción y comercialización de flora autóctona y endémica para detener su reducción.";"BP";;;"2026";"DAOMA";"Dirección de Aseo, Ornato y Medio Ambiente";"PDI; Carabineros; CONAF; SAG; Ciudadania";"Plan de acción Pucarás del Maipo, Ordenanza Ambiental y de Arbolado Urbano";;"No aplica";;"LOC; CON; NAC; MUN";;;"NÂ° de fiscalizaciones realizadas";;"Revisado";;"COM"
"57";"Calera de Tango";"3.2.1";;"MDI";"BIO";"Establecer convenios con la academia";"3. Fomentar la recuperación, protección y conservación de los ecosistemas y recursos naturales locales";"Firmar convenios para el desarrollo de estudios sobre ecosistemas locales, para diagnosticar su cantidad y estado de vulnerabilidad.";"PP";;;"2028";"DAOMA";"Dirección de Aseo, Ornato y Medio Ambiente; Encargado Jurídico";"Academia";"No aplica";;"SIG";;"REG; PRI; OTR";;;"NÂ° convenios firmados; NÂ° estudios realizados";;"Revisado";;"COM"
"58";"Calera de Tango";"3.2.2";;"MDI";"BIO";"Establecer convenios con el sector privado";"3. Fomentar la recuperación, protección y conservación de los ecosistemas y recursos naturales locales";"Generar convenios, donaciones y ejecución de RSE con empresas privadas, para fomentar acciones concretas en pro de la recuperación y conservación de los ecosistemas locales.";"F";;;"2028";"DAOMA";"Dirección de Aseo, Ornato y Medio Ambiente; Encargado Jurídico";"Sector Privado";"No aplica";;"No aplica";;"PRI; LOC";;;"NÂ° convenios firmados; NÂ° intervenciones realizadas";;"Revisado";;"COM"
"59";"Calera de Tango";"3.2.3";;"MDI";"BIO";"Establecer convenio con Asociación de Canalistas del Maipo (ACM)";"3. Fomentar la recuperación, protección y conservación de los ecosistemas y recursos naturales locales";"Establecer convenios con la ACM para diagnosticar el estado de los canales de la comuna y su operatividad comparativa en el tiempo, con apoyo de la academia y otros actores públicos o privados.";"FC";;;"2028";"DAOMA";"Dirección de Aseo, Ornato y Medio Ambiente; Encargado Jurídico";"Asociación de Canalistas del Maipo";"No aplica";;"Estaciones de medición del estado de los canales, SIG";;"PRI; LOC; REG";;;"NÂ° estudios de monitoreo y seguimiento a canales realizados; NÂ° comparaciones temporales realizadas";;"Revisado";;"COM"
"60";"Nunoa";;;"MDI";"GOB";"Programa de actualización de ordenanzas, reglamentos e instrumentos de gestión municipal con participación ciudadana.";"Actualizar de manera participativa, en consonancia con la experiencia cotidiana de las vecinas y vecinos, el cuerpo de herramientas técnicas y jurídicas de las que dispone el municipio para desarrollar sus funciones en materia de gestión Medioambiental, contemplando las últimas actualizaciones de la Ley en la materia.";"Se propone fortalecer y actualizar nuestra normativa comunal conforme a las últimas modificaciones proporcionadas por el ingreso de nuevos cuerpos legales en materia de medioambiente, contemplando la necesidad de adaptar la gestión municipal a los nuevos desafíos que presenta el cambio climático.";"PP";;;"Mediano plazo";;;;;;;;"LOC";;;;;"Revisado";;"COM"
"61";"Nunoa";;;"MDI";"GOB";"Programa de Asambleas Comunales de Medioambiente.";"Institucionalizar la figura anual de una asamblea de medioambiente, en el día del medioambiente, como forma deliberativa de la sociedad civil para proponer, diseñar y articular planes, proyectos, programas y acciones de ejecución conjunta con el municipio en temáticas medioambientales.";"Se pretende estimular la gestión medioambiental desde un sentido de deber ciudadano para con la comuna a través de la apropiación de instancias de trabajo y coordinación vinculantes entre municipio y miembros de la sociedad civil de manera abierta.";"PP";;;"Corto Plazo";;;;;;;;"LOC";;;;;"Revisado";;"COM"
"62";"Nunoa";;;"MDI";"GOB";"Programa de inserción municipal dentro de programas de certificación nacionales e internacionales.";"Incrementar la capacidad municipal para cumplir con estándares nacionales e internacionales en materia de gestión sostenible de recursos.";"Se estimular una transformación interna, a nivel municipal, para adaptar sus componentes estructurales y su orgánica a modelos de gestión sostenible, por medio de la incorporación del municipio en diferentes instancias de certificación y medición como Smart City Chile y WWF entre otros.";"PP; FC";;;"Largo Plazo";;;;;;;;"LOC; OTR";;;;;"Revisado";;"COM"
"63";"Nunoa";;;"MDI";"GOB";"Instalar comités ambientales en las unidades vecinales de la comuna.";"Apoyar en la organización y articulación de una red organizada de actores vecinales, capaces de identificar problemáticas e ideas soluciones, con capacidad para postular a fondos y alinearse a la gestión municipal en materia de medioambiente.";"Se pretende avanzar hacia el fortalecimiento de una red institucional de vecinas y vecinos dentro del todo el territorio con la autonomía necesaria para abordar y solucionar situaciones medioambientales con el apoyo y asesoría de la municipalidad.";"PP";;;"Mediano plazo";;;;;;;;"LOC";;;;;"Revisado";;"COM"
"64";"Nunoa";;;"ADA";"GSH";"Programa de gestión Matriz Hídrica Municipal.";"Conforme a los datos de consumo municipal, tanto de sus dependencias como de sus puntos de riego en áreas verdes, construir un piloto de matriz hídrica para el control del uso del recurso. A fin de disminuir el consumo global municipal de agua.";"Se plantea, establecer un control minucioso del consumo de agua municipal en sus distintos puntos, estableciendo medidas de mitigación para aquellos en donde se detecte sobreconsumo, uso irregular u otra situación que no se alinea al objetivo de utilización sostenible del recurso. Se pretende ampliar esta matriz a colegios municipales y sedes vecinales.";"BP; SAM";;;"Corto Plazo";;;;;;;;"LOC; OTR";;;;;"Con Observaciones";;"COM"
"65";"Nunoa";;;"MIT";"ENE";"Programa de reducción municipal de consumo de energías fósiles";"Se busca mejorar la infraestructura municipal por medio de la implementación de una serie de adaptaciones tales como: 1) Instalación de paneles solares en todas sus dependencias. 2) Impermeabilización de oficinas e instalación de mecanismos de calefacción basados en energías renovables. 3) Reducción de flota vehicular con base en consumo de diésel o petróleo y aumento de flota con base en consumo electro o híbrido.";"Se busca reducir directamente la huella de carbono municipal en su gestión cotidiana. Se pretende ampliar esta medida a colegios municipales y sedes vecinales.";"IO";;;"Largo Plazo";;;;;;;;"LOC; OTR";;;;;"Revisado";;"COM"
"66";"Nunoa";;;"MIT";"ENE";"Programa de Apoyo a la obtención de Energías Renovables";"Se compromete la gestión de convenios con productores sostenibles expertos en energías renovables, para ofrecer facilidades a las vecinas y vecinos en la instalación de paneles fotovoltaicos y otras alternativas de ahorro energético domiciliario, con el fin de estimular el aporte vecinal a la matriz energética comunal.";"Se pretende formar alianzas y convenios con expertos para lograr facilitar la implementación mecanismos de ahorro con base en energías renovables a los vecinos de la comuna. Se pretende ampliar esta matriz a colegios municipales y sedes vecinales.";"F";;;"Largo Plazo";;;;;;;;"LOC; OTR";;;;;"Revisado";;"COM"
"67";"Nunoa";;;"ADA";"GSH";"Evaluación de Compra de Derechos de Agua para uso y rehabilitación de napas y canales.";"Evaluar acciones que permitan la rehabilitación de cursos de agua y napas comunales.";"Se plantea evaluar la compra de derechos de agua del Canal San Carlos para la articulación de procesos de rehabilitación de cursos de agua y napas dentro de la comuna. Se pretende ampliar esta matriz a colegios municipales y sedes vecinales.";"F; SbN";;;"Largo Plazo";;;;;;;;"LOC; OTR";;;;;"Revisado";;"COM"
"68";"Nunoa";;;"MIT";"INF";"Programa de implementación y acondicionamiento de Ciclovías comunales";"Se pretende aumentar la posibilidad de uso de medios de transporte no contaminantes a partir de la implementación de nuevas ciclovías y reacondicionamiento de aquellas que se usan en la actualidad";"Se pretende ampliar los km de ciclovía para dotar a la comuna de mayores facilidades para transporte no contaminante.";"IO";;;"Largo Plazo";;;;;;;;"LOC; OTR";;;;;"Revisado";;"COM"
"69";"Nunoa";;;"MIT";"TYM";"Implementación de transporte comunal gratuito para vecinas y vecinos eléctrico.";"Se incentivar el uso de medios de transporte sin emisiones de co2, con facilidad para que las vecinas y vecinos de la comuna puedan desplazarse sin necesidad del uso de automóvil o locomoción colectiva no adaptada al cambio climático.";"Compra o licitación de flota de vehículos de transporte urbano eléctrico.";"IO";;;"Largo Plazo";;;;;;;;"LOC; OTR";;;;;"Revisado";;"COM"
"70";"Nunoa";;;"ADA";"INF";"Implementación de puntos de recaptación de aguas lluvias a nivel comunal.";"Implementar medidas para la recaptación de aguas lluvias en bien nacional de uso público para aprovechamiento del recurso hídrico, así como la experimentación con la irrigación de canales secos dentro de la comuna, con el fin de reabastecer napas subterráneas.";"Se pretende implementar medidas de reabastecimiento de suelos e instalación de infraestructura destinada a la recaptación de agua. Esta medida contempla el incentivo de pilotos en cedes vecinales y colegios.";"IO";;;"Largo Plazo";;;;;;;;"LOC; OTR";;;;;"Revisado";;"COM"
"71";"Nunoa";;;"ADA";"DES";"Programa de despeje y rehabilitación de infraestructura crítica comunal";"Implementar acciones de detección e intervención de puntos de conflicto entre basura aérea, cámaras de seguridad, red eléctrica y otros servicios y arbolado urbano.";"A partir del diagnóstico municipal proporcionado por seguridad ciudadana, alumbrado público y la ciudadanía, se pretende trabajar en conjunto con empresas de servicios para optimizar la relación entre nuestra infraestructura urbana critica en caso de desastres naturales y nuestro arbolado urbano.";"BP";;;"Corto y mediano plazo";;;;;;;;"LOC; OTR";;;;;"Revisado";;"COM"
"72";"Nunoa";;;"ADA";"DES";"Mesa comunal de gestión y prevención de desastres.";"Establecer planes comunales acotados a sectores socialmente comprometidos para prevención, control e intervención en caso de desastres naturales.";"A partir del diagnóstico municipal proporcionado por seguridad ciudadana, alumbrado público y la ciudadanía, se pretende trabajar articular una mesa de trabajo con participación ciudadana para la elaboración de Planes, programas y protocolos de intervención y subsanación de condiciones de riesgo en sectores de la comuna comprometidos.";"PP";;;"Corto y mediano plazo";;;;;;;;"LOC; OTR";;;;;"Revisado";;"COM"
"73";"Nunoa";;;"ADA";"VER";"Diseño de Plan Director de Arbolado Urbano";"Considerando que la fortaleza comunal para disminuir nuestras emisiones se relaciona directamente con la conservación y el incremento de nuestro patrimonio arbóreo, se plantea como objetivo establecer bases técnicas y alianzas estratégicas con universidades, Estado y otros municipios de la región, para elaborar un plan de arbolado urbano de largo plazo que se oriente a: 1) Incrementar el número de plantaciones anuales, con foco en sectores identificados como zonas de calor. 2) Selección de especies que reúnan los criterios, en términos de maximizar beneficios ecosistémicos con bajo recurso hídrico de mantenimiento, resistencia a la presencia de insectos y otros vectores, entre otros.";"El incremento y la planificación del proceso de incorporación de nuevos individuos, así como su elección, se comprende como una labor altamente técnica y científica, la que debe dialogar a la vez con la experiencia de un hábitat urbano, las más de las veces, poco adaptativo. Por esta razón, se han iniciado procesos de acercamiento a la academia y a la experiencia de otros municipios para rescatar lecciones y articular, en base a la información contenida en el catastro de arbolado un Plan Director que Impulse el incremento del patrimonio arbóreo.";"PP";;;"Largo Plazo";;;;;;;;"LOC; OTR";;;;;"Revisado";;"COM"
"74";"Nunoa";;;"ADA";"VER";"Creación de un catastro de áreas verdes y zonas de intervención con paisajismo táctico.";"Se pretende diagnosticar el estado de las áreas verdes comunales con criterios de actualización de tecnologías para enfrentar el cambio climático con: 1) Incremento de riego tecnificado. 2) Evaluación de nuevas especies con criterio de bajo requerimiento hídrico. 3) Habilitación de puntos de hidratación. 4) Investigación y desarrollo vecinal de nuevos espacios verdes. 5) Articulación vecinal para creación de jardines sustentables en puntos críticos de desecho de residuos domiciliarios.";"Se pretende avanzar desde un modelo centrado en la mantención del área verde a uno dinámico que incorpora actores desde la sociedad civil en un proceso de investigación, desarrollo y aplicación de nuevas técnicas de creación de estos espacios, así como su uso para soluciones contingente frente a diversas problemáticas sanitarias.";"SAM; PP";;;"Largo Plazo";;;;;;;;"LOC; OTR";;;;;"Revisado";;"COM"
"75";"Nunoa";;;"MIX";"RES";"Crear y disponibilizar un catastro de proveedores sostenibles certificados.";"Estimular y apoyar el desarrollo de redes de proveedores de servicios y bienes acreditados como sostenibles y su identificación por parte de la ciudadanía, a través de alianzas e incentivos por medio de nuestra tarjeta vecino.";"Se pretende estimular el aumento de la exigencia por parte de los consumidores hacia los productores, tomando como eje el carácter sostenible de la producción de sus insumos. Asimismo, se pretende difundir y desmitificar la exclusividad de este tipo de mercados.";"PP; F";;;"Largo Plazo";;;;;;;;"LOC";;;;;"Revisado";;"COM"
"76";"Nunoa";;;"MDI";"RES";"Impulsar eventos y ferias de emprendimiento verde a nivel comunal";"Estimular y apoyar el desarrollo de emprendimientos sostenibles dentro de la comuna, a través de plataformas de difusión municipal y actividades afines.";"Se pretende estimular un mercado local sostenible de productores, que permita ampliar la oferta de bienes y servicios creados a partir de una perspectiva carbono neutral.";"BP";;;"Largo Plazo";;;;;;;;"LOC; OTR";;;;;"Revisado";;"COM"
"77";"Nunoa";;;"MIT";"RES";"Establecer alianzas con proveedores para la reutilización de residuos no contemplados en la actualidad por la Ley REP";"Aumentar la oferta de residuos susceptibles de ser reciclados a nivel comunal";"Si bien la Ley REP ha designado a los GRANSIC para ejecutar el servicio de recolección de residuos susceptibles de ser reciclados, esta aun no avanza hacia la recolección de la totalidad de todos los materiales. En esta línea, se pretende generar convenios de recolección con proveedores para maximizar el potencial de recuperación de residuos a nivel comunal.";"F; BP";;;"Largo Plazo";;;;;;;;"LOC; OTR";;;;;"Revisado";;"COM"
"78";"Nunoa";;;"MDI";"RES";"Crear un Programa de educación ambiental con apoyo de diversos actores de la sociedad civil.";"Maximizar la capacidad educativa comunal en materia de medioambiente.";"Se busca crear un programa de educación y difusión de contenido medioambiental que permita identificar: 1) Contenidos relevantes. 2) Focos y audiencias. 3) Relatores o facilitadores dentro de la red comunal. 4) Plataformas de difusión. Que permita un intercambio de conocimientos y acciones en la materia, además de propiciar el apoyo institucional a las acciones más relevantes.";"FC";;;"Largo Plazo";;;;;;;;"LOC; OTR";;;;;"Revisado";;"COM"
"79";"Nunoa";;;"MDI";"RES";"Laboratorio de Iniciativas Sociales sostenibles";"Se plantea la necesidad de apoyar ideas de todo orden de escala e impacto emanadas de la sociedad civil en materia de resolución de problemáticas medioambientales, con apoyo municipal en todas sus etapas y estados de desarrollo";"Apoyar el desarrollo de la iniciativa local para la resolución de problemas medioambientales, mediante la asesoría, apoyo en la captación de recursos y la puesta en práctica de ideas que se alinean a la misión de este plan.";"FC";;;"Largo Plazo";;;;;;;;"LOC; OTR";;;;;"Revisado";;"COM"
"80";"Nunoa";;;"MDI";"FIS";"Crear Unidad de fiscalización Municipal de Proyectos comunales";"Fortalecer la institucionalidad municipal para abordar de manera transversal y sostenible los impactos asociados gestión de proyectos urbanos, proponiendo mejores condiciones de compensación en las resoluciones de calificación de impacto ambiental, así como apoyar a la organización ciudadana para la defensa de su patrimonio natural y social.";"Se plantea la relevancia de crear una oficina municipal que oficie como contraparte municipal y de la ciudadanía ante el Servicio de Evaluación Medioambiental y las empresas que proponen proyectos urbanísticos en Ñuñoa, con el fin de asegurar y garantizar un estándar sostenible en la implementación, como en la generación de medidas compensatorias por causa de externalidades e impactos asociados a su construcción.";"PP";;;"Corto Plazo";;;;;;;;"LOC";;;;;"Revisado";;"COM"
"81";"Vitacura";"1.1.";;"MIT";"RES";"Potenciar el sistema de reciclaje inorgánico comunal.";;"Fortalecimiento continuo del sistema de reciclaje inorgánico domiciliario, aumentando la adherencia de los vecinos; mejorando la gestión de residuos en las dependencias municipales y aumentando la usabilidad del punto limpio comunal. Para ello, se impulsarán diversas acciones comunicacionales y educativas dirigida a vecinos y funcionarios municipales, con el objetivo de aumentar el reciclaje inorgánico comunal.";"FC";;;"2030";"DMAO";"DSI";"Empresa ReSimple";;;;"OTR; SOC";"LOC";;;"% de residuosinorgánicos reciclados";"15%";"Revisado";;"COM"
"82";"Vitacura";"1.2.";;"MIT";"RES";"Potenciar el sistema de reciclaje orgánico domiciliario.";;"Promoción y expansión del sistema de reciclaje orgánico, ampliando la participación ciudadana y la cantidad de residuos reciclados mediante diversas estrategias como, la valorización de ramas y podas, campañas educativas y de sensibilización, así como la entrega de kits de compostaje a hogares, comercios y establecimientos educacionales. Todo ello, con el objetivo de aumentar el reciclaje orgánico a nivel comunal.";"BP";;;"2030";"DMAO";"DSI; Dirección de comunicaciones";"Empresa gestión de residuos";;;;"ECO; SOC; TEC";"LOC";;;"% de residuos orgánicos";"8%";"Revisado";;"COM"
"83";"Vitacura";"1.3.";;"MIT";"RES";"Mercado sustentable.";;"El Mercado Sustentable es una actividad mensual que conecta a la comunidad con emprendedores y organizaciones dedicadas a la economía circular. Ofrece una experiencia integral y consciente, donde se reciben residuos difíciles de reciclar -no aceptados en puntos limpios convencionales- y se promueven hábitos sustentables. Además de reciclar, tiene como objetivo informar y educar a los visitantes sobre acciones clave para el medio ambiente como reducir, reparar, reutilizar y regenerar.";"BP; FC";;;"2030";"DSI";"DMAO; Dirección decomunicaciones";"Empresa productora";;;;"SOC";"LOC";;;"% de visitas anual";"30%";"Revisado";;"COM"
"84";"Vitacura";"2.1.";;"MIT";"TYM";"Sistema de ciclo-movilidad compartido (Tres comunas).";;"Consolidar un sistema de transporte integrado, accesible y sustentable que facilite la conexión entre distintos modos de transporte, con el objetivo de incentivar la movilidad activa y el uso del transporte público. Esto permitirá promover desplazamientos seguros y de bajas emisiones, fortaleciendo la movilidad intercomunal.";"IO";;"2026";"2030";"SECPLA";"DAU Tránsito y Transporte Público; Seguridad Pública";"DTPM, GORE, Empresasprivadas, otras Municipalidades";;;;"SOC; ADM; TEC";"OTR";;;"% de aumentoen viajes enciclos";"10%";"Revisado";;"COM"
"85";"Vitacura";"2.2.";;"MIT";"TYM";"Red de ciclovías y pasarelas ciclos y peatones.";;"Consolidar una red integral de 47 km de ciclovías y pasarelas interconectadas, priorizando la conexión entre áreas residenciales, centros educativos, estaciones de transporte público y zonas comerciales, en concordancia con el Plan de Ciclovías y el Plan de Pasarelas. El objetivo es desincentivar el uso de vehículos impulsados por combustibles fósiles.";"IO";;;"2030";"DAU; SECPLA";"DOM; Dirección deTránsito";"MINVU; MTT; GORE RM; desarrolladores inmobiliarios; consultores externos";;;;"ADM; SOC";"OTR";;;"% de redconstruida deciclovías";"50% (25 kmtotal)";"Revisado";;"COM"
"86";"Vitacura";"2.5.";;"MDI";"TYM";"Campaña de comunicación movilidad sostenible.";;"Campaña de sensibilización sobre movilidad sostenible dirigida a los vecinos de Vitacura, cuyo objetivo es promover prácticas, técnicas y alternativas de transporte sustentable, como la movilidad activa, el uso de bicicletas, el transporte público y los vehículos eléctricos. La iniciativa busca fortalecer la conciencia ambiental, desincentivar el uso de vehículos a combustión y fomentar una participación activa de la comunidad en la construcción de una ciudad más limpia, eficiente y sustentable.";"FC";;;"2027";"DSI";"DAU; Dirección de comunicaciones";"MINVU; MTT; GORE RM; Startups; Consultores externos";;;;"ECO; SOC; TEC";"LOC; REG";;;"NÂ° de actividadeseducativas";"10 actividades";"Revisado";;"COM"
"87";"Vitacura";"3.1.";;"ADA";"VER";"Plan Director de Arbolado Urbano.";;"Implementación gradual de un plan de arborización en islas de calor urbanas (ICU) dentro del espacio público, con el objetivo de mitigar las altas temperaturas mediante la generación de sombra. Esta iniciativa también busca reducir la contaminación ambiental y acústica, retener el material particulado en suspensión y fomentar la biodiversidad, además de aportar valor estético al entorno. En conjunto, estas acciones contribuyen significativamente a mejorar la calidad de vida de la población.";"SbN; PP";;"2024";"2030";"DMAO";"DSI; DINC; Dirección de Tránsito";;;;;"AMB";"LOC";;;"Nuevos árbolesplantados entre2024-2030";"3000 árboles";"Revisado";;"COM"
"88";"Vitacura";"3.2.";;"ADA";"BIO";"Certificación de jardines biodiversos.";;"La certificación de jardines biodiversos promueve prácticas de manejo sustentable, respaldadas por evidencia científica, que buscan potenciar la biodiversidad en jardines privados, balcones y terrazas de la comuna. A través de asesorías y actividades de sensibilización, se invita a los vecinos a contribuir desde sus propios espacios a la conservación de la flora y fauna nativa, fomentando la conciencia ambiental y consolidando un movimiento ciudadano de embajadores de la biodiversidad. El objetivo es convertir cada jardín en un refugio para la naturaleza, integrando a la comunidad en la protección del entorno local.";"SbN";;"2024";"2030";"DSI";"DMAO";"Organismo Certificador; Jardín Botánico Chagual";;;;"SOC; TEC";"LOC";;;"NÂ° de hogarescertificados";"120certificaciones";"Revisado";;"COM"
"89";"Vitacura";"3.3.";;"ADA";"VER";"Implementación corredores biológicos.";;"Recambio de vegetación en áreas verdes mediante la incorporación de especies de bajo consumo hídrico, junto con la creación de corredores biológicos como parte del Plan de Infraestructura Verde. Estas acciones buscan adaptar los espacios públicos al cambio climático, optimizar el uso del agua e incorporar biodiversidad, conectando distintas áreas verdes y proporcionando refugio y alimento a insectos y aves. De esta forma, se fortalece la resiliencia urbana mediante soluciones basadas en la naturaleza, garantizando la continuidad de los procesos ecológicos y la diversidad biológica.";"SbN";;;"2030";"SECPLA; DMAO";"DSI; DINC; Dirección de Tránsito";;;;;"ECO; SOC";"LOC";;;"NÂ° de Corredoresbiológicosejecutados";"7 corredores";"Revisado";;"COM"
"90";"Vitacura";"3.4.";;"ADA";"VER";"Educación a la comunidad sobre cuidado y mantención de áreas verdes.";;"Las actividades educativas, como talleres prácticos, recorridos interpretativos y proyectos participativos, tienen como objetivo fomentar la conciencia ambiental y fortalecer el vínculo de las comunidades con la naturaleza en entornos urbanos. A través de estas experiencias, se busca promover colectivamente un futuro más verde, resiliente y comprometido con la sostenibilidad.";"FC";;;"2030";"DSI";"DMAO";;;;;"TEC";"LOC";;;"NÂ° de actividades educativas con intervención comunitaria en plazas y parques realizadas en la comuna";"20 actividades";"Revisado";;"COM"
"91";"Vitacura";"4.1.";;"MIT";"ENE";"Cambio de luminaria LED en espacios públicos.";;"Se continuará con el programa de recambio de luminarias en los espacios públicos de la comuna, reemplazando aquellas que aún utilizan sodio u otras tecnologías obsoletas por sistemas de iluminación LED. El objetivo es mejorar la eficiencia energética, optimizar el uso de los recursos municipales y avanzar hacia un modelo de alumbrado público más moderno y sostenible.";"IO";;;"2030";"DINC";"SECPLA";"Ministerio de Energía; MMA; SEC";;;;"ECO";"LOC";;;"% deluminarias LEDinstaladas enespaciospúblicos";"100% delalumbradopúblico";"Revisado";;"COM"
"92";"Vitacura";"4.2.";;"MIT";"ENE";"Flota vehicular municipal eléctrica.";;"Mantenimiento de la flota vehicular eléctrica del municipio de Vitacura, con el objetivo de reducir las emisiones de gases de efecto invernadero (GEI) y promover la electromovilidad.";"IO";;;"2028";"Dirección de Administración y Finanzas";"SECPLA";"Ministerio de Energía; Agencia de Sustentabilidad";;;;"ECO";"LOC";;;"% devehículoseléctricos dela flota total";"100%";"Revisado";;"COM"
"93";"Vitacura";"4.3.";;"MIT";"ENE";"Campaña de comunicación en el uso eficiente de energía.";;"Campaña de sensibilización sobre el uso eficiente de la energía, dirigida a los sectores residencial y comercial, que difundirá prácticas, técnicas y tecnologías para reducir el consumo y mejorar el rendimiento energético. La iniciativa incluirá beneficios concretos, como descuentos en productos de eficiencia energética a través de la tarjeta VITA. El objetivo es fortalecer la conciencia ambiental, fomentar el ahorro energético y promover la participación activa de la comunidad en la construcción de un territorio más sustentable.";"FC; F";;"2025";"2030";"DSI";"Dirección de Comunicaciones";"Ministerio de Energía; Agencia de sustentabilidad; SEC; SISS; DGA; Seremi RM";;;;"ECO; SOC; TEC";"LOC";;;"Nº deCampañarealizadas";"5 (1anual)";"Revisado";;"COM"
"94";"Vitacura";"5.1.";;"ADA";"GSH";"Riego tecnificado en áreas verdes.";;"Renovación tecnológica de los sistemas de riego en las áreas verdes de la comuna, incorporando tecnologías más eficientes e inteligentes. El objetivo principal es reducir significativamente el consumo de agua municipal y garantizar una gestión hídrica más sustentable para nuestras zonas verdes.";"IO ; BP";;;"2030";"DMAO";"SECPLA; DINC";"SISS; DGA";;;;"ECO";"LOC";;;"% de m2 de parques yplazas con riegotecnificado";"85%";"Revisado";;"COM"
"95";"Vitacura";"5.2.";;"ADA";"GSH";"Reutilización de aguas grises en dependencias municipales.";;"Implementar proyecto piloto de reutilización de aguas grises para el riego de áreas verdes en edificios municipales.";"IO;BP";;;"2030";"DINC";"SECPLA; DMAO";"MINVU; SISS; Seremi RM";;;;"ECO; TEC";"LOC";;;"NÂ° depilotoejecutado";"2 pilotos";"Revisado";;"COM"
"96";"Vitacura";"5.3.";;"ADA";"GSH";"Estudio hidrológico e hidrogeológico de la comuna.";;"El estudio permitirá evaluar la disponibilidad y calidad de los recursos hídricos, anticipar su impacto en los proyectos y desarrollar estrategias que aseguren su uso sostenible. Además, resulta fundamental para proteger los acuíferos y ecosistemas acuáticos, garantizando su conservación a largo plazo.";"SAM";;;"2027";"DSI";"DMAO; SECPLA";"SISS; DGA; Seremi RM";;;;"ECO";"LOC";;;"Estudiorealizado";"Estudioterminado yvalidado";"Revisado";;"COM"
"97";"Vitacura";"5.4.";;"ADA";"GSH";"Campaña de comunicación en el uso eficiente del agua.";;"Campaña de sensibilización sobre el uso eficiente del recurso hídrico dirigida a los vecinos de Vitacura (sectores residencial y comercial). Esta campaña especificará prácticas, técnicas y tecnologías para mejorar la eficiencia hídrica. El objetivo es fortalecer la conciencia ambiental, fomentar el ahorro de agua a nivel privado y promover la participación activa de la comunidad en la construcción de un territorio más sustentable.";"FC";;;"2030";"DSI";"Dirección de Comunicaciones";"SISS; DGA; Seremi RM";;;;"ECO; SOC";"LOC";;;"Nº de Campañarealizadas";"5 (1 anual)";"Revisado";;"COM"
"98";"Vitacura";"6.1.";;"ADA";"DES";"Estudio de riesgo de quebradas en Cordón Manquehue.";;"Estudio orientado a identificar los riesgos asociados a las quebradas del Cordón Manquehue, tales como aluviones, deslizamientos y remociones en masa. Su objetivo es reducir los impactos sobre la población, la infraestructura y el medio ambiente, fortaleciendo la resiliencia del territorio frente a eventos naturales.";"SAM";;;"2027";"DSI";"DINC";"SENAPRED";;;;"ECO";"LOC";;;"Estudiorealizado";"1 estudio terminadoy validado";"Revisado";;"COM"
"99";"Vitacura";"7.1";;"MDI";"EYD";"Educación sustentable en la comunidad escolar";;"El programa de educación ambiental para colegios y jardines infantiles contempla una serie de actividades formativas adaptadas a cada nivel educativo. Entre ellas se incluyen talleres, recorridos guiados, proyectos participativos y material pedagógico, con un enfoque en temáticas como reciclaje, biodiversidad, eficiencia energética, cambio climático y cuidado del agua. Su objetivo es fortalecer la conciencia ambiental desde la primera infancia, promoviendo hábitos sostenibles y fomentando una comunidad escolar comprometida con el desarrollo sustentable del territorio.";"FC";;;"2030";"DSI";"SECPLA; Dirección de educación y salud; DECOM";"Colegios; jardines infantiles";;;;"TEC";"LOC";;;"% Participaciónestablecimientoseducacionales";"60%";"Revisado";;"COM"
"100";"Vitacura";"7.2";;"MDI";"EYD";"Capacitación interna municipal";;"Estrategia de capacitación interna dirigida a los funcionarios municipales, mediante un plan estructurado que contemple una serie de acciones formativas en temáticas ambientales clave, tales como eficiencia energética e hídrica, energías renovables no convencionales (ERNC), gestión de residuos, biodiversidad urbana, movilidad sostenible y nuevas tecnologías aplicadas al medioambiente. El objetivo es fortalecer las competencias técnicas del equipo municipal y promover una cultura organizacional más consciente y comprometida con la sostenibilidad.";"FC";;;"2030";"DSI";"Dirección de personas; DMAO; DAU";"Ministerio de Energía; Agencia de sustentabilidad; SEC; SISS; Seremi RM; MTT";;;;"SOC; TEC";"LOC";;;"% de participaciónmunicipal en lascapacitaciones anuales";"90%";"Revisado";;"COM"
"101";"Vitacura";"7.3";;"MDI";"RES";"Ordenanza Reciclaje";;"Promulgación de ordenanza de reciclaje para Vitacura, para fiscalización y notificación en domicilios, comercios, etc., que estén sujetos al programa de reciclaje municipal.";"PP";;;"2027";"DMAO; DSI";"Dirección jurídica; Dirección de Control; Dirección de seguridad";;;;;"SOC; POL";"LOC";;;"Creación dela ordenanza";"Ordenanza,aprobada porconcejo y decretada";"Revisado";;"COM"
"102";"Vitacura";"7.4";;"MDI";"GOB";"Plataforma interactiva Pública - Huella de Carbono Familiar";;"Implementar una plataforma virtual interactiva y de acceso público orientada a la comunidad para informarse sobre energía y agua, como también, medir, visualizar y reducir la huella de carbono personal.";"IT; FC";;;"2030";"DSI";"Dirección de Comunicaciones";"SISS; SEC; MMA";;;;"ADM; ECO";"LOC";;;"Creación deplataforma";"Plataformapublicada enmedios digitales";"Revisado";;"COM"
"103";"Macul";;;"MDI";"EYD";"Plan educativo preescolar";"Educación ambiental formal y comunitaria";;"FC";;;"2026";;;;;;;;;;;;;"Revisado";;"COM"
"104";"Macul";;;"MDI";"EYD";"Plan educativo escolar";"Educación ambiental formal y comunitaria";;"FC";;;"2026";;;;;;;;;;;;;"Revisado";;"COM"
"105";"Macul";;;"MDI";"EYD";"Plan educativo comunitario";"Educación ambiental formal y comunitaria";;"FC";;;"2026";;;;;;;;;;;;;"Revisado";;"COM"
"106";"Macul";;;"MDI";"EYD";"Plan educativo y de difusión para funcionarios municipales";"Fortalecimiento de capacidades internas del municipio";;"FC";;;"2027";;;;;;;;;;;;;"Revisado";;"COM"
"107";"Macul";;;"MIX";"RES";"Creación de un reglamento municipal para la gestión eficiente del uso de material reciclable";"LA - 3: Gobernanza y regulación ambiental comunal";;"PP";;;"2027";;;;;;;;;;;;;"Revisado";;"COM"
"108";"Macul";;;"MDI";"GOB";"Formalización de protocolos de integración de criterios de sustentabilidad en compras públicas en función de ley NÂ°21.634";"LA - 3: Gobernanza y regulación ambiental comunal";;"PP";;;"2028";;;;;;;;;;;;;"Revisado";;"COM"
"109";"Macul";;;"MDI";"FIS";"Formalización de un programa de denuncia y fiscalización ambiental municipal";"LA - 3: Gobernanza y regulación ambiental comunal";;"PP";;;"2028";;;;;;;;;;;;;"Revisado";;"COM"
"110";"Macul";;;"MIT";"RES";"Manejo de residuos orgánicos domiciliarios";"Gestión y valorización de residuos orgánicos";;"BP";;;"2026";;;;;;;;;;;;;"Revisado";;"COM"
"111";"Macul";;;"MIT";"RES";"Programa de chipeo municipal de residuos orgánicos";"Gestión y valorización de residuos orgánicos";;"IO;BP";;;"2026";;;;;;;;;;;;;"Revisado";;"COM"
"112";"Macul";;;"MIT";"RES";"Alianza para tratamiento de residuos orgánicos en ferias";"Gestión y valorización de residuos orgánicos";;"PP; BP";;;"2027";;;;;;;;;;;;;"Revisado";;"COM"
"113";"Macul";;;"MIT";"RES";"Manejo de residuos inorgánicos domiciliarios valorizables";"Gestión y valorización de residuos inorgánicos";;"BP";;;"2026";;;;;;;;;;;;;"Revisado";;"COM"
"114";"Macul";;;"MIT";"RES";"Fortalecimiento de la red de puntos verdes en edificios municipales";"Gestión y valorización de residuos inorgánicos";;"IO; BP";;;"2027";;;;;;;;;;;;;"Revisado";;"COM"
"115";"Macul";;;"MDI";"RES";"Escuela de oficios enfocado en economía circular";"Economía circular y desarrollo local";;"FC";;;"2028";;;;;;;;;;;;;"Revisado";;"COM"
"116";"Macul";;;"MDI";"RES";"Creación e Implementación del Plan de Economía Circular comunal";"Economía circular y desarrollo local";;"PP";;;"2027";;;;;;;;;;;;;"Revisado";;"COM"
"117";"Macul";;;"MIT";"RES";"Erradicación y control de microbasurales";"Control y erradicación de pasivos ambientales";;"BP";;;"2028";;;;;;;;;;;;;"Revisado";;"COM"
"118";"Macul";;;"MIT";"RES";"Implementación de programa de disposición segregada de residuos municipales";"Control y erradicación de pasivos ambientales";;"BP";;;"2028";;;;;;;;;;;;;"Revisado";;"COM"
"119";"Macul";;;"ADA";"VER";"Catastro de áreas verdes comunales";"Gestión y mantención de áreas verdes existentes";;"PP; SAM";;;"2028";;;;;;;;;;;;;"Revisado";;"COM"
"120";"Macul";;;"ADA";"VER";"Plan de mantención de áreas verdes actuales (horarios, tecnologías, acciones preventivas, etc.)";"Gestión y mantención de áreas verdes existentes";;"PP";;;"2026";;;;;;;;;;;;;"Revisado";;"COM"
"121";"Macul";;;"ADA";"VER";"Sustitución de sotobosque de alto consumo hídrico por especies de bajo consumo hídrico";"Gestión y mantención de áreas verdes existentes";;"SbN";;;"2028";;;;;;;;;;;;;"Revisado";;"COM"
"122";"Macul";;;"ADA";"VER";"Programa de recuperación de platabanda en barrios prioritarios";"Incremento de cobertura vegetal y recuperación de espacios públicos";;"BP; PP";;;"2028";;;;;;;;;;;;;"Revisado";;"COM"
"123";"Macul";;;"ADA";"VER";"Recuperación de espacios públicos con coberturavegetal";"Incremento de cobertura vegetal y recuperación de espacios públicos";;"SbN";;;"2027";;;;;;;;;;;;;"Revisado";;"COM"
"124";"Macul";;;"ADA";"INF";"Evaluación de factibilidad e implementación de un piloto de techos verdes en edificios municipales";"Soluciones basadas en la naturaleza e infraestructura verde innovadora";;"SbN";;;"2029";;;;;;;;;;;;;"Revisado";;"COM"
"125";"Macul";;;"ADA";"INF";"Evaluación de factibilidad e implementación de un piloto de muros verdes en paraderos o zonas comunes";"Soluciones basadas en la naturaleza e infraestructura verde innovadora";;"SbN";;;"2028";;;;;;;;;;;;;"Revisado";;"COM"
"126";"Macul";;;"ADA";"DES";"Diseño e implementación de refugios climáticos";"Infraestructura para la adaptación térmica";;"IO";;;"2027";;;;;;;;;;;;;"Revisado";;"COM"
"127";"Macul";;;"ADA";"DES";"Implementación de puntos de hidratación pública";"Infraestructura para la adaptación térmica";;"IO";;;"2026";;;;;;;;;;;;;"Revisado";;"COM"
"128";"Macul";;;"ADA";"DES";"Evaluación de factibilidad e implementación de soluciones en puntos críticos para inundaciones";"Gestión del riesgo de inundaciones";;"IO; BP";;;"2029";;;;;;;;;;;;;"Revisado";;"COM"
"129";"Macul";;;"ADA";"DES";"Programa de mantención de sumideros";"Gestión del riesgo de inundaciones";;"IO";;;"2026";;;;;;;;;;;;;"Revisado";;"COM"
"130";"Macul";;;"ADA";"GSH";"Desarrollo de la Estrategia Hídrica Local";"Gestión eficiente del recurso hídrico";;"PP";;;"2026";;;;;;;;;;;;;"Revisado";;"COM"
"131";"Macul";;;"ADA";"GSH";"Implementación de Programa de eficiencia hídrica y riego tecnificado en edificios municipales";"Gestión eficiente del recurso hídrico";;"BP; IO";;;"2028";;;;;;;;;;;;;"Revisado";;"COM"
"132";"Macul";;;"ADA";"GSH";"Actualización de tecnologías eficientes en griferías municipales";"Gestión eficiente del recurso hídrico";;"IO";;;"2029";;;;;;;;;;;;;"Revisado";;"COM"
"133";"Macul";;;"MIT";"ENE";"Evaluación de factibilidad y diseño de piloto de generación fotovoltaico en edificio municipal";"Eficiencia energética y energías renovables";;"IO";;;"2028";;;;;;;;;;;;;"Revisado";;"COM"
"134";"Macul";;;"MIT";"ENE";"Mejoramiento y/o recambio de mobiliario bajo criterios de sustentabilidad";"Eficiencia energética y energías renovables";;"IO";;;"2029";;;;;;;;;;;;;"Revisado";;"COM"
"135";"Macul";;;"MIT";"ENE";"Actualización de tecnologías de luminaria en edificios municipales";"Eficiencia energética y energías renovables";;"IO";;;"2028";;;;;;;;;;;;;"Revisado";;"COM"
"136";"Macul";;;"MIT";"ENE";"Formalización de la implementación de criterios de eficiencia energética en el diseño de proyectos de mejoramiento de espacio público";"Eficiencia energética y energías renovables";;"PP";;;"2026";;;;;;;;;;;;;"Revisado";;"COM"
"137";"Macul";;;"MIT";"ENE";"Fomento de sistemas fotovoltaicos en sedescomunitarias";"Eficiencia energética y energías renovables";;"IO";;;"2027";;;;;;;;;;;;;"Revisado";;"COM"
"138";"Macul";;;"MIT";"TYM";"Fomento del uso de bicicletas y evaluación de factibilidad de construcción de ciclovías";"Movilidad sustentable y reducción de emisiones";;"BP; IO; PP";;;"2026";;;;;;;;;;;;;"Revisado";;"COM"
"139";"Macul";;;"MIT";"TYM";"Postulación a iniciativas de recambio de parque automotriz municipal a tecnología eléctrica";"Movilidad sustentable y reducción de emisiones";;"F; PP";;;"2027";;;;;;;;;;;;;"Revisado";;"COM"
"140";"Macul";;;"MIT";"TYM";"Evaluación de factibilidad de ampliación de puntos de carga para vehículos eléctricos (electrolineras) mediante alianza público privadas";"Movilidad sustentable y reducción de emisiones";;"PP; IO";;;"2027";;;;;;;;;;;;;"Revisado";;"COM"
"141";"Macul";;;"MIT";"GOB";"Medición de la huella de carbono municipal";"Gestión y monitoreo de emisiones";;"BP; SAM";;;"2027";;;;;;;;;;;;;"Revisado";;"COM"
"142";"Lo Espejo";"MEDIDA DE MITIGACIÓN N° 1";;"MDI";"GOB";"ELABORACIÓN DE PROTOCOLO DE BUENAS PRÁCTICAS AMBIENTALES EN RECINTOS MUNICIPALES";;"Elaboración de un protocolo que permita una gestión integral de variables ambientales en cuanto a eficiencia energética, eficiencia hídrica, tratamiento de residuos como separación en origen, reciclaje y compostaje.";"PP";"Edificios administrativos, escuelas adscritas a SLEP, centros de salud, centro veterinario";"2025";"2028";"Dirección de Desarrollo Ambiental; Equipo Gestor; funcionarios municipales";;;;;;;"LOC";;;"Participación del personal: lista de participación de personal en charlas Reducción de consumo energético: Medición del consumo energético en dependencias municipales de manera previa y posterior a las capacitaciones Monitoreo y evaluación: Establecimiento de periodos de evaluación continua, con objeto de identificar brechas y eficiencia de las medidas";;"Revisado";;"COM"
"143";"Lo Espejo";"MEDIDA DE MITIGACIÓN N° 2";;"MIT";"TYM";"Aumentar la red de ciclovías en la comuna de Lo Espejo";;"Se busca desarrollar unas infraestructuras fomentar el uso de transportes sostenibles como es el uso de la bicicleta, con rutas bien integradas para la población civil que circulan por el territorio";"IO";"población civil residente y población civil en general que se moviliza por la comuna";;;"SECPLA; Dirección de Tránsito";;;;;;;"REG";;;"Reducción de Emisiones: Evaluar la disminución de emisiones de gases de efecto invernadero asociadas al desplazamiento en bicicleta en lugar de vehículos motorizados. Descongestión Vehicular de la comuna: Medir la disminución del tráfico vehicular y tiempo de movilización en zonas donde se implementó las ciclovías, de manera presencial, a través de encuestas de percepción con las comunidades aledañas y usuarios de la ciclovía.";;"Revisado";;"COM"
"144";"Lo Espejo";"MEDIDA DE MITIGACIÓN N° 3";;"MIX";"VER";"Fortalecimiento y Diversificación del Arbolado Urbano";;"Esta medida tiene objetivo aumentar la superficie de captación de GEI, con especies de bajo requerimiento hídrico, nativas o exóticas, según sea la mejor estrategia acorde a evaluación técnica profesional";"SbN";"Espacios públicos comunales declarados como Bienes Nacionales de Uso Público (BNUP), incluyendo parques, plazas y áreas verdes periurbanas. Plantación de especies nativas con alta adaptabilidad a condiciones de sequía y estrés hídrico Actividades de preparación del terreno, plantación, mantenimiento y monitoreo posterior para asegurar la supervivencia de las especies.";"2025";"2028";"Dirección de Desarrollo Ambiental; Departamento de Ornato";;;;;;;"LOC; NAC; CIU; PRI";;;"#¿NOMBRE?";;"Revisado";;"COM"
"145";"Lo Espejo";"MEDIDA DE MITIGACIÓN N° 4";;"MDI";"EYD";"Campaña comunicacional de educación ambiental y concientización sobre cambio climático.";;"Esta iniciativa busca educar a la población para generar conciencia y sensibilización con respecto el cambio climático, por medio de una campaña de educación y sensibilización estratégica diseñada a distintos segmentos de la población y rangos etarios, para abordar sus necesidades, intereses y preocupaciones particulares.";"FC";"Personal municipal, población civil no organizada y organizada, establecimientos educacionales, locatarios, empresas de la comuna.";"2025";"2050";"Departamento de Desarrollo Ambiental; Departamento de Relaciones Públicas";;;;;;;"LOC";;;"Medios de Comunicación Utilizados: Analizar el alcance de los medios de comunicación utilizados para llegar a cada grupo objetivo, como redes sociales, ferias medioambientales con educación ambiental para el territorio, talleres presenciales, entre otros. Participación en Actividades Relacionadas: Contabilizar la participación activa de cada grupo en las diferentes actividades, mediante lista de asistencia. Impacto en Comunidades Específicas: Evaluar el impacto específico en comunidades particulares a través de encuesta de aprendizajes obtenidos";;"Revisado";;"COM"
"146";"Lo Espejo";"MEDIDA DE MITIGACIÓN N° 5";;"MDI";"VER";"ELABORACIÓN DE CATASTRO DE ARBOLADO URBANO";;"Elaboración de un inventario digital y georreferenciado del arbolado urbano presente en la comuna, que incluya información sobre especies, estado sanitario, ubicación, dimensiones y servicios ecosistémicos aportados. Este catastro permitirá planificar y gestionar de manera eficiente la conservación, mantenimiento y expansión del arbolado, fortaleciendo la resiliencia urbana frente al cambio climático y mejorando la calidad ambiental y el bienestar de la comunidad";"SAM; PP";"Cobertura de todas las áreas públicas arboladas de la comuna: calles, plazas, parques, áreas verdes municipales y espacios periurbanos. Registro de especies nativas y exóticas, con énfasis en aquellas que aportan mayor mitigación climática y adaptación. Integración con sistemas GIS municipales para facilitar la toma de decisiones y monitoreo continuo.";"2025";"2030";"Dirección de Desarrollo Ambiental; Departamento de Ornato";;;;;;;"CIU; REG; NAC; OTR";;;"- % de arbolado urbano georreferenciado: Base de datos GIS municipal - Actualización anual del catastro: Reportes técnicos municipales - Número de especies nativas identificadas: Informe técnico de biodiversidad - Uso del catastro para planificación: Incorporación en 100% de planes comunales, documentos de planificación municipal";;"Revisado";;"COM"
"147";"Lo Espejo";"MEDIDA DE MITIGACIÓN N° 6";;"MIT";"RES";"Estrategia de optimización Integral de Residuos: Eficiencia, Reciclaje y Cumplimiento Normativo.";;"El objetivo de esta iniciativa se centra en la creación de una estrategia integral de gestión de residuos, a nivel domiciliario y público, diseñado con el fin de mejorar la eficiencia en la administración de los desechos orgánicos e inorgánicos, educación ambiental en torno al reciclaje, aumentar los niveles de reciclaje en la comuna y garantizar el cumplimiento de las normativas ambientales como por ejemplo la Ley REP.";"PP; FC; BP";"población civil de la comuna, hogares y viviendas de la comuna, empresas, locatarios de pequeños almacenes, ferias libres, establecimientos educacionales jardines infantiles";;;"Dirección de Desarrollo Ambiental; Departamento de Gestión Ambiental; Departamento de aseo; SECPLA";;;;;;;"LOC";;;"Cumplimiento de Normativas Ambientales: Seguimiento del cumplimiento de las normativas locales sobre gestión de residuos para asegurar el manejo adecuado y legal de los desechos. Emisiones de Gases de Efecto Invernadero (GEI): Medición de las emisiones de GEI asociadas con la gestión de residuos, considerando la descomposición de residuos orgánicos y la incineración.";;"Revisado";;"COM"
"148";"Lo Espejo";"MEDIDA DE MITIGACIÓN N° 7";;"ADA";"VER";"RECUPERACIÓN DE ESPACIOS PÚBLICOS A TRAVÉS DE SOLUCIONES BASADAS EN LA NATURALEZA";;"Lo Espejo cuenta con un reducido número de áreas verdes e islas de calor, por lo que el objetivo es recuperar espacios públicos, creando áreas verdes sustentables para recuperación de espacios públicos y eliminación de microbasurales";"SbN; BP";"Residentes del territorio";;;"SECPLA; Dirección De Desarrollo Ambiental; Dirección De Gestión Ambiental";;;;;;;"CON; LOC; OTR";;;"Disminución de microbasurales en la comuna Aumento en la participación de la comunidad en denunciar presencia de microbasurales y también de apoyar en su erradicación";;"Revisado";;"COM"
"149";"Lo Espejo";;;"MIT";"ENE";"MITIGACIÓN NÂ° 8: RECAMBIO DE LUMINARIAS EN LA COMUNA";;"El objetivo es reducir el consumo energético, las emisiones de gases de efecto invernadero y la contaminación lumínica, mejorando la seguridad y la calidad de vida de la comunidad. Por otra parte, contribuye de manera significativa a la reducción del consumo energético, la disminución de residuos y contaminantes al no estar fabricados CON Elementos Tóxicos, la protección de la biodiversidad y la mitigación del cambio climático, posicionándolas como la alternativa más ecológica y eficiente en iluminación urbana y doméstica, tanto en BNUP como en recintos municipales y hogares de la comuna";"IO";"Ámbito geográfico: Toda la comuna, priorizando sectores con mayor consumo energético y/o mayor densidad poblacional. Infraestructura: Alumbrado público, plazas, parques, edificios municipales, centros deportivos y educacionales; Población civil residente y flotante de la comuna.";"2025";"2027";"SECPLA; DOM; Dirección de Desarrollo Ambiental";;;;;;;"REG";;;"- % de luminarias públicas recambiadas a tecnología LED: Informe de avance municipal - Reducción del consumo energético en alumbrado público: Facturación eléctrica y reportes técnicos - Disminución de emisiones de COâ‚‚ asociadas: Cálculo de reducción según consumo";;"Revisado";;"COM"
"150";"Lo Espejo";"MEDIDA DE MITIGACIÓN N° 9";;"MDI";"GOB";"ELABORACIÓN DE PROTOCOLO MUNICIPAL DE COMPRAS SUSTENTABLES";;"Las compras sustentables buscan incorporar criterios ambientales, sociales y económicos para reducir los impactos negativos asociados a la adquisición de bienes y servicios, tales como la reducción de emisiones de gases de efecto invernadero, el uso eficiente de recursos, la minimización de residuos y la promoción de productos con menor huella ambiental.";"PP";"Municipio, funcionarios municipales y usuarios de la municipalidad";;;"Municipalidad";;;;;;;"LOC";;;"Aplicación de sellos y certificaciones ambientales (Energy Star, FSC, PEFC, Certfor, HuellaChile, Acuerdo de Producción Limpia) para evaluar oferentes y productos. Reducción de la huella ambiental: Preferencia por productos con eficiencia energética, contenido reciclado, menor uso de recursos naturales y menor generación de residuos. Capacitación y sensibilización: Registro y formación continua de funcionarios municipales en temas ambientales para fomentar una cultura de sustentabilidad en las compras";;"Revisado";;"COM"
"151";"Lo Espejo";"MEDIDA DE MITIGACIÓN N° 10";;"MDI";"GOB";"Capacitaciones para postular a fondos concursables";;"Capacitar al Comite Ambiental Comunal (CAC) Pymes, personas naturales y Organizaciones Socioambientales en la postulación a fondos públicos como: FPA, Ponle energía a tu pyme, Programa techo solar, entre otros.";"BP; PP; FC";"Comite ambiental comunal, pequeñas Pymes, emprendedores formalizados y no formalizados, personas naturales y organizaciones socioambientales";;;"Dirección de Desarrollo Ambiental; Departamento de Gestión ambiental; DIDECO";;;;;;;"LOC";;;"Número de propuestas presentadas: Aumento en postulaciones a fondos climáticos tras las capacitaciones. Tasa de adjudicación: Porcentaje de proyectos aprobados que recibieron capacitación previa. Incorporación de criterios técnicos: Uso de sellos ambientales (HuellaChile, Energy Star) en las propuestas. Alianzas estratégicas: Acuerdos entre municipios, empresas y organismos internacionales para cofinanciar proyectos. Capacitación de funcionarios: Registros de asistencia";;"Revisado";;"COM"
"152";"Lo Espejo";"MEDIDA DE ADAPTACIÓN N° 1";;"ADA";"INF";"FOMENTO DE URBANISMO SOSTENIBLE";;"Adaptación de la forma en pensar, planificar, formular y realizar un proyecto de inversión a nivel comunal, donde se incluyan criterios de sustentabilidad como eficiencia energética, eficiencia hídrica, infraestructura para separación de residuos en origen, materiales con baja emisión de huella de carbono, implementación de techos verdes, jardines pluviales y pavimentos permeables en zonas críticas para reducir inundaciones y el efecto isla de calor.";"PP";"Población civil residente y flotante de la comuna con énfasis en zonas de mayor riesgo identificadas en el diagnóstico PACCC.";"2025";"2028";"SECPLA; DOM; Dirección de Desarrollo Ambiental; Departamento de Gestión Ambiental";;;;;;;"LOC; REG; CON; NAC; MUN; CIU";;;"- % de proyectos urbanos con bases de sustentabilidad: Informe técnico municipal - Reducción del consumo energético en edificios municipales: comparación de - Participación ciudadana en planificación urbana: actas de participación";;"Revisado";;"COM"
"153";"Lo Espejo";"MEDIDA DE ADAPTACIÓN N° 2";;"ADA";"DES";"Plan de Manejo y Prevención de Riesgos Naturales";;"Desarrollar y actualizar planes de emergencia y protocolos de actuación frente a eventos climáticos extremos (inundaciones, olas de calor, olas de frío, temporales), incluyendo capacitación a la a las unidades municipales y a la comunidad.";"PP";"Toda la comuna, con énfasis en zonas de mayor riesgo identificadas en el diagnóstico PACCC.";"2025";"2028";"Dirección de seguridad pública y humana; Unidad de gestión de riesgo de desastres y emergencias; Departamento de Relaciones Públicas";;;;;;;"LOC";;;"100% de unidades vecinales con acceso a información y protocolos de emergencia al 2027. Reporte semestral de avance de entrega de información, ya sea formato físico o digital.";;"Revisado";;"COM"
"154";"Lo Espejo";"MEDIDA DE ADAPTACIÓN N° 3";;"ADA";"BIO";"CORREDORES BIOLÓGICOS";;"La implementación de corredores biológicos en la comuna de Lo Espejo consiste en la creación y restauración de franjas vegetales continuas que conectan áreas verdes, parques y espacios públicos, utilizando principalmente especies nativas y adaptadas al clima local. Estos corredores permiten el flujo de fauna y flora, mejoran la conectividad ecológica urbana, aumentan la resiliencia frente a olas de calor y sequía cumpliendo roles de refugio climático, y contribuyen a la adaptación ante los impactos del cambio climático, como la pérdida de biodiversidad y el deterioro de los servicios ecosistémicos.";"SbN; IO";"Territorio: Calles principales, avenidas, parques, plazas en toda la comuna, áreas verdes correspondientes priorizando sectores con baja cobertura vegetal y alta vulnerabilidad climática. Componentes: Plantación de árboles y arbustos nativos, instalación de jardines de bajo requerimiento hídrico, señalización educativa y conectividad entre áreas verdes existentes.";"2025";"2035";"Dirección de Desarrollo Ambiental; SECPLA; DOM";;;;;;;"LOC; REG; NAC; PRI; CIU; OTR; CON";;;"- Superficie conectada entre áreas verdes: Inventario y monitoreo de especies. - Reducción de temperatura superficial: Disminución de 2Â°C en zonas intervenidas, monitoreo climático local - Longitud de corredores implementados:";;"Revisado";;"COM"
"155";"Lo Espejo";"MEDIDA DE ADAPTACIÓN N° 4";;"MDI";"FIS";"FORTALECIMIENTO DE UNIDADES DE FISCALIZACIÓN AMBIENTAL";;"Actualmente (2025) la unidad de fiscalización ambiental cuenta con solamente un integrante, lo que dificulta y demora la atención de las diferentes denuncias ambientales. Se presentan otras brechas también como movilización y provisión de instrumentos que determinen los cumplimientos o incumplimientos sobre las ordenanzas municipales ambientales. El fortalecimiento de unidades de fiscalización ambiental busca mejorar la capacidad institucional para garantizar el cumplimiento de normativas ambientales, mediante modernización de tecnología e instrumentos, coordinación interinstitucional y profesionalización de equipos.";"PP";"Fortalecimiento del Departamento de Gestión Ambiental, especialmente en la fiscalización de denuncias ambientales (ruidos, olores, residuos, emisiones tóxicas, control de vectores). Implementación de protocolos y herramientas digitales para la gestión eficiente de denuncias y seguimiento de casos. Capacitación continua a funcionarios municipales en normativa ambiental, uso de equipos técnicos (ej. sonómetros) y procedimientos legales. Coordinación con la SMA y otras entidades para ampliar cobertura y eficacia en la fiscalización.";"2025";"2035";"Dirección de Desarrollo Ambiental; Departamento de Gestión Ambiental";;;;;;;"LOC; NAC; CON; REG; MUN";;;"Cobertura fiscalizadora: Porcentaje de Informes de Fiscalización Ambiental (IFA) terminados respecto a los programados, con una meta del 97% para 2025. Resolución de sanciones: Tasa de cierre de procesos sancionatorios sin pausas, actualmente en 95% para casos graves. Capacitación continua: Más de 180 jornadas formativas realizadas entre 2018-2023 para fiscalizadores de la RENFA.";;"Revisado";;"COM"
"156";"Lo Espejo";"MEDIDA DE ADAPTACIÓN N° 5";;"ADA";"GSH";"Gestión Comunitaria del Agua y Adaptación a la Sequía";;"Implementar sistemas de captación y reutilización de aguas lluvias en edificios municipales, escuelas y sedes vecinales, y promover el uso eficiente del agua en jardines y áreas verdes.";"BP; IO";"Instalación de sistemas de captación de aguas lluvias (canaletas, tuberías, depósitos) en edificios públicos, escuelas municipales, sedes vecinales, juntas de vecinos, plazas y huertos comunitarios. Promoción y adopción de tecnologías de riego eficiente (goteo, sensores de humedad) en áreas verdes municipales. Capacitación a unidades pertinentes para el mantenimiento y uso adecuado de estos sistemas.";"2025";"2050";"Dirección de Desarrollo Ambiental; Departamento de Gestión Ambiental; Equipo gestor";;;;;;;"LOC; REG; CON; NAC; PRI; CIU; OTR";;;"10 sistemas de captación de aguas lluvias instalados al 2027. Progreso de un 20% al 2050 Protocolos de riego eficiente para nuevas áreas verdes, recintos municipales, espacios comunitarios, juntas de vecinos: entrega de información y difusión";;"Revisado";;"COM"
"157";"Talagante";;;"MIT";"ENE";"Diagnóstico y estrategias para la reducción del consumo energético en edificios públicos municipales de alto consumo";;"Esta medida evalúa el consumo energético de edificios públicos municipales de alto consumo para identificar ineficiencias y proponer estrategias de optimización. Se pretende implementar acciones de reducción con monitoreo y reporte continuo para garantizar su efectividad y también su sostenibilidad.";"BP";;;"Mediano plazo";"Encargados de Establecimientos Públicos; Departamento de Medio Ambiente";;"Agencia de Sostenibilidad Energética; Ministerio de Energía; MMA";;;;;"NAC; REG; CON";;"Planificación (5 meses): Selección los establecimientos municipales de alto consumo que serán objeto del diagnóstico. Diagnóstico (8 meses): Obtener datos precisos sobre el consumo actual de energía y los patrones de uso .Análisis y Planificación (10 meses): Evaluar los resultados de las auditorías e identificar oportunidades de mejora. Formular estrategias específicas para reducir el consumo energético, que podrían incluir mejoras en la eficiencia de equipos, cambios en el uso de energía, etc. Implementación (6 meses): Implementar las estrategias planificadas para reducir el consumo energético. Evaluación y Ajuste (semestral): Evaluar el impacto de las medidas implementadas en términos de reducción del consumo energético. Realizar ajustes finales en las estrategias o implementar medidas adicionales según sea necesario.";"Reducción del Consumo Eléctrico: Porcentaje de reducción en boletas de consumo eléctrico del total de los establecimientos municipales objeto del diagnóstico. Emisiones de Gases de Efecto Invernadero (GEI): Disminución de las emisiones de GEI asociadas al consumo energético a nivel comunal Número de Medidas Implementadas: Cuantificación de las medidas específicas adoptadas para reducir el consumo energético en los establecimientos. Medida";;"Revisado";;"COM"
"158";"Talagante";;;"MIT";"ENE";"Expansión Del Proyecto “Casa Social Solar” a más vecinos de la comuna";;"Esta medida implica la implementación de nuevos paneles solares en el marco del proyecto “Casa Solar Social”, el cual ha demostrado ser exitoso al lograr una reducción significativa en los costos de electricidad para las familias beneficiadas, como fue el caso de los vecinos de la Villa Los Lagos. Esta experiencia ha evidenciado el potencial de la energía solar como una solución concreta para avanzar hacia una transición energética justa y sostenible a nivel local. Como parte de la expansión de este proyecto, se contempla la instalación de paneles solares en el Centro de Desarrollo Sustentable Oliveto, con el objetivo de seguir promoviendo el uso de energías limpias en espacios comunitarios y que aporten a la mayor cantidad de vecinas y vecinos de la comuna";"IT";;;"Largo Plazo";"Departamento de Medio Ambiente; DIDECO";;"Ministerio de Energía; Agencia de Sostenibilidad Energética";;;;;"CON; LOC; NAC; REG";;"Planificación y Convocatoria (2 meses): Definir lineamientos, abrir postulaciones y conformar grupos interesados. Capacitación y Evaluación Técnica (2 meses): Realizar talleres informativos y evaluar la factibilidad de instalación en viviendas postulantes. Proceso de Compra y Contratación (6 meses): Gestionar procesos de compra asociativa, convenios o licitaciones municipales, según corresponda .Implementación (4 meses): Instalación de los sistemas fotovoltaicos domiciliarios, incluyendo capacitación básica en uso y mantenimiento. Monitoreo y Evaluación (semestral): Seguimiento del desempeño energético, satisfacción de usuarios y ahorro obtenido en cuentas de luz.";"Número de hogares beneficiados: Cantidad de viviendas que se incorporaron al proyecto “Casa Solar Social de Talagante” Potencia Instalada Total: Capacidad instalada en kW de los sistemas fotovoltaicos implementados. Reducción de Consumo Eléctrico de Red: Porcentaje de disminución en la demanda de electricidad convencional en los hogares beneficiados. Reducción de Emisiones de GEI: Toneladas de CO2 equivalente evitadas anualmente por generación de energía solar domiciliaria";;"Revisado";;"COM"
"159";"Talagante";;;"ADA";"BIO";"Plan Comunal de Infraestructura verde";;"Diseño e implementación de un plan territorial para aumentar la infraestructura verde en áreas estratégicas de la provincia, mediante la plantación de especies vegetales adecuadas al clima y suelo local. La medida contempla acciones de educación ambiental dirigidas a la ciudadanía, incluyendo clases y talleres prácticos, con énfasis en la participación activa en el vivero Oliveto de Talagante. Esta estrategia busca restaurar servicios ecosistémicos, mitigar los efectos del cambio climático y fortalecer el vínculo de la comunidad con la naturaleza urbana y periurbana.";"SbN";;;"Mediano y largo plazo";"Departamento de Medio Ambiente";;"Vivero Oliveto; CONAF; Organizaciones comunitarias";;;;;"CON; LOC; NAC";;"Planificación (1 año): Identificación de áreas prioritarias de reforestación, definición de especies nativas adecuadas y diseño de intervenciones participativas. Trabajo en terreno (6 meses): Preparación de suelos, instalación de señaléticas educativas, coordinación con vivero y actores locales. Plantación (4 meses): Ejecución de la plantación, uso de bombas de semillas y plantación tradicional, junto a jornadas educativas abiertas. Mantenimiento (1 año o más): Riego, control de malezas, prevención de incendios y seguimiento del crecimiento de las especies.";"Número de hectáreas reforestadas: Superficie total de terreno intervenido con especies nativas. Cantidad de árboles plantados: Registro de ejemplares entregados por el vivero Oliveto y plantados efectivamente. Reducción estimada de CO2: Cálculo aproximado en base a especies y superficie reforestada. Número de participantes en talleres: Ciudadanía y actores locales que participan en actividades formativas. Cantidad de talleres realizados: Número total de actividades educativas efectuadas en el marco del plan. Supervivencia de especies plantadas: Porcentaje de árboles que sobreviven al primer año de implementación.";;"Revisado";;"COM"
"160";"Talagante";;;"ADA";"BIO";"Forestación masiva";;"La medida consiste en implementar un programa comunal de forestación masiva con especies nativas y/o adaptadas al clima mediterráneo de la zona central. Se priorizan áreas expuestas a procesos de degradación del suelo, escasez hídrica, pérdida de biodiversidad y riesgo de islas de calor. La reforestación busca aumentar la cobertura vegetal, restaurar servicios ecosistémicos, fortalecer la resiliencia climática del territorio y generar conciencia ambiental en la comunidad.";"SbN";;;"Largo Plazo";"Municipalidad; DIMAO";;"CONAF; Viveros locales y regionales; Organizaciones comunitarias; Establecimientos educacionales";;;;;"NAC; OTR; CIU; LOC";;"Corto plazo (0–1 año): Elaboración del mapa de priorización, formación de alianzas y planificación técnica. Mediano plazo (1–3 años): Inicio de reforestación en sectores prioritarios, campañas comunitarias, instalación de sistemas de monitoreo. Largo plazo (3–5 años): Expansión del programa a nuevas áreas, seguimiento y mantenimiento de árboles plantados, evaluación del impacto ecológico y social.";"Número total de hectáreas reforestadas en la comuna. Cantidad y diversidad de especies nativas plantadas. Porcentaje de sobrevivencia de los árboles plantados al primer y segundo año. Número de actividades comunitarias de reforestación realizadas. Participación efectiva de comunidades locales, incluyendo paridad de género. Aumento de la cobertura vegetal en zonas críticas identificadas.";;"Revisado";;"COM"
"161";"Talagante";;;"ADA";"INF";"Fomentar el uso de pavimentos permeables y jardines pluviales en proyectos municipales";;"Esta medida tiene como objetivo incorporar pavimentos permeables y jardines pluviales en los proyectos urbanos que sean diseñados por el municipio en terrenos municipales o BNUP. Los pavimentos permeables permiten que el agua de lluvia se infiltre directamente en el suelo, reduciendo la escorrentía superficial y la sobrecarga de los sistemas de drenaje. Además, los jardines pluviales, que son espacios verdes diseñados para capturar y filtrar el agua de lluvia hacia las napas subterráneas, contribuyen a la mejora de la calidad del agua, disminuir frecuencia de riegos, la prevención de inundaciones y el aumento de la biodiversidad urbana. Al implementar estas soluciones naturales, se busca no solo mitigar los efectos del cambio climático, sino también mejorar la calidad de vida urbana, creando espacios más verdes, sostenibles y resilientes frente a fenómenos climáticos extremos.";"IO; SbN";;;"Largo Plazo";"Municipalidad";;"SEREMI de Medio Ambiente; MINVU; Empresas constructoras";;;;;"CON; LOC; PRI";;"Largo Plazo Corto plazo (1-2 años): Realizar un levantamiento de información de la comuna. Planificación (1 mes): Definición de áreas prioritarias, criterios técnicos y responsables. Convocatoria (1 mes): Presentación del proyecto a la comunidad y a desarrolladores privados. Implementación inicial (3 meses): Instalación de pavimentos permeables y jardines pluviales en áreas seleccionadas. Mediano plazo (3-5 años): Expansión de la implementación en áreas adicionales de la comuna Largo plazo (5-10 años): Consolidación de estas prácticas en todos los proyectos urbanos municipales nuevos y remodelaciones.";"Reducción de escorrentía: Medición de la disminución de la escorrentía superficial en las áreas donde se implementaron los pavimentos permeables y jardines pluviales. Incremento en la infiltración de agua: Medición de la cantidad de agua infiltrada en el suelo gracias a las nuevas instalaciones. Mejora en la calidad del agua: Monitoreo de la calidad del agua en los cuerpos cercanos, con indicadores de contaminación y sedimentos. Satisfacción de la comunidad: Encuestas a los residentes locales para evaluar la percepción sobre la mejora ambiental, estética y funcional de los espacios públicos. Número de proyectos implementados: Total de proyectos de pavimento permeable y jardines pluviales ejecutados en el año";;"Revisado";;"COM"
"162";"Talagante";;;"ADA";"BIO";"Desarrollo y mejoramiento del Sendero Ecológico Humedal Rio Mapocho";;"Continuar con la creación del sendero ecológico con enfoque educativo y de conservación ambiental, procurando que éste sea un espacio de riqueza natural y esparcimiento educativo y seguro para los vecinos de la comuna. Impulsar medidas de seguridad en él sector, tanto para visitantes como para la conservación del ecosistema. Esta iniciativa busca preservar los ecosistemas locales, sensibilizar a la comunidad sobre su valor ambiental, y prevenir actividades que generen emisiones como la quema de residuos o el deterioro del entorno natural. El sendero funcionará como espacio de aprendizaje y control ambiental.";"FC; SbN";;;;"Departamento de Medio Ambiente; SECPLA; Departamento de Seguridad Pública";;;;;;;"CON; LOC; REG; CIU; OTR";;"Mediano plazo Planificación (2 meses): Diagnóstico ambiental del área, trazado del sendero, definición de objetivos pedagógicos y perfil del guardaparque. Diseño y habilitación (4 meses): Instalación de señalética, limpieza del entorno, construcción de senderos y puntos de observación. Implementación (12 meses): Puesta en marcha del sendero, contratación del guardaparque, desarrollo de visitas educativas y campañas de sensibilización. Evaluación y mejoras (3 meses): Medición del uso del sendero, impacto educativo, percepción ciudadana y ajustes en la gestión del espacio.";"Número de Visitas Registradas: Cantidad de personas que recorren el sendero mensualmente. Participación en Actividades Educativas: Número de actividades ambientales realizadas y participantes registrados. Reporte del Guarda parque: Registro de incidentes ambientales, mejoras implementadas y actividades de vigilancia. Reducción de Daños Ambientales Locales: Disminución de residuos, fogatas o intervenciones no autorizadas en la zona monitoreada.";;"Revisado";;"COM"
"163";"Talagante";;;"MDI";"EYD";"Campaña de concientización sobre el Cambio Climático";;"Esta medida tiene como objetivo generar conciencia sobre el cambio climático y promover la participación ciudadana mediante una campaña estratégica de difusión ambiental. Esta iniciativa utilizará redes sociales, medios locales y otras plataformas de comunicación para compartir información generada por el Departamento de Medio Ambiente con la comunidad, asegurando que llegue a diversos sectores de la sociedad de manera clara, accesible y oportuna. En este contexto, los ejes fundamentales de la campaña serán los establecimientos educacionales, juntas de vecinos, funcionarios municipales, grandes, pequeñas y medianas empresas (pymes), ya que estos actores tienen un rol clave en la transformación hacia una comuna más sostenible. A través de actividades educativas, talleres, charlas y contenidos informativos, se buscará entregar herramientas concretas para comprender cómo disminuir la huella de carbono individual y colectiva, y cómo estas acciones pueden generar beneficios directos para el entorno local, como la mejora de la calidad del aire, la eficiencia en el uso de recursos y la resiliencia ante eventos climáticos extremos.";"FC";;;;"Departamento de Medio Ambiente; Departamento de Relaciones Públicas";;;;;;;"LOC";;"inmediato tras aprobación Duración inicial: 4 meses (1 mes de diseño + 3 meses de implementación) Continuidad: Reajuste y extensión trimestral con nuevas temáticas y retroalimentación ciudadana Calendario: Publicaciones temáticas semanales; talleres presenciales mensuales en sedes vecinales, escuelas y espacios culturales Diseño de Contenidos y Plan de Difusión (4 meses): Elaboración de material gráfico, audiovisual y digital con enfoque local y pedagógico. Incluye la planificación de líneas temáticas mensuales, lenguaje adaptado a públicos diversos y coordinación con actores comunitarios. Implementación de la Campaña (6 meses iniciales): Lanzamiento de contenidos a través de redes sociales, radios comunales, espacios públicos, ferias ambientales y escuelas. Calendario de Publicaciones y Talleres: Publicaciones semanales temáticas en redes sociales (clima, agua, residuos, energía, etc.), cápsulas audiovisuales mensuales y realización de al menos un taller presencial por mes en centros comunitarios. Ajustes: Evaluaciones trimestrales de impacto, con ajustes en contenidos, formatos o canales de difusión según retroalimentación y participación.";"Cantidad de Publicaciones Realizadas: Número de contenidos difundidos en redes sociales, medios locales y espacios comunitarios. Nivel de Interacción en Redes Sociales: Métricas de alcance, reacciones, comentarios y compartidos de las publicaciones. Percepción Ciudadana: Encuestas de satisfacción y nivel de conocimiento ambiental tras la campaña.";;"Revisado";;"COM"
"164";"Talagante";;;"MDI";"EYD";"Educación ambiental en la primera infancia";;"Implementación de un sistema integral en jardines infantiles que incluye un plan pedagógico ambiental, un manual de buenas prácticas y la creación de viveros escolares. Así la medida busca fomentar el cuidado del medio ambiente desde la temprana infancia, fortalecer la educación en sostenibilidad, promover el uso eficiente del agua y aumentar la biodiversidad en espacios educativos.";"FC";;;;"Departamento de Medio Ambiente; Corporación Municipal de Educación de Talagante; DOM";;;;;;;"CON; LOC; NAC";;"Corto a mediano plazo Diseño del Plan y Manual (5 meses): Elaboración del manual y propuesta pedagógica. Capacitación (5 meses): Formación de educadoras y equipos directivos en prácticas sostenibles. Instalación de Sistemas (1 año): Implementación de captadores de agua lluvia y viveros en los jardines seleccionados. Aplicación y Seguimiento (permanente): Desarrollo de actividades con los niños y seguimiento semestral de resultados.";"Número de Jardines con Plan Implementado: Cantidad de jardines infantiles participantes con sistemas de captación de aguas lluvia, viveros y manual de buenas prácticas en funcionamiento. Número de Niños Beneficiados: Cantidad de niños que participan activamente en las actividades educativas ambientales. Volumen de Agua Captada: Cantidad de litros de agua lluvia recolectados y utilizados. Número de Especies Plantadas: Diversidad y cantidad de especies vegetales cultivadas en los viveros escolares. Participación de educadoras: Número de profesionales capacitadas y aplicando el enfoque ambiental en sus prácticas.";;"Revisado";;"COM"
"165";"Talagante";;;"MDI";"EYD";"Laboratorio climático educativo itinerante";;"Implementar pilotos demostrativos en establecimientos educacionales que permita visibilizar los efectos del cambio climático a nivel local, mediante la instalación de estaciones meteorológicas, paneles informativos, recursos educativos y actividades prácticas que fomenten la conciencia ambiental en estudiantes, docentes y comunidades escolares. Esta experiencia busca escalar a más escuelas como un modelo replicable de laboratorio climático.";"FC; IT";;;;"Departamento de Medio Ambiente";;"Directores de establecimientos; Docentes";;;;;"LOC";;"Mediano y largo plazo Planificación (2 meses): Identificación de los efectos del cambio climático relevantes para el área, la planificación de las actividades demostrativas y el diseño de la estructura del proyecto. Diseño del Piloto (3 meses): Preparación del lugar donde se desarrollará el piloto, la adquisición de materiales y recursos educativos. Implementación (12 meses): Esta etapa depende de la complejidad de las actividades a realizar, el período de observación y recolección de datos. Evaluación y Ajustes del Piloto (3 meses): Esta etapa consta de evaluación de los resultados del piloto, recopilación de información y preparación de materiales para compartir los hallazgos y lecciones aprendidas con la comunidad educativa y otros interesados.";"Participación Estudiantil: Porcentaje de estudiantes participantes en actividades. Conocimiento y Conciencia: Nivel de conocimiento sobre el cambio climático antes y después de la implementación del piloto. Feedback de los Docentes: Evaluación del impacto del piloto según la retroalimentación de los docentes sobre el cambio en el interés y participación de los estudiantes.";;"Revisado";;"COM"
"166";"Talagante";;;"ADA";"GSH";"Plan de gestión hídrica";;"Esta medida tiene como objetivo principal reducir el consumo de agua potable y promover una gestión eficiente, sostenible y resiliente del recurso hídrico en la comuna. El plan incluye acciones como monitoreo del consumo en edificios públicos, instalación de tecnologías de ahorro hídrico, educación comunitaria sobre uso eficiente del agua, fortalecimiento de infraestructura verde y promoción del rehúso de aguas grises. Busca también disminuir la vulnerabilidad frente a la escasez hídrica y contribuir a la mitigación del cambio climático mediante la reducción de huella hídrica comunal. Esta propuesta responde a los lineamientos del PLADECO 2023-2026, específicamente a su medida N°27, en donde ambos instrumentos se complementarán para garantizar una gestión integral y sostenible del agua en el territorio comunal.";"BP; PP";;;;"Departamento de Medio Ambiente; DOM";;"ASCC; Organizaciones Comunitarias; Establecimientos educativos y Juntas de Vecinos";;;;;"LOC; REG; NAC; CON; CIU; OTR";;"Corto y mediano plazo Diagnóstico (6 meses): Evaluación de la situación hídrica comunal, incluyendo fuentes, consumo y riesgos. Elaboración (6 meses): Redacción de la ordenanza y diseño del plan educativo-comunal participativo. Revisión y aprobación (2 meses): Validación legal, consulta ciudadana y aprobación por el Concejo Municipal. Implementación (1 año): Aplicación de la ordenanza, ejecución del plan educativo y campañas de difusión. Seguimiento continuo (anual): Evaluación de resultados y actualización de medidas según retroalimentación ciudadana.";"Reducción del Consumo de Agua Potable: Comparación mensual del uso en edificios públicos e instalaciones comunitarias antes y después de la implementación. Número de Dispositivos de Ahorro Instalados: Total de tecnologías instaladas (aireadores, doble descarga, medidores inteligentes, etc.). Cantidad de Personas Sensibilizadas: Número de asistentes a talleres, charlas o campañas. Superficie con Infraestructura de Reúso: Metros cuadrados intervenidos con sistemas de reúso o captación (aguas grises o lluvia). Reducción de Huella Hídrica Comunal: Estimación del ahorro hídrico total generado por la medida, expresado en $m^{3}/a ilde{n}o$.";;"Revisado";;"COM"
"167";"Talagante";;;"ADA";"GSH";"Plan de riego comunal";;"Esta medida tiene por objetivo desarrollar un Plan de Riego Eficiente a partir del análisis técnico y territorial de las áreas verdes existentes en la comuna. El propósito es identificar las necesidades hídricas reales de cada espacio, considerando las especies vegetales presentes, las condiciones climáticas locales y la disponibilidad de recursos hídricos. El plan contempla la elaboración de un catastro actualizado de áreas verdes, clasificando los sectores según tipo de vegetación, tamaño, exposición solar y nivel de uso. A partir de esta información, se diseñará un sistema de riego estratégico que priorice la eficiencia en el uso del agua, incorporando tecnologías como riego por goteo, sensores de humedad y programación automatizada según la estacionalidad.";"BP; PP";;;;"DAO; SECPLA;DOM";;"Organizaciones comunitarias";;;;;"CON; LOC; REG; NAC";;"mediano plazo Planificación (4 meses): Estudio de las áreas verdes existentes en la comuna, con el fin de identificar el tipo de vegetación que existe e identificar la cantidad de recurso hídrico que se necesita para su riego. Posterior a ello, se realizará la creación de plano con rutas de riego y plazos establecidos para cada una de ellas. Implementación (4 meses): implementación de las nuevas rutas de riego Evaluación (anuales): Análisis de la reducción de la cantidad de agua utilizada en riego según m2 de áreas verdes y evaluación del estado de las especies.";"Disminución del gasto del agua: Comparación del consumo de agua anual antes y después de la implementación del plan. Ahorro en costos operativos: disminución del costo de combustible con la nueva planificación de riego.";;"Revisado";;"COM"
"168";"Talagante";;;"ADA";"GSH";"Medir la huella hídrica a nivel municipal con el fin de implementar medidas concretas orientadas a reducir la demanda hídrica";;"La medida consiste en medir la huella hídrica a nivel municipal para entender y gestionar el uso del agua. El objetivo es implementar medidas específicas que reduzcan la demanda hídrica, promoviendo un uso más eficiente y sostenible del recurso.";"SAM";;;;;"Municipalidades";"Ministerio de Agricultura; MMA; Comunidad Talagante";;;;;"LOC; NAC";;"Corto plazo Preparación y Planificación (6 meses): Identificación de metodologías de medición de la huella hídrica, la recolección de datos, y la planificación detallada del estudio. Medición de Huella Hídrica (1 año): Recopilación de datos necesarios, Análisis de la huella hídrica a nivel municipal y comprensión de los patrones de consumo. Desarrollo e Implementación de Medidas (1 año): Elaboración de estrategias, políticas y programas que se deriven de los resultados del análisis de la huella hídrica. Monitoreo continuo: Evaluación periódica para medir el impacto de estas medidas y realizar ajustes según sea necesario.";"Reducción de Consumo de Agua por Habitante: Medir la disminución en el consumo per cápita como indicador de eficacia. Mejora en la Eficiencia del Uso del Agua: Evaluar la eficiencia de las prácticas implementadas en comparación con los niveles anteriores. Participación Comunitaria: Evaluar el nivel de participación y compromiso de la comunidad en la gestión del agua.";;"Revisado";;"REG"
"169";"Talagante";;;"MIT";"TYM";"Cierre vial para movilidad sostenible";;"Incorporar una franja horaria los domingos para que los ciclistas puedan transitar libremente por las calles de la comuna, para fomentar el uso de bicicletas como medio de transporte saludable y recreativo, transformando a los ciudadanos en una comunidad activa y consciente del medio ambiente.";"BP";;;;"Departamento de Tránsito y Transporte Público; Departamento de Medio Ambiente; Dirección de Seguridad Pública";;;;;;;"LOC";;"Mediano Plazo Planificación (4 meses): Definición de calles, horarios, medidas de seguridad y difusión. Organización y Coordinación (1 año): Gestión interdepartamental y con organizaciones comunitarias. Implementación (6 meses): Puesta en marcha de la franja dominical, con evaluaciones mensuales.";"Número de Jornadas Realizadas: Cantidad de domingos en los que se habilita la franja. Cantidad de participantes: Número de personas que utilizan las calles en bicicleta u otros medios no motorizados. Reducción del tránsito vehicular: Disminución del flujo de autos en las zonas cerradas durante la actividad.";;"Revisado";;"COM"
"170";"Talagante";;;"MIT";"TYM";"Aumento de la flota de buses eléctricos municipales para un traslado sostenible";;"Esta medida corresponde a aumentar la cantidad de buses eléctricos para el traslado público con el fin de reducir la dependencia de combustibles fósiles y disminuir las emisiones contaminantes. El fortalecimiento de estos servicios promueve la equidad territorial, facilitando la conectividad a diversos servicios esenciales como salud, educación y trabajo, tanto dentro como fuera de la comuna. También se espera una disminución en el uso del vehículo particular, lo que contribuye a descongestionar las vías y reducir el impacto ambiental asociado al transporte motorizado privado.";"IO";;;;"Departamento de Tránsito y Departamento de Medio Ambiente; SECPLA";;"Ministerio de Energía";;;;;"CON; LOC; REG";;"Largo plazo Planificación (2 meses): Definir el plan de ampliación de la flota, establecer criterios de selección de recorridos, beneficiarios, determinar necesidades técnicas y presupuestarias. Adquisición y Preparación (6 meses): adquisición de nuevos buses eléctricos, capacitar a conductores y personal técnico municipal e instalar la infraestructura de carga correspondiente. Implementación (2 meses): Incorporar los nuevos buses eléctricos en los recorridos definidos y ajustar operaciones según resultados. Monitoreo y Evaluación anual: Realizar seguimiento ambiental y operativo, identificar oportunidades de mejora y reportar los resultados del desempeño Evaluación Continua: Establecer un sistema para monitorear el uso y la efectividad de lo que consideran los ciudadanos y con actualizaciones periódicas.";"Número de Buses Eléctricos Incorporados: Cantidad de unidades nuevas puestas en operación. Reducción de Emisiones de Gases de Efecto Invernadero (GEI): Toneladas de CO2 equivalente evitadas anualmente por la operación de la flota eléctrica. Disminución del Consumo de Combustibles Fósiles: Litros de diésel evitados por el funcionamiento de los buses eléctricos respecto a buses de tipo convencionales. Nivel de Satisfacción de Usuarios: Encuestas municipales de percepción de calidad del servicio y comodidad de los nuevos buses. Monitorización y Evaluación Continua: Establecer sistemas de seguimiento continuo para evaluar la eficacia de las medidas a lo largo del tiempo y realizar ajustes según sea necesario.";;"Revisado";;"COM"
"171";"Talagante";;;"MIT";"RES";"Gestión sostenible de residuos orgánicos";;"Esta medida busca implementar un Plan de compostaje a nivel comunal, como también contempla la instalación de una planta de compostaje dentro del Centro de Desarrollo Sustentable Oliveto, con el fin de revalorizar residuos orgánicos, reducir la disposición final en vertederos y promover una cultura de economía circular y el correcto manejo de residuos. Todo el material orgánico recolectado será procesado en esta planta para la elaboración de compost, el cual se utilizará para la multiplicación de especies de árboles nativos en las áreas verdes y BNUP de la comuna.";"BP; IO; PP";;;;"Departamento de Medio Ambiente; SECPLA; Corporación de Educación Municipal; DAO";;"MMA; SUBDERE";;;;;"LOC; REG; NAC";;"Largo plazo Planificación (5 meses): diagnóstico, implementación de zonas piloto, diseño participativo del programa y definición de hogares, escuelas y unidades municipales beneficiadas. Implementación (8 meses): Educación en separación de los residuos, Entrega e instalación de composteras, talleres de uso y mantenimiento, acompañamiento técnico y monitoreo de funcionamiento. Monitoreo y Evaluación (anual): Registro de volumen compostado, calidad del compost, participación ciudadana y beneficios ambientales.";"Número de composteras instaladas: En hogares, escuelas y dependencias municipales. Cantidad de residuos orgánicos recolectados: pesaje del contenido recolectado Volumen de compost $(kg/mes)$: Reducción efectiva de residuos sólidos. Participación activa de vecinos y comunidades escolares: Cantidad de personas capacitadas y participando. Uso del compost generado: Aplicación en jardines, huertos y espacios verdes. Reducción de residuos orgánicos enviados a disposición final: Comparación interanual.";;"Revisado";;"COM"
"172";"Talagante";;;"MIT";"RES";"Fomento de moda circular";;"Esta campaña promueve prácticas sostenibles vinculadas a la reducción, reutilización y reciclaje de textiles como estrategia de adaptación al cambio climático. Se busca reducir los residuos textiles, fomentar el consumo consciente y disminuir la huella de carbono mediante: 1) campaña de concientización en redes sociales para la reducción; 2) ferias de intercambio de ropa para reutilización; y 3) talleres comunitarios de confección para el reciclaje de prendas.";"BP; FC";;;;"Departamento de Medio Ambiente; DIDECO; Departamento de Cultura";;;;;;;"CON; LOC; REG; OTR";;"Mediano y largo plazo Planificación (2 meses): Definición de contenidos, cronograma, metodología y responsables por eje de acción. Convocatoria (4 meses): Difusión por medios municipales, redes sociales y juntas de vecinos. Implementación (7 meses): Desarrollo de ferias de intercambio, talleres de confección y publicación de contenidos digitales. Evaluación (1 mes): Análisis de participación, satisfacción de los asistentes y volumen de textiles recuperados.";"Número de Actividades Realizadas: Total de campañas, ferias y talleres ejecutados en el año. Cantidad de Participantes: Número de personas que participaron activamente en al menos una de las instancias de la campaña. Volumen de Textiles Reutilizados o Reciclados: Cantidad de kilos de textiles reutilizados o transformados como resultado de las actividades. Nivel de Satisfacción de los Participantes: Valoración de la experiencia, utilidad y pertinencia ambiental de las actividades, medida mediante encuestas post-evento.";;"Revisado";;"COM"
"173";"Talagante";;;"MDI";"GOB";"Plan de compras sustentables para la gestión municipal";;"Esta medida consiste en el diseño e implementación de un Manual de Compras Sustentables Municipales, con el objetivo de incorporar criterios ambientales, sociales y económicos responsables en todos los procesos de adquisición pública. El manual establecerá lineamientos concretos para priorizar productos reutilizables, reciclables, de bajo impacto ambiental, locales o certificados. Así, la municipalidad se transforma en un modelo de gestión coherente con los principios de sostenibilidad y mitigación del cambio climático. Como ejemplo, se contempla la compra de papel reciclado en lugar de papel normal.";"BP; PP";;;;"Departamento de Medio Ambiente; Dirección de Adquisición y Finanzas; Dirección de Control y Jurídica";;;;;;;"LOC";;"Mediano plazo Diagnóstico y diseño (8 meses): Revisión de prácticas actuales de compra y análisis de oportunidades para incorporar criterios sostenibles. Redacción del Manual (8 meses): Desarrollo de criterios obligatorios y recomendados por tipo de producto/servicio, prohibiciones (como plásticos de un solo uso) y guías para funcionarios. Capacitación y difusión (5 meses): Formación de los equipos municipales sobre uso del manual y criterios de compras sustentables. Implementación y seguimiento (continuo): Aplicación obligatoria en las compras públicas y evaluación de cumplimiento anual.";"Porcentaje de Compras con Criterios Sustentables: Número de adquisiciones realizadas conforme al manual sobre el total de compras municipales. Reducción de Productos de un Solo Uso Adquiridos: Disminución progresiva de insumos como botellas plásticas, bolsas o productos desechables. Número de Funcionarios Capacitados: Total de personas formadas en criterios de compra sustentable. Actualización Anual del Manual: Revisión y mejora del documento conforme a nuevas normativas, productos disponibles o necesidades institucionales. Evaluación de Proveedores Sustentables: Número y porcentaje de proveedores que cumplen con criterios de sostenibilidad.";;"Revisado";;"COM"
"174";"Talagante";;;"MDI";"EYD";"Formación ambiental para agricultores de Talagante";;"Implementar un plan educativo dirigido a pequeños agricultores enfocado en la gestión eficiente del agua y el manejo adecuado de residuos agrícolas. El objetivo es reducir impactos ambientales negativos, como la contaminación de suelos y cursos de agua, y fomentar prácticas agrícolas sostenibles que contribuyan a disminuir emisiones de gases de efecto invernadero, a través del uso responsable de recursos naturales y la correcta disposición o reutilización de residuos.";"BP; FC";;;;"Departamento de Medio Ambiente; Oficina de Desarrollo Rural; DIDECO";;;;;;;"LOC; CON; NAC; REG; CIU";;"Corto plazo Planificación (2 meses): Diagnóstico de necesidades formativas, diseño de módulos educativos y coordinación interinstitucional. Convocatoria (1 mes): Difusión de las actividades mediante redes municipales, organizaciones rurales y visitas en terreno. Implementación (6 meses): Desarrollo de talleres, jornadas prácticas y entrega de materiales educativos. Evaluación y seguimiento (3 meses): Evaluación del aprendizaje, retroalimentación de participantes y sistematización de resultados para ajustes futuros.";"Cantidad de Agricultores Capacitados: Número total de participantes registrados en al menos un módulo del plan. Mejoras en Prácticas Agrícolas: Porcentaje de agricultores que adoptan medidas recomendadas en gestión hídrica y de residuos. Nivel de Satisfacción de los Participantes: Resultados de encuestas sobre utilidad, claridad y aplicabilidad de los contenidos. Reducción de Residuos Agrícolas Mal Dispuestos: Evaluación comparativa de prácticas antes y después de la implementación del plan.";;"Revisado";;"COM"
"175";"Talagante";;;"MDI";"FIS";"Plan de fomento de fiscalización ambiental";;"Esta medida busca reforzar las capacidades institucionales del municipio para fiscalizar a actores privados en materias medioambientales, con base en las líneas estratégicas del Plan de Mejoramiento de la Gestión (PMG). Se propone diseñar e implementar un plan integral de fiscalización ambiental que incluya protocolos claros, formación técnica para fiscalizadores, articulación con organismos competentes y mecanismos de denuncia ciudadana. El objetivo es asegurar el cumplimiento de normativas ambientales locales y nacionales, reducir impactos negativos al entorno y avanzar hacia una gobernanza ambiental eficaz.";"PP; BP";;;;"Departamento de Medio Ambiente; Departamento de Seguridad Pública; Asesoría Jurídica; Oficina de Transparencia o Participación Ciudadana";;"SMA; Seremi de Medio Ambiente; Seremi Salud";;;;;"LOC; REG; CON";;"Largo plazo Diagnóstico inicial (3 meses): Revisión de capacidades actuales, identificación de brechas legales, operativas y humanas, análisis de casos y fuentes de conflicto ambiental recurrente. Diseño del plan de fiscalización (4 meses): Elaboración de lineamientos, protocolos, criterios de riesgo y roles institucionales. Capacitación e implementación progresiva (12 meses): Formación de fiscalizadores, puesta en marcha de operativos por zona o tipo de actividad privada, instalación de canales de denuncia. Evaluación y mejora continua (anual): Análisis de cumplimiento, impactos, sanciones aplicadas y revisión técnica del plan para su actualización.";"Número de Fiscalizaciones Realizadas: Total de inspecciones ejecutadas a actividades privadas en el año. Índice de Cumplimiento Ambiental: Porcentaje de cumplimiento detectado en fiscalizaciones respecto a normativa vigente. Cantidad de Denuncias Atendidas: Número de denuncias ambientales recibidas y gestionadas satisfactoriamente. Número de Funcionarios Capacitados: Total de inspectores y funcionarios municipales formados en fiscalización ambiental. Actualización del Plan de Fiscalización: Número de veces que el plan ha sido revisado y mejorado en función de los resultados.";;"Revisado";;"COM"
"176";"Talagante";;;"MDI";"FIS";"Aumento de tele vigilancia en zonas con riesgo de micro basurales";;"Implementación de cámaras de seguridad en áreas propensas a microbasurales para mejorar la eficiencia en la identificación y monitoreo de las actividades que afectan el medio ambiente, lograr identificar a las personas que incumplen las normativas climáticas y ambientales. Esta propuesta responde a los lineamientos del PLADECO 2023-2026, específicamente a su medida N°27, en donde ambos instrumentos se complementarán para garantizar una gestión integral y sostenible del agua en el territorio comunal.";"IO; SAM";;;;"Departamento de Medio Ambiente; Departamento de Seguridad Pública; Departamento de Tránsito y Obras Municipales; DIDECO";;;;;;;"LOC; REG; NAC; CON";;"Corto y mediano plazo Plazo de implementación: Corto a mediano plazo. Diagnóstico y Selección de Puntos Críticos (2 meses): Identificación de los lugares con mayor frecuencia de microbasurales y actividades ambientales ilícitas. Aprobación de la Iniciativa (8 meses): Elaboración y gestión de la iniciativa en el GORE, para la Adquisición e instalación de cámaras. Licitación, adjudicación e implementación (3 meses): Proceso de licitación y adquisición y posterior instalación de los diversos puntos. Operación y Monitoreo (permanente): Vigilancia continua, revisión de grabaciones y respuesta inmediata a las infracciones detectadas. Evaluación y Reporte (semestral): Análisis de efectividad de la medida, cantidad de infracciones detectadas y reducción de microbasurales.";"Número de Cámaras Instaladas: Cantidad de cámaras funcionando en los puntos estratégicos definidos. Reducción de Microbasurales: Disminución porcentual de sitios intervenidos con presencia de microbasurales. Cantidad de Infracciones Detectadas: Número de personas o actividades identificadas incumpliendo normativas ambientales. Tiempo de Respuesta: Promedio de tiempo entre la detección de la infracción y la acción correctiva o denuncia municipal.";;"Revisado";;"COM"
"177";"Talagante";;;"MDI";"EYD";"Tenencia responsable de mascotas";;"Esta medida tiene como objetivo fomentar la tenencia responsable de mascotas, promoviendo su cuidado y control adecuado para evitar que interactúen con la fauna nativa y evitar que las mascotas intervengan en la basura en las calles. El fortalecimiento de esta práctica no solo contribuye al bienestar animal, sino que también reduce la contaminación urbana y la acumulación de desechos. Las mascotas que deambulan sin supervisión pueden causar desequilibrios en el ecosistema local, como la depredación de especies nativas o el consumo de residuos, lo que a su vez aumenta la contaminación y contribuye a la emisión de gases de efecto invernadero al no gestionar adecuadamente los desechos orgánicos y plásticos. Promover la tenencia responsable tiene efectos positivos sobre la fauna nativa, la limpieza de la ciudad y la reducción de la huella de carbono.";"BP; FC";;;;"Municipalidad; Departamento de Medio Ambiente; DAO";;"Organizaciones comunitarias";;;;;"LOC; CON; CIU; PRI";;"Corto plazo Planificación (2 meses): Definición de los contenidos de la campaña, cronograma, metodologías y asignación de responsables por cada acción específica. Convocatoria (4 meses): Difusión de la campaña a través de medios municipales, redes sociales, y contacto con juntas de vecinos y organizaciones sociales. Implementación (6 meses): Desarrollo de talleres educativos, charlas sobre tenencia responsable y jornadas de esterilización, en diferentes puntos del municipio. Evaluación (1 mes): Análisis de la participación de la comunidad, la efectividad de las campañas, el número de mascotas esterilizadas y el impacto en la reducción de la basura y fauna callejera.";"Reducción de la fauna callejera: Medición de la disminución en el número de mascotas sin dueño o no controladas en espacios públicos. Cantidad de residuos recolectados: Medición de la reducción de basura en calles, especialmente en áreas de alta circulación de mascotas. Número de esterilizaciones realizadas: Cantidad de procedimientos de esterilización llevados a cabo en el marco de la campaña. Satisfacción de la comunidad: Encuestas para medir la percepción de la comunidad sobre la mejora en la calidad del entorno urbano y la protección de la fauna nativa. Cumplimiento de la normativa de tenencia responsable: Porcentaje de dueños de mascotas que participan activamente en programas nas de educación y control.";;"Revisado";;"COM"
"178";"Talagante";;;"ADA";"DES";"Promover la implementación de cortafuegos estratégicos en sectores colindantes a cerros y de alto índice de incendio";;"Este proyecto busca crear cortafuegos en áreas que presenten mayor riesgo de incendios forestales debido a su cercanía con zonas rurales, vegetación densa, asentamientos humanos y condiciones climáticas propicias para la propagación del fuego.";"BP; IO";;;;"Dirección de emergencias; Departamento de Medio Ambiente";;;;;;;"CON; LOC; REG; NAC";;"Corto a mediano plazo Planificación (6 meses): Identificación de áreas estratégicas, evaluación del terreno y diseño de los cortafuegos. Permisos (3 meses): Esta etapa depende de los plazos que demoren obtener los requisitos legales y medioambientales en la provincia. Trabajo en terreno (4 meses): El plazo depende del alcance y la extensión de los trabajos a realizar en los diferentes sectores. Monitoreo semestral: Los cortafuegos requerirán un mantenimiento regular y un monitoreo continuo, previo a la época estival con tal de evitar incendios.";"Kilómetros de cortafuegos: Considera la distancia lineal de cortafuegos impulsados por este proyecto.";;"Revisado";;"COM"
"179";"Talagante";;;"MDI";"DES";"Alerta temprana de incendios con equipamiento especializado";;"Esta medida consiste en utilizar drones equipados con sensores térmicos y cámaras de resolución ubicadas en los sectores altos de la comuna, estos para detectar focos de incendio en etapas tempranas, incluso en áreas de difícil acceso. Así, monitorear grandes extensiones en tiempo real, mejorando la prevención y respuesta, toda vez que exista una alerta temprana preventiva por SENAPRED, o un aviso de calor extremo emanado de la Dirección Meteorológica de Chile.";"SAM";;;;"Departamento de Seguridad Pública; Departamento de Medio Ambiente; Dirección de Emergencias y Protección Civil;";;"Bomberos";;;;;"CON; LOC; REG; NAC";;"Corto a mediano plazo Planificación y Adquisición (2 meses): Definir zonas prioritarias, adquirir drones y capacitar personal. Implementación de Monitoreo (3 meses): Iniciar patrullajes programados y registro de información. Evaluación (semestral): Evaluar cobertura, detección efectiva y tiempos de respuesta. Realizar mejoras en rutas de vigilancia o tecnología si es necesario.";"Número de Patrullajes Realizados: Cantidad de vuelos efectuados por drones. Detección Temprana de Focos: Número de focos de incendio detectados en etapa inicial. Reducción de Áreas Afectadas: Porcentaje de disminución de superficie quemada respecto a años anteriores.";;"Revisado";;"COM"
"180";"Talagante";;;"ADA";"DES";"Incluir criterios de cambio climático en los instrumentos territoriales comunales";;"El objetivo es asegurar que la planificación territorial considere los desafíos y riesgos asociados al cambio climático, promoviendo la resiliencia y la sostenibilidad en el desarrollo urbano. Los instrumentos territoriales donde se pueden implementar dichos criterios son; Plan Regulador Comunal, PLADECO, entre otros.";"PP";;;;"Municipalidad";;"SEA";;;;;"LOC; NAC";;"Corto a mediano plazo Evaluación de Normativas Actuales (6 meses): Evaluación del estado actual de los instrumentos territoriales, identificación de vacíos relacionados con el cambio climático, y el establecimiento de objetivos y metas. Desarrollo de Directrices (1 año): Actualización de los instrumentos existentes, o en caso de nuevos instrumentos, integrar criterios específicos relacionados con el cambio climático. Revisión (4 meses): Revisión y aprobación de estos instrumentos por las autoridades correspondientes Implementación y monitoreo (1 año): Implementación efectiva de estos instrumentos y el seguimiento continuo de su cumplimiento.";"Incorporación de Criterios Climáticos: Porcentaje de instrumentos territoriales actualizados con criterios de cambio climático.";;"Revisado";;"COM"
"181";"Talagante";;;"ADA";"DES";"Zona de amortiguación en ribera del río";;"Elaboración e implementación de un plan para reducir el riesgo de incendio e inundación en viviendas ubicadas en zonas cercanas al borde del río, a través de evaluaciones de riesgo, medidas de prevención, protocolos de alerta temprana y fortalecimiento de la resiliencia comunitaria ante eventos hidroclimáticos.";"PP; IO";;;;"Municipalidad";;"MMA; GORE RM; Comunidad Talagante";;;;;"LOC; REG; CON; NAC";;"Largo plazo Evaluación de Riesgos (6 meses): Diagnóstico técnico y levantamiento territorial. Desarrollo del Plan de Mitigación (12 meses): Diseño participativo y validación técnica. Presentación y aprobación (6 meses): Revisión institucional y consulta ciudadana. Implementación de Medidas (24 meses): Ejecución de obras, instalación de sistemas de alerta y fortalecimiento comunitario. Monitoreo y Evaluación (semestral): Revisión periódica y ajustes al plan según resultados y eventos. Monitoreo y Evaluación (semestral): Seguimiento y evaluación semestral de la efectividad de las medidas adoptadas para reducir el riesgo.";"Número de Visitas Registradas: Cantidad de personas que recorren el sendero mensualmente. Participación en Actividades Educativas: Número de actividades ambientales realizadas y participantes registrados. Reporte del Guarda parque: Registro de incidentes ambientales, mejoras implementadas y actividades de vigilancia. Reducción de Daños Ambientales Locales: Disminución de residuos, fogatas o intervenciones no autorizadas en la zona monitoreada.";;"Revisado";;"COM"
"182";"Talagante";;;"MDI";"EYD";"Capacitación y apoyo para la acción ambiental comunitaria";;"La medida consiste en capacitar y brindar apoyo a Pymes, personas naturales, organizaciones sociales y dirigentes vecinales en la formulación de proyectos ambientales y la postulación a fondos públicos. Un ejemplo de ello son: Fondo de Protección Ambiental (FPA), ""Ponle Energía a tu Pyme"", ¿Cómo podríamos fortalecer las capacidades de autogestión de las cooperativas de personas recicladoras de base para que obtengan autonomía y aprovechen las oportunidades que les ofrece la Ley REP? (Innova Fosis) o el Programa Techo Solar. El foco está en fortalecer habilidades técnicas sobre eficiencia energética, protección de la biodiversidad local e implementación de tecnologías sostenibles, alineado con PLADECO 2023-2026, el cual promueve una ciudadanía activa y comprometida con la calidad ambiental comunal.";"FC";;;;"Departamento de Medio Ambiente; Oficina de Proyectos Municipal";;"Agencia de Sostenibilidad Energética";;;;;"LOC; CON; NAC; REG";;"mediano plazo Planificación (4 meses): Diseño de contenidos y metodologías formativas, identificación de actores beneficiarios, planificación logística. Ejecución (7 meses): Realización de sesiones de capacitación, asesorías técnicas para formular proyectos, difusión en el territorio. Seguimiento y Evaluación (1 año): Evaluación del impacto de las capacitaciones en la cantidad y calidad de postulaciones, nivel de participación comunitaria y continuidad de proyectos ambientales locales.";"Número de Personas y Organizaciones Capacitadas: Total de participantes beneficiados. Número de Proyectos Ambientales Postulados: Iniciativas formuladas y presentadas a fondos públicos. Tasa de Aprobación de Proyectos: Porcentaje de éxito en las postulaciones. Índice de Participación Comunitaria: Medición de la implicancia sostenida de las organizaciones y vecinos. Impacto en la Protección de Biodiversidad Local: Evaluación cualitativa de los temas y objetivos abordados por los proyectos apoyados..";;"Revisado";;"COM"
"183";"Talagante";;;"MDI";"GOB";"Crear convenios de colaboración con ONG, centro de estudios y organizaciones ambientales para impulsar proyectos y estudios en torno al cambio climático";;"La medida busca fortalecer la colaboración entre el gobierno, organizaciones no gubernamentales (ONG) y centros de estudio, para impulsar proyectos y estudios relacionados con el cambio climático en Chile. Aprovechando de esta manera la experiencia y recursos de estas entidades para abordar de manera conjunta los desafíos ambientales y promover la sostenibilidad.";"PP";;;;;;"mma; ongs";;;;;"NAC; CIU";;"corto y mediano plazo Negociación de Convenios (6 meses): Identificación de ONG y organizaciones relevantes, la negociación de los términos del convenio y la formalización de los acuerdos. Identificación de Proyectos (3 meses): Definición de objetivos, alcance, recursos necesarios y cronograma para la ejecución de los proyectos. Ejecución de Proyectos (3 años): Los plazos de implementación dependen de la complejidad y escala de los estudios o iniciativas a desarrollar en colaboración con las ONG y organizaciones ambientales. Seguimiento (1 año): Monitoreo anual con el fin de evaluar los resultados de los proyectos, revisar el cumplimiento de los objetivos y realizar ajustes si es necesario.";"Número de Proyectos Implementados: Cuantificación de proyectos ejecutados en el marco de los convenios. Colaboración Efectiva: Medición de la eficacia y nivel de colaboración entre el gobierno y las ONG.";;"Revisado";;"COM"
"184";"Talagante";;;"MDI";"GOB";"Creación de mesas de trabajo colaborativas entre municipios de la Provincia, para generar intercambio de conocimientos e identificar sinergias";;"Estas mesas de trabajo ofrecen un espacio donde los municipios pueden colaborar, compartir experiencias y coordinar esfuerzos en áreas de interés común, lo que puede incluir temas como el desarrollo sostenible, la planificación urbana, la gestión de recursos naturales, entre otros.";"PP";;;;"Departamento de medio ambiente";;"MMA";;;;;"LOC";;"Corto plazo Planificación (6 meses): Identificación de los municipios participantes, la definición de los objetivos y la estructura de las mesas de trabajo. Organización (3 meses): Selección de representantes de cada municipio, la planificación de reuniones regulares y la definición de temas a abordar. Mesas de trabajo (1 a 2 años): Discusión de temas relevantes, identificación de oportunidades de colaboración y establecimiento de estrategias concretas. Implementación de acción continua: De acuerdo a la complejidad de los proyectos y la disponibilidad de recursos, se evaluará la implementación de acciones entre municipios y el ajuste de estos a una retroalimentación colaborativa semestralmente..";"Intercambio de Buenas Prácticas: Evaluar la cantidad y calidad de las prácticas ambientales compartidas entre municipios. Implementación de Políticas Ambientales: Medir el grado de adopción e implementación de políticas ambientales coordinadas entre los municipios. Proyectos Colaborativos: Contabilizar la cantidad de proyectos ambientales conjuntos desarrollados por los municipios. Participación Comunitaria: Observar la participación y conciencia de la comunidad en proyectos }ambientales colaborativos, indicando el compromiso y apoyo local.";;"Revisado";;"COM"
"185";"Santiago";"LE2.1M";;"MDI";"GOB";"Desarrollo de plataforma digital para la automatización de Trámites municipales.";;"Este proyecto tiene como objetivo desarrollar e implementar una plataforma digital que permita la automatización de trámites municipales, eliminando el uso de papel y simplificando los procesos administrativos, mejorando así la experiencia del ciudadano. La plataforma ofrecerá servicios en línea para la gestión de permisos, licencias, registros y otros trámites municipales, agilizando los procedimientos y mejorando la eficiencia de la administración municipal.";"IT";;"2026";"2027";"Subdirección de Tecnologías de Información";;;;;;;"LOC; REG; NAC";;"Análisis de Requisitos y Necesidades (3 meses): Se llevará a cabo un estudio exhaustivo de los procedimientos municipales actuales y sus procesos correspondientes, con el objetivo de identificar los requisitos y necesidades de los usuarios, incluyendo tanto a los ciudadanos como a los funcionarios municipales. Desarrollo de la Plataforma Digital (8 meses): A partir del levantamiento realizado previamente, se diseñará e implementará la plataforma digital, incluyendo interfaces de usuario intuitivas y seguras, integrar funcionalidades de automatización de procesos, gestión de documentos electrónicos y seguimiento de trámites en línea. Capacitación y Adopción (3 meses): Se capacitarán a los funcionarios municipales en el uso de la plataforma y los nuevos procesos digitales. Asimismo, promoverá la adopción de la plataforma entre los ciudadanos, proporcionando información y asistencia para el uso correcto de los servicios en línea. Monitoreo y Mejora Continua (cada 6 meses): Establecer un sistema de monitoreo para evaluar el rendimiento y la eficacia de la plataforma. Recopilar retroalimentación de los usuarios y realizar ajustes y mejoras periódicas según sea necesario.";"Indicadores de Proceso: Cumplimiento de plazos y presupuesto para el desarrollo e implementación de la plataforma. Indicadores de Resultado: Reducción del tiempo promedio de procesamiento de trámites municipales.";;"Revisado";;"COM"
"186";"Santiago";"LE2.2M";;"ADA";"GSH";"Modernizar y optimizar el riego de áreas verdes.";;"Se realizarán acciones enfocadas a modernizar y optimizar el sistema de riego de las áreas verdes municipales, utilizando tecnologías más eficientes y sostenibles para garantizar un uso racional del agua y la conservación de recursos hídricos. Con ello, se busca mejorar la eficiencia del riego y su mantenimiento, reducir el desperdicio de agua y promover la salud y el vigor de las áreas verdes.";"IO ; BP";;"2026";"2029";"Subdirección de Parques y Jardines; SECPLA; Subdirección de Inversiones; Subdirección de Medio Ambiente";;;;;;;"LOC; REG; NAC";;"Evaluación del Sistema Actual (6 meses): Se llevará a cabo un exhaustivo diagnóstico del sistema de riego vigente en las áreas verdes municipales. Este análisis permitirá identificar áreas de mejora y oportunidades de modernización y tecnificación, así como evaluar el estado de la mantención de la infraestructura existente, los métodos de riego empleados y los patrones de consumo de agua. Diseño e Implementación de Mejoras (9 meses): Se diseñará un plan integral de modernización del sistema de riego, el cual contemplará la incorporación de tecnologías más eficientes, tales como sistemas de riego por goteo, sensores de humedad del suelo y programadores automáticos. Además, se realizarán las obras de infraestructura necesarias para la instalación de estos nuevos equipos y sistemas de riego, asegurando así una gestión más eficaz y sostenible del recurso hídrico. Capacitación del Personal y Sensibilización (continuo): Se llevará a cabo la capacitación del personal municipal encargado del mantenimiento y operación del sistema de riego, brindándoles las herramientas necesarias para el adecuado uso de las nuevas tecnologías implementadas.Paralelamente, se realizarán actividades de sensibilización dirigidas a la comunidad, con el fin de concientizar sobre la importancia del uso eficiente del agua en el riego de áreas verdes y la necesidad de conservar los recursos hidricos. Monitoreo y Evaluación (6 meses): Se implementará un sistema de monitoreo continuo del consumo de agua y el rendimiento del sistema de riego modernizado. Este sistema permitirá evaluar regularmente el impacto de las mejoras realizadas en la eficiencia del riego y el estado de las áreas verdes, asegurando así la efectividad de las medidas adoptadas y permitiendo realizar ajustes según sea necesario.";"Indicador de Proceso: Número de tecnologías y equipos de riego modernizados e instalados. Indicadores de Resultado: Porcentaje de reducción en el consumo de agua para el riego de áreas verdes municipales.";;"Revisado";;"COM"
"187";"Santiago";"LE2.3M";;"MIT";"TYM";"Fomento de medios no motorizados.";;"Esta acción busca incrementar la red de ciclovías interconectadas en el área municipal para fomentar el uso de la bicicleta como medio de transporte sostenible y promover la intermodalidad, facilitando así la integración con otros sistemas de transporte público. Esto implica la creación de nuevas ciclovías y la mejora de las existentes para garantizar una red segura y eficiente.";"BP";;"2026";"2027";"Subdirección de Movilidad; SECPLA; Subcirección de Inversiones; Subdirección de Medio Ambiente";;;;;;;"REG; NAC; PRI";;"Planificación y Diseño de Nuevas Ciclovías (8 meses): Se llevará a cabo un estudio con el fin de identificar áreas estratégicas para la expansión de la red de ciclovías en la comuna, así como la situación actual. Este estudio priorizará la conexión entre áreas residenciales, comerciales y de trabajo, identificando aquellos lugares con alta demanda de desplazamiento en bicicleta. Posteriormente, se diseñarán rutas que garanticen una conectividad efectiva y segura para los ciclistas, considerando criterios de accesibilidad y seguridad vial. Construcción y Mejora de Infraestructura (18 meses): Se procederá a la construcción de las nuevas ciclovias de acuerdo con el diseño previamente establecido, asegurando una señalización adecuada y condiciones de seguridad óptimas para los usuarios de bicicleta. Paralelamente, se llevarána cabo mejoras en las ciclovias existentes, tales como repavimentación, ampliación y reparación de tramos dañados, con el objetivo de garantizar su funcionalidad y durabilidad a lo largo del tiempo. Promoción y Sensibilización (Continuo): Se desarrollarán campañas de sensibilización destinadas a promover el uso de la bicicleta como medio de transporte sostenible y resaltar los beneficios de la intermodalidad en la mov lidad urbana. Estas campañas buscarán generar conciencia sobre la importancia de la bicicleta en la reducción de la congestión vehicular y la mitigación de emisiones contaminantes. Además, se organizarán eventos y actividades, como paseos ciclistas y talleres de mantenimiento, con el fin de incentivar el uso de la bicicleta y fortalecer la comunidad ciclista en la comuna.";"Indicadores de Proceso: Kilómetros de nuevas ciclovías construidas o mejoradas. Indicadores de Resultado: Porcentaje de aumento en el uso de la bicicleta como medio de transporte en el área municipal.";;"Revisado";;"COM"
"188";"Santiago";"LE2.4M";;"MIT";"INF";"Mejoramiento de la habitabilidad urbana mediante la ampliación de veredas para la caminabilidad y seguridad peatonal.";;"La medida consiste en mejorar y ensanchar las veredas en áreas urbanas para proporcionar un espacio más seguro, cómodo y accesible para el tránsito peatonal. Esto implica la renovación de las veredas existentes y la creación de nuevas infraestructuras peatonales donde sea necesario, priorizando zonas con alta densidad de peatones y áreas comerciales.";"IO";;"2028";"2031";"Subdirección de Movilidad; SECPLA; Subdirección de Inversiones; Subdirección de Medio Ambiente; Dirección de Tránsito y Transporte Público";;;;;;;"REG; NAC; PRI";;"Identificación de Áreas Prioritarias (3 meses): Se llevará a cabo un análisis de las zonas urbanas con el propósito de identificar aquellas áreas que presenten aceras estrechas o en mal estado. Se priorizarán las zonas con alta afluencia peatonal, tales como centros comerciales, áreas residenciales densamente pobladas y sectores cercanos a escuelas o centros de salud. Este análisis permitirá focalizar los esfuerzos en aquellas áreas donde la mejora de las veredas tenga un impacto significativo en la movilidad y seguridad peatonal.Diseño y Planificación (6 meses): Se procederá a diseñar un plan detallado para el ensanchamiento y mejoramiento de las veredas, teniendo en cuenta diversos aspectos como la necesidad de espacio para peatones, la ubicación de mobiliario urbano y la integración de arborización. Además, se gestionarán los permisos necesarios y se realizarán consultas públicas para garantizar la aceptación y participación activa de la comunidad local en el proceso de diseño, asegurando así que las soluciones propuestas se ajusten a las necesidades y expectativas de los habitantes. Implementación de Obras (18 meses): Se llevará a cabo la ejecución de las obras de mejoramiento y ensanchamiento de las veredas de acuerdo con el plan establecido previamente. Durante esta fase, se coordinarán las actividades con otras obras municipales, como la instalación de servicios públicos subterráneos, con el objetivo de minimizar interrupciones y optimizar el uso de recursos. Este enfoque integral garantizará la eficiencia en la ejecución de las obras y la maximización de los beneficios para la comunidad.";"Indicadores de Proceso: Porcentaje de veredas mejoradas o ensanchadas en relación con el plan inicial. Indicadores de Resultado: Metros lineales de veredas normalizadas o ensanchadas conforme a estándares de accesibilidad universal.";;"Revisado";;"COM"
"189";"Santiago";"LE2.5M";;"MIT";"TYM";"Impulsar sistemas de intermodalidad mediante infraestructura segura para bicicletas y vehículos no motorizados en puntos estratégico";;"La medida tiene por objetivo fortalecer los sistemas de intermodalidad urbana a través de la implementación de infraestructura segura y accesible para el almacenamiento de bicicletas y otros vehículos no motorizados en puntos de alta confluencia. Esta acción busca facilitar la conexión entre modos de transporte sostenibles (bicicleta, transporte público, etc.), reduciendo así la dependencia del automóvil y contribuyendo a la disminución de emisiones de gases de efecto invernadero. Se priorizarán ubicaciones estratégicas como estaciones intermodales, centros comerciales, espacios públicos y zonas de alta densidad peatonal fomentando una movilidad activa, inclusiva y eficiente.";"IO";;"2028";"2031";"Subdirección de Movilidad;SECPLA; Subdirección de Inversiones; Subdirección de Medio Ambiente";;;;;;;"REG; NAC; PRI";;"Identificación de Puntos de Alta Confluencia (3 meses): Se llevará a cabo un exhaustivo estudio con el fin de identificar los puntos de alta afluencia de personas y posibles usuarios de bicicletas y otros vehículos no motorizados. Se dará prioridad a áreas estratégicas como estaciones de transporte público, centros comerciales, parques y zonas de recreación, donde la demanda de sistemas de almacenamiento para estos vehículos sea más relevante y beneficiosa para la comunidad. Diseño y Selección de Sistemas de Almacenamiento (6 meses): Se realizará una investigación detallada y una evaluación exhaustiva de diversas opciones de sistemas de almacenamiento disponibles en el mercado, incluyendo estacionamientos con racks, casilleros y dispositivos automáticos. Posteriormente, se seleccionarán los sistemas más apropiados en función del contexto específico y las necesidades particulares de cada punto de alta confluencia, asegurando así una solución efectiva y eficiente para los usuarios. Instalación y Mantenimiento de Sistemas (12 meses): Una vez seleccionados los sistemas de almacenamiento más adecuados, se procederá a su instalación en los puntos identificados, garantizando una implementación correcta y segura. Además, se establecerán programas de mantenimiento periódico para asegurar el buen funcionamiento de los sistemas a lo largo del tiempo. Se proporcionará información y capacitación a los usuarios sobre el uso adecuado y responsable de estos sistemas, promoviendo así su óptimo aprovechamiento y conservación.";"Indicadores de Proceso: Número de sistemas de almacenamiento instalados en los puntos identificados. Indicadores de Resultado: Porcentaje de capacidad utilizada de los sistemas de almacenamiento instalados.";;"Revisado";;"COM"
"190";"Santiago";"LE2.6M";;"MIT";"ENE";"Diagnóstico y reducción del consumo energético en establecimientos municipales.";;"Esta medida tiene como objetivo realizar un diagnóstico del consumo energético en los establecimientos municipales y llevar a cabo acciones para reducir el consumo. Se busca identificar áreas de mejora en la eficiencia energética y promover el uso responsable de la energia, contribuyendo así a la mitigación del cambio climático y la reducción de emisiones de gases de efecto invernadero.";"FC; BP";;"2026";"2027";"SECPLA; Subdirección de Inversiones; Subdirección de Medio Ambiente; Administración municipal";;;;;;;"LOC; REG; NAC; PRI";;"Identificación de Establecimientos de Alto Consumo (1 mes): Se llevará a cabo un análisis para identificar los establecimientos públicos municipales que presentan un mayor consumo energético. Esto incluirá edificios administrativos, centros comunitarios, instalaciones deportivas y otros espacios municipales relevantes. Diagnóstico Energético (3 meses): Se realizará un diagnóstico detallado del consumo energético en los establecimientos municipales identificados. Este análisis podrá comprender la evaluación de los patrones de consumo, los equipos y sistemas de iluminación, climatización y otros dispositivos energéticos. El objetivo es identificar áreas específicas de mejora y oportunidades para implementar medidas de eficiencia energética en cada establecimiento.Implementación de Medidas de Eficiencia Energética (6 meses): En esta etapa, se implementarán las medidas concretas para mejorar la eficiencia energética en los edificios municipales identificados como de alto consumo. Esto incluirá el recambio de luminarias por tecnologías más eficientes, como las luces LED, así como la adopción de prácticas de gestión energética, como la programación de horarios de funcionamiento de equipos y sistemas, el apagado automático de equipos en períodos de inactividad y la optimización de la climatización. Monitoreo y Evaluación (cada 3 meses): Se establecerá un sistema de monitoreo continuo del consumo energético en los establecimientos públicos municipales donde se hayan implementado medidas de eficiencia energética. Este monitoreo se realizará cada tres meses para evaluar el impacto de las medidas implementadas en la reducción del consumo erergético y para calcular los ahorros económicos asociados. De esta manera, se podrá realizar un seguimiento adecuado del progreso y realizar ajustes según sea necesario para maximizar los beneficios de las medidas de eficiencia energética.";"Indicadores de Proceso: Número de establecimientos públicos municipales analizados. Indicadores de Resultado: Porcentaje de reducción en el consumo energético en los establecimientos públicos municipales intervenidos.";;"Revisado";;"COM"
"191";"Santiago";"LE2.7M";;"MDI";"TYM";"Modernización de la flota y gestión eficiente de rutas para promover la electromovilidad en la operación municipal";;"La medida tiene como objetivo modernizar la flota de vehículos, maquinaria y equipamiento municipal, incorporando tecnologías limpias y promoviendo la electromovilidad. Además de la renovación tecnológica, se integrará un sistema de gestión eficiente de rutas operativas municipales -como recolección de residuos, vigilancia, mantención de áreas verdes, entre otros- con el fin de optimizar los trayectos, reducir el consumo energético y mejorar la calidad del servicio.";"IO ; BP";;"2026";"2027";"SECPLA; Subdirección de Inversiones; Subdirección de Medio Ambiente; Dirección de Operaciones; Subdirección de Subdirección de Mantenimiento y Transporte Municipal";;;;;;;"REG; NAC; PRI";;"Diagnóstico de Flota, Equipamiento y Rutas Municipales (2 meses): Levantamiento integral del estado actual de la flota de vehículos, maquinaria y equipamiento municipal, incluyendo antigüedad, consumo energético y emisiones asociadas. Paralelamente, se realizará un análisis de los trayectos operativos frecuentes (como recolección de residuos, logistica urbana, patrullaje y mantención de áreas verdes), identificando ineficiencias en recorridos y oportunidades de optimización logística y energética. Planificación Estratégica de Modernización y Gestión Eficiente (3 meses): Desarrollo de un plan maestro para la renovación progresiva de la flota, priprizando la incorporación de vehículos eléctricos y tecnologías limpias en función del diagnóstico anterior. El plan incluirá criterios de gestión eficiente de rutas, cronograma de implementación, costos de inversión y mantenimiento, y estimaciones de reducción de emisiones. También se evaluará la integración de software o sistemas inteligentes de planificación y monitoreo de rutas. Adquisición de Vehículos Eléctricos y Tecnologías Limpias (6 meses): Ejecución de procesos de licitación para la adquisición de vehículos y maquinaria moderna, priorizando unidades eléctricas o híbridas para servicios municipales críticos. Se contemplará la compra de vehículos adaptados a trayectos urbanos optimizados y compatibles con la infraestructura de carga planificada. Se promoverá la articulación con fondos públicos o privados para el financiamiento de estas adquisiciones. Infraestructura de Carga, Capacitación y Puesta en Marcha (2 meses): Instalación de puntos de carga eléctrica en dependencias municipales estratégicas, asegurando cobertura para las nuevas unidades. Paralelamente, se desarrollará un programa de capacitación técnica para funcionarios y operadores municipales en el uso de vehículos eléctricos, gestión de rutas eficientes y mantenimiento preventivo, facilitando así una transición tecnológica y operativa efectiva.";"Indicadores de Proceso: Porcentaje de vehículos municipales diagnosticados y priorizados para modernización. Indicadores de Resultado: Porcentaje de reducción estimada de emisiones de GEI en la operación vehicular municipal.";;"Revisado";;"COM"
"192";"Santiago";"LE2.8M";;"MIT";"INF";"Elaboración de manual de buenas prácticas para infraestructura municipal sostenible, resiliente y eficiente.";;"La medida busca elaborar un manual de buenas prácticas para infraestructura municipal sostenible, resiliente y eficiente. Este documento entregará lineamientos para reducir el consumo de recursos, integrar soluciones sostenibles y mejorar el desempeño ambiental de edificaciones y equipamiento municipal. Se complementará con una campaña de difusión para promover su adopción por parte de los equipos técnicos comunales.";"BP; FC";;"2026";"2027";"SECPLA; Subdirección de Inversiones; Subdirección de Medio Ambiente";;;;;;;"LOC";;"Recopilación de información y diagnóstico de referencia (3 meses): Levantamiento de información sobre el desempeño ambiental y funcional de la infraestructura municipal existente. Se recopilarán buenas prácticas nacionales e internacionales en diseño construcción y operación sustentable de edificios y espacios públicos, incluyendo criterios de eficiencia energética, hídrica, confort térmico, accesibilidad y soluciones basadas en la naturaleza .Elaboración del Manual de Buenas Prácticas (6 meses): Desarrollo técnico del manual, incorporando recomendaciones prácticas en ámbitos como iluminación, climatización, uso de materiales sostenibles, gestión de residuos, arborización, drenaje urbano y diseño resiliente. Se presentarán ejemplos, estándares y fichas técnicas orientadas a equipos municipales y profesionales externos. Validación interna y diseño final del documento (1 mes): Revisión participativa del contenido con unidades técnicas municipales y especialistas sectoriales. Se integrarán sugerencias y se diseñará el formato final del manual, asegurando claridad, aplicabilidad y transversalidad institucional. Campaña de difusión y capacitación técnica (3 meses): Ejecución de una campaña comunicacional para socializar el manual, acompañada de talleres técnicos dirigidos a equipos municipales de obras, arquitectura, planificación y medio ambiente. El objetivo es facilitar la apropiación del documento como herramienta de referencia para futuros proyectos de infraestructura comunal.";"Indicadores de Proceso: Número de canales de comunicación utilizados para difundir el manual. Indicadores de Resultado: Porcentaje de reducción de consumo energético en los establecimientos municipales después de la implementación de las medidas propuestas en el manual.";;"Revisado";;"COM"
"193";"Santiago";"LE3.9M";;"MIT";"ENE";"Recambio de luminaria comunal a tecnología LED.";;"La medida consiste en reemplazar la luminaria convencional aún existente en espacios públicos municipales por tecnología LED más eficiente y sostenible. Este recambio tiene como objetivo reducir el consumo de energia eléctrica, disminuir los costos de mantenimiento y mejorar la calidad de la iluminación en las calles, plazas y parques de la comunidad.";"IO";;"2026";"2027";"SECPLA; Subdirección de Inversiones; Subdirección de Medio Ambiente; Alumbrado Público";;;;;;;"REG; PRI; NAC";;"Evaluación y Planificación (3 meses): Se llevará a cabo un inventario minucioso de la luminaria existente en las áreas públicas municipales para comprender mejor el estado actual de la iluminación. Posteriormente, se evaluará la viabilidad técnica y económica del recambio a tecnología LED en cada área identificada, considerando factores como la eficiencia energética, la durabilidad y el retorno de la inversión. Con base en esta evaluación, se elaborará un plan de recambio que incluirá la selección de luminarias LED apropiadas y la planificación detallada de la instalación, priorizando áreas con mayor necesidad y visibilidad pública. Recambio de Luminaria (12 meses): Una vez establecido el plan de recambio, se procederá a adquirir las luminarias LED seleccionadas de acuerdo con las especificaciones y necesidades del proyecto. La instalación de las nuevas luminarias LED se llevará a cabo en áreas prioritarias, comenzando por aquellas con mayor consumo energético y visibilidad pública. Para garantizar una implementación exitosa, se coordinará estrechamente con empresas de servicios eléctricos para asegurar la correcta instalación y conexión de las nuevas luminarias, garantizando así una transición fluida y eficiente hacia la tecnologia LED. Monitoreo y Evaluación (Continuo): Se establecerá un sistema de monitoreo para medir el consumo de energía antes y después del recambio, lo que permitirá evaluar el impacto del proyecto en términos de eficiencia energética y ahorro de costos. Además, se realizará una evaluación integral que incluirá la calidad de la iluminación, la percepción de seguridad por parte de la comunidad y los beneficios derivados en términos de reducción de costos de mantenimiento. Estos datos serán fundamentales para evaluar el éxito del proyecto y realizar ajustes si fuera necesario para optimizar su rendimiento y beneficios a largo plazo.";"Indicadores de Proceso: Porcentaje de luminarias LED instaladas en relación con el plan de recambio. Indicadores de Resultado: Porcentaje de reducción en el consumo de energía eléctrica después del recambio.";;"Revisado";;"COM"
"194";"Santiago";"LE3.10M";;"MIT";"RES";"Fortalecimiento del programa de compostaje municipal.";;"Esta medida busca promover la reducción de residuos orgánicos y fomentar prácticas sostenibles que permitan mejorar la calidad del suelo y reducir la dependencia de fertilizantes químicos. así como también fomentar la conciencia ambiental y la participación ciudadana en la gestión sostenible de residuos.";"BP; PP";;"2026";"2029";"DIDECO; Subdirección de Parques y Jardines; Subdirección de Aseo y Limpieza Urbana; SECPLA; Subdirección de Inversiones; Subdirección de Medio Ambiente";;;;;;;"LOC; REG; NAC; PRI";;"Evaluación del Programa Actual (3 meses): Se realizará una evaluación del programa de compostaje municipal actual, identificando fortalezas, debilidades, oportunidades y amenazas. Asimismo, se recopilarán datos sobre la cantidad de residuos orgánicos recolectados y el nivel de participación de la comunidad. Ampliación de Infraestructura y Recursos (6 meses): Se realizarán mejoras en la infraestructura y equipamiento de los puntos existentes para facilitar la separación y procesamiento de residuos orgánicos. Promoción y Sensibilización (3 meses): Se realizarán campañas de sensibilización y educación ambiental dirigidas a la comunidad, destacando los beneficios del compostaje y proporcionando orientación sobre cómo participar en el programa. De igual forma, se organizarán talleres y eventos de capacitación sobre técnicas de compostaje doméstico y uso de compost en jardinería y agricultura. Monitoreo y Evaluación (cada 6 meses): Se establecerá un sistema de monitoreo para evaluar el rendimiento y la eficacia del programa de compostaje municipal, así como también la recopilación de datos sobre la cantidad de residuos orgánicos desviados del relleno sanitario y la calidad del compost producido.";"Indicadores de Proceso: Número de nuevos puntos fijos de compostaje implementados. Indicadores de Resultado: Toneladas de residuos orgánicos compostados.";;"Revisado";;"COM"
"195";"Santiago";"LE3.11M";;"MIT";"RES";"Fortalecimiento de programa de compostaje y vermicompostaje domiciliario.";;"Esta medida busca incentivar que vecinos y vecinas de la comuna Implementen sistemas de compostaje y/o vermicompostaje para la gestión domiciliaria de los propios residuos orgánicos generados. Promoviendo asi la reducción de los residuos que son destinados a rellenos sanitarios y la reducción de emisiones de gases de efecto invernadero, fomentando la participación ciudadana en la gestión sostenible y contribuyendo al mejoramiento del suelo.";"BP; PP";;"2026";"2029";"Subdirección de Parques y Jardines; Subdirección de Aseo y Limpieza Urbana; SECPLA; Subdirección de Inversiones; Subdirección de Medio Ambiente";;;;;;;"LOC; REG; NAC; PRI";;"Difusión y Sensibilización (2 meses): Realización de campañas de difusión y sensibilización sobre los beneficios del compostaje y vermicompostaje domiciliario. Incluyendo la organización de charlas, talleres y demostraciones prácticas en la comunidad para enseñar a los residentes cómo compostar correctamente. Distribución de Equipamiento (3 meses): Se proveerán kits de vermicompostaje a los hogares interesados y material informativo. Seguimiento y Asesoramiento (continuo, según necesidad): Se brindará asistencia técnica y seguimiento periódico a los participantes del programa, resolviendo dudas y proporcionando orientación sobre la práctica del compostaje y vermicompostaje. Monitoreo y Evaluación (cada 6 meses): Se implementará un sistema de monitoreo para evaluar el nivel de participación y el rendimiento del programa, así como también la recopilación de datos sobre la cantidad de residuos orgánicos tratados.";"Indicadores de Proceso: Número de hogares inscritos en el programa de vermicompostaje domiciliario. Indicadores de Resultado: Kilogramos de residuos orgánicos vermicompostados por mes.";;"Revisado";;"COM"
"196";"Santiago";"LE3.12M";;"MIT";"RES";"Adquisición de biocompostador para la gestión optimizada de residuos organicos.";;"Se adquirirán biocompostadores para su instalación en parques y espacios estratégicos, con el fin de gestionar de manera eficiente los residuos organicos en estos lugares. Este tipo de equipamiento permite la descomposición controlada de los residuos orgánicos, produciendo compost de alta calidad que puede ser utilizado como fertilizante.";"IO";;"2026";"2029";"SECPLA; Subdirección de Inversiones; Subdirección de Medio Ambiente";;;;;;;"LOC; REG; NAC; PRI";;"Estudio de Viabilidad y Selección de Equipamiento (3 meses): Se realizará un estudio de viabilidad para determinar la ubicación y el tamaño adecuado del biocompostador en parques, así como el equipamiento especial requerido para el correcto manejo del compost. Además, se seleccionarán proveedores de biocompostadores y equipamiento que cumplan con los estándares de calidad y sostenibilidad definidos. Adquisición e Instalación de Biocompostadores (6 meses): Adquisición e instalación de los biocompostadores y equipamiento necesario según las especificaciones definidas en el estudio de previo. Capacitación y Sensibilización (3 meses): Capacitación al personal municipal responsable del mantenimiento y operación de los equipos adquiridos. Adicionalmente, se realizará una campaña de sensibilización y educación ambiental dirigidas a la comunidad para promover la separación adecuada de residuos orgánicos y el uso responsable de los equipos. Monitoreo y Evaluación (continuo): Se desarrollará un sistema de monitoreo para evaluar el rendimiento y la eficacia de los biocompostadores en la gestión de residuos orgánicos. Además, se recopilarán datos sobre la cantidad de residuos tratados, la producción de compost, y el impacto ambiental de la medida.";"Indicadores de Proceso: Número de biocompostadores adquiridos e instalados en espacios municipales. Indicadores de Resultado: Toneladas de residuos orgánicos tratados por los biocompostadores en parques.";;"Revisado";;"COM"
"197";"Santiago";"LE3.13M";;"MIT";"RES";"Fortalecimiento del Reciclaje y Gestión de Materiales Inorgánicos.";;"Esta medida busca fortalecer el sistema de reciclaje y gestión de materiales inorgánicos a nivel comunal que ya se encuentra implementado en la comuna, promoviendo la separación y el adecuado manejo de residuos reciclables en los hogares y espacios públicos.";"BP";;"2026";"2029";"SECPLA; Subdirección de Inversiones; Subdirección de Medio Ambiente; Subdirección de Aseo y Limpieza Urbana";;;;;;;"REG; NAC; PRI";;"Evaluación del Sistema Actual (3 meses): Se realizará un diagnóstico del sistema de reciclaje actual a nivel comunal, identificando fortalezas, debilidades y áreas de mejora. De igual forma se evaluará la infraestructura existente, los flujos de reciclaje y la participación ciudadana. Adquisición y Distribución de Contenedores Separadores (12 meses): Se adquirirán contenedores separadores para reciclaje a nivel domiciliario, proporcionando información sobre su uso y beneficios. Promoción y Sensibilización (durante todo el periodo de implementación): Se llevarán a cabo campañas de sensibilización y educación ambiental sobre la importancia del reciclaje y la separación de residuos. Además, se organizar actividades comunitarias, charlas y talleres para fomentar la participación ciudadana en el reciclaje. Optimización de la Recolección y Gestión de Residuos (18 meses): A partir de la información adquirida, se mejorará la logística de recolección de materiales reciclables, estableciendo rutas eficientes y horarios claros. De igual forma, se implementarán sistemas de seguimiento y control para garantizar el adecuado manejo de los residuos recolectados.";"Indicadores de Proceso: Número de nuevos puntos de reciclaje establecidos. Indicadores de resultado: Porcentaje de Aumento en la Tasa de Reciclaje.";;"Revisado";;"COM"
"198";"Santiago";"LE3.14M";;"MIT";"ENE";"Fomento a la implementación de colectores solares y/o fotovoltaicos en edificios municipales y/o edificios públicos. sistemas";;"Esta medida busca promover la implementación de tecnologías solares, como colectores solares para el abastecimiento de agua caliente sanitaria (ACS) y sistemas fotovoltaicos, en dependencias municipales y/o edificios públicos. Se pretende aprovechar la energia solar para reducir la dependencia de fuentes de energía convencionales, promoviendo la sostenibilidad y la eficiencia energética en los espacios públicos.";"IO";;"2028";"2029";"SECPLA; Subdirección de Inversiones; Subdirección de Medio Ambiente; Subdirección de Deportes y Recreación";;;;;;;"LOC; REG; NAC; PRI";;"Estudio de Viabilidad y Diseño del Proyecto (6 meses): Se realizará un exhaustivo estudio de viabilidad técnica y económica para determinar la posibilidad de implementar colectores solares y/o paneles fotovoltaicos en las dependencias establecidas. Este estudio será caso a caso y abordará aspectos como la ubicación óptima de los equipos solares y el dimensionamiento adecuado del sistema fotovoltaico según corresponda, con el objetivo de diseñar un proyecto que garantice la eficiencia y rentabilidad de la instalación. Adquisición e Instalación de Equipos Solares (8 meses): Se adquirirán las tecnologías requeridas. Paralelamente, se coordinará la instalación de estos equipos en las canchas deportivas municipales, asegurando un adecuado funcionamiento.Capacitación y Sensibilización (durante la implementación): Se llevará a cabo la capacitación del personal encargado del mantenimiento y operación de los equipos solares, así como de los usuarios de las instalaciones deportivas, sobre el funcionamiento y beneficios de estas tecnologías. Asimismo, se realizarán actividades de sensibilización dirigidas a la comunidad, con el fin de promover el uso de energías renovables y la importancia de la eficiencia energética en los espacios públicos. Monitoreo y Evaluación (cada 6 meses): Se implementará un sistema de monitoreo para evaluar el rendimiento y la eficacia de los colectores solares y paneles fotovoltaicos instalados en las canchas deportivas. Este sistema permitirá medir el ahorro de energía, la reducción de emisiones y los beneficios económicos derivados de la utilización de estas tecnologías solares, facilitando así la toma de decisiones y la optimización continua delprovecto.";"Indicadores de Proceso: Número de colectores solares y sistemas fotovoltaicos instalados en las dependencias elegidas. Indicadores de Resultado: Porcentaje de reducción en el consumo de energía eléctrica y/o combustibles fósiles en las dependencias elegidas.";;"Revisado";;"COM"
"199";"Santiago";"LE3.15M";;"MDI";"ENE";"Fortalecimiento de capacidades locales para la creación de cooperativas energéticas y la diversificación de la matriz energética comunal";;"Esta medida tiene como objetivo fomentar la creación y capacitación de cooperativas energéticas locales para que puedan acceder a fondos y desarrollar proyectos de energía renovable a pequeña escala. Se busca fortalecer la participación comunitaria en la transición hacia un modelo energético más sostenible y descentralizado, promoviendo la generación de energía limpia y la autonomía energética a nivel local.";"FC";;"2028";"2029";"SECPLA; Subdirección de Inversiones; Subdirección de Medio Ambiente";;"Agencia de Sostenibilidad Energética; Ministerio de Energía";;;;;"LOC; PRI";;"Identificación y Sensibilización (3 meses): Se llevará a cabo la identificación de comunidades interesadas en la creación de cooperativas energéticas a través de campañas de sensibilización y divulgación. Estas campañas se centrarán en destacar los beneficios y el funcionamiento de las cooperativas energéticas. Además, se organizarán reuniones informativas para proporcionar detalles sobre cómo funcionan las cooperativas y los beneficios que ofrecen a las comunidades participantes. Formación y Capacitación (6 meses): Se diseñarán programas de formación y capacitación en cooperativismo, energía renovable, gestión financiera y formulación de proyectos. Estos programas incluirán talleres y cursos dirigidos a los miembros de las cooperativas, con un enfoque especial en la planificación y desarrollo de proyectos de energía renovable. El objetivo es capacitar a los miembros de las cooperativas para que puedan participar activamente en la gestión y ejecución de proyectos energéticos. Asesoramiento Técnico y Jurídico (4 meses): Se brindará asesoramiento técnico y jurídico a las cooperativas en todas las etapas de su desarrollo. Esto incluirá ayuda en la elaboración de estatutos, registro legal y trámites administrativos necesarios para la creación y operación de las cooperativas. Además, se facilitará el acceso a profesionales especializados en energia renovable y gestión cooperativa para asistir en el desarrollo de proyectos y resolver cualquier problema técnico o legal que pueda surgir. Acceso a Fondos y Recursos (Continuo): Se facilitará el acceso a fondos públicos y privados para la implementación de proyectos de energia renovable a pequeña escala. Esto incluirá la identificación de oportunidades de financiamiento y la asistencia en la presentación de solicitudes de subvenciones y créditos. Además, se impulsarán compras asociativas de equipos, como paneles solares, para la generation de energía a nivel comunitario, con el objetivo de reducir los costos y promover la adopción de tecnologías renovables.";"Indicadores de Proceso: Número de cooperativas energéticas creadas o fortalecidas. Indicadores de Resultado: Número de proyectos de energía renovable implementados por las cooperativas.";;"Revisado";;"COM"
"200";"Santiago";"LE5.16M";;"ADA";"GSH";"Recuperación de grandes volúmenes de agua como piscinas, edificios y colegios para su uso y aprovechamiento en áreas verdes.";;"Esta medida tiene como objetivo recuperar grandes volúmenes de agua provenientes de piscinas, edificios y colegios para su reutilización y aprovechamiento en el riego de áreas verdes. Se busca reducir la demanda de agua potable para el riego, promover la preservación del recurso hídrico y mejorar la sostenibilidad ambiental en espacios urbanos.";"IO";;"2026";"2029";"Subdirección de Parques y Jardines; SECPLA; Subdirección de Inversiones; Subdirección de Medio Ambiente";;"Agencia de Sostenibilidad Energética";;;;;"LOC; REG; NAC; PRI";;"Identificación de Fuentes de Agua Potencialmente Recuperables (3 meses): Se realizará un inventario de piscinas, edificios y colegios en la comuna que dispongan de grandes volúmenes de agua. Evaluando la viabilidad técnica y legal/normativa de recuperar y reutilizar el agua de estas fuentes. Implementación de Sistemas de Recuperación y Almacenamiento (8 meses): Se llevará a cabo la instalación de sistemas especializados de captación, tratamiento y almacenamiento de agua en piscinas, edificios y colegios seleccionados, así como la adaptación de infraestructuras existentes para garantizar una gestión eficiente y sostenible del recurso hídrico. Desarrollo de Infraestructura de Distribución y Uso (6 meses): Se implementarán sistemas de distribución de agua recuperada para el riego de áreas verdes públicas, acompañados de programas de capacitación dirigidos al personal encargado del mantenimiento y operación de dichos sistemas, garantizando así un uso eficiente y sostenible del recurso hídrico. Monitoreo y Evaluación del Impacto (cada 6 meses): Se establecerá un sistema de monitoreo para medir tanto la cantidad como la calidad del agua recuperada y empleada en actividades de riego, con el fin de evaluar su impacto ambiental y social, incluyendo el ahorro de agua potable, la reducción de la huella hídrica y la mejora del entorno urbano.";"Indicadores de Proceso: Número de piscinas, edificios y colegios equipados con sistemas de recuperación de agua. Indicadores de Resultado: Volumen total de agua recuperada en el riego de áreas verdes.";;"Revisado";;"COM"
"201";"Santiago";"LE1.1A";;"MDI";"EYD";"Elaboración de una campaña comunicacional orientada a la concientización sobre el cambio climático.";;"Esta medida busca sensibilizar a la comunidad sobre el cambio climático, sus impactos y las acciones necesarias para enfrentarlo. A través de una campaña multicanal, se promoverá el acceso a información científica clara y actualizada, fomentando la participación ciudadana, la transparencia y la rendición de cuentas respecto al avance del Plan de Acción Comunal de Cambio Climático.";"FC";;"2026";"2027";"SECPLA; Subdirección de Inversiones; Subdirección de Medio Ambiente; Dirección de Comunicaciones";;;;;;;"LOC; PRI";;"Análisis y Planificación (1 mes): Se establecerá un equipo multidisciplinario que incluirá expertos en comunicación, científicos del clima y profesionales en políticas públicas. Este equipo realizará un análisis para identificar los segmentos clave de la población, considerando sus características. A partir de esta información, se definirán objetivos específicos, mensajes clave y métricas de éxito para la campaña, asegurando que los esfuerzos de comunicación sean dirigidos y efectivos. Desarrollo de Contenidos (2 meses): Se recopilará información científica actualizada sobre el cambio climático, sus causas, impactos y soluciones. Con esta base, se elaborarán materiales visuales atractivos y accesibles que comuniquen la complejidad del cambio climático de manera clara y efectiva. Los mensajes serán adaptados a diferentes plataformas y audiencias, utilizando un lenguaje simple y directo para garantizar que la información sea comprensible y resonante con todos los segmentos de la población. Selección de Canales y Medios (1 mes): Se identificarán los medios de comunicación más adecuados para llegar a cada segmento de la población, incluyendo televisión, radio, prensa, redes sociales y sitios web. Se establecerán alianzas estratégicas con medios de comunicación, influencers y organizaciones clave para amplificar el alcance de la campaña. Esta selección permitirá una difusión amplia y efectiva del mensaje a través de múltiples canales. Implementación y Difusión (6 meses): La campaña será lanzada en múltiples fases, utilizando diferentes canales y medios para maximizar la cobertura y la participación. Se organizarán eventos de lanzamiento y actividades de involucramiento comunitario para generar interés y participación activa. Durante esta fase, se monitoreará la difusión de la campaña y se ajustará la estrategia según los resultados y el feedback recibido, garantizando una ejecución flexible y adaptativa. Evaluación y Seguimiento (3 meses): Se evaluará el impacto de la campaña mediante la recopilación de datos sobre la conciencia, actitudes y comportamientos relacionados con el cambio climático. Se analizarán las métricas de éxito definidas en la fase de planificación y se realizarán ajustes según sea necesario para mejorar la efectividad de la campaña. Además, se elaborarán informes periódicos de progreso y resultados, que serán compartidos con los colaboradores y el público en general, asegurando la transparencia y la rendición de cuentas del proceso.";"Indicadores de Proceso: Número de publicaciones, emisiones o anuncios realizados por medio y por semana. Indicadores de Resultado: Porcentaje de incremento en el conocimiento de la población sobre el cambio climático y sus impactos, medido a través de encuestas antes y después de la campaña.";;"Revisado";;"COM"
"202";"Santiago";"LE1.2A";;"MDI";"EYD";"Realización de Talleres de Capacitación, Sensibilización y Recorridos Temáticos.";;"La medida contempla la realización de talleres de capacitación, recorridos temáticos y campañas de concientización ambiental dirigidas a comunidades educativas, territoriales y otros. Su objetivo es promover la corresponsabilidad ciudadana frente a la crisis climática, abordando temáticas como reciclaje, eficiencia energética, energías renovables y adaptación al cambio climático. Se incluirán módulos específicos para programas de capacitación laboral, fortaleciendo habilidades orientadas a la sostenibilidad y la acción climática desde diversos sectores sociales y productivos.";"FC";;"2027";"2028";"SECPLA; Subdirección de Inversiones; Subdirección de Medio Ambiente; Dirección de Desarrollo Económico Local";;"Juntas de Vecinos";;;;;"LOC; REG; NAC; PRI";;"Diseño de Contenidos y Materiales (1 mes): Se identificarán los temas específicos a abordar en cada taller y recorrido temático, garantizando que sean relevantes y de interés para la audiencia. Se desarrollarán materiales didácticos y recursos visuales adecuados para cada grupo, utilizando formatos atractivos y accesibles para facilitar el aprendizaje y la comprensión de los contenidos. Estos materiales incluirán presentaciones, folletos, guías prácticas y herramientas interactivas. Planificación y Coordinación de Eventos (1 mes): Se establecerán fechas, lugares y horarios para la realización de los talleres y recorridos temáticos, asegurando una logistica eficiente y accesible para los participantes. Se coordinará con instituciones educativas, juntas de vecinos, municipios y empresas locales para organizar los eventos, aprovechando sus recursos y redes de contacto para maximizar la participación y el impacto de las actividades. Implementación de Talleres y Recorridos (3 meses): Se impartirán los talleres de capacitación y sensibilización utilizando métodos participativos y dinámicos que fomenten la interacción y el compromiso de los participantes. Además, se organizarán recorridos temáticos que permitan a los asistentes conocer de primera mano iniciativas ambientales y proyectos de energías renovables en la comunidad, proporcionando una experiencia práctica y motivadora que complemente la formación teórica. Evaluación y Seguimiento: Se recopilará retroalimentación de los participantes sobre la calidad y utilidad de los talleres y recorridos, mediante encuestas y sesiones de feedback. Se evaluará el impacto de la medida utilizando como el conocimiento adquirido, los cambios de actitud y las acciones implementadas por los participantes, permitiendo ajustar y mejorar futuras actividades basadas en estos resultados.";"Indicadores de Proceso: Número de talleres y recorridos temáticos realizados. Indicadores de Resultado: Incremento en el conocimiento de los participantes sobre reciclaje, energías renovables, eficiencia energética y cambio climático.";;"Revisado";;"COM"
"203";"Santiago";"LE1.3A";;"MDI";"EYD";"Fortalecimiento de la educación energética a través de la vinculación con establecimientos escolares de la comuna.";;"La medida busca promover la incorporación de contenidos sobre eficiencia energética y energías renovables en las comunidades escolares de la comuna, a través del fortalecimiento de capacidades, entrega de material pedagógico y articulación con equipos educativos. Desde un rol de apoyo, se fomentará la vinculación con establecimientos para integrar la educación energética en sus prácticas pedagógicas, promoviendo así una cultura escolar orientada a la sostenibilidad.";"FC";;"2028";"2029";"SECPLA; Subdirección de Inversiones; Subdirección de Medio Ambiente";;;;;;;"LOC; PRI";;"Diagnóstico de necesidades educativas en energía y sostenibilidad (2 meses): Levantamiento participativo de intereses, brechas y capacidades en torno a la temática energética en establecimientos escolares de la comuna. Este proceso considerará reuniones con equipos directivos y docentes para identificar oportunidades de apoyo pedagógico desde el municipio. Elaboración y adaptación de materiales educativos sobre eficiencia energética (3 meses): Desarrollo de contenidos pedagógicos, recursos didácticos y material de apoyo en temáticas como eficiencia energética, energías renovables y sostenibilidad escolar, adaptados a los distintos niveles educativos y diseñados para ser usados de forma voluntaria por los establecimientos. Acciones de capacitación y acompañamiento técnico a escuelas (2 meses): Implementación de talleres, jornadas formativas y asesorías técnicas dirigidas a docentes, asistentes de la educación y encargados de medio ambiente escolar, con el objetivo de fortalecer capacidades en educación energética y uso del material generado. Estrategias de articulación con comunidades escolares (4 meses): Promoción de instancias de colaboración y proyectos piloto con establecimientos interesados, incentivando la incorporación de contenidos energéticos en prácticas pedagógicas y proyectos educativos. Se priorizará el acompañamiento a escuelas que muestren interés en avanzar en el enfoque de sostenibilidad institucional. Monitoreo del alcance y retroalimentación desde las escuelas (continuo): Seguimiento cualitativo y cuantitativo de las acciones implementadas, meciante encuestas, entrevistas y espacios de retroalimentación con los equipos escolares. Esta información permitirá ajustar la estrategia municipal de apoyo educativo en energía y clima.";"Indicadores de Proceso: Porcentaje de establecimientos escolares de la comuna contactados y diagnosticados en temáticas energéticas. Indicadores de Resultado: Número de establecimientos que incorporan contenidos energéticos en sus prácticas pedagógicas con apoyo municipal.";;"Revisado";;"COM"
"204";"Santiago";"LE1.4A";;"MDI";"EYD";"Instalación de Contenido Educativo sobre temas asociados a Cambio Climático en una Plaza Pública.";;"La medida contempla la instalación de contenido educativo sobre cambio climatico en una plaza pública de alto uso comunitario. Las intervenciones podrán adoptar formatos de urbanismo táctico o expresión artística -como murales, mobiliario interactivo, juegos o señalética con el objetivo de informar, sensibilizar y educar de forma accesible sobre las causas, impactos y acciones frente al cambio climático, fortaleciendo el vínculo entre espacio público y conciencia ambiental.";"FC ; IO";;"2026";"2027";"SECPLA; Subdirección de Inversiones; Subdirección de Medio Ambiente";;;;;;;"LOC; PRI";;"Evaluación y selección participativa del espacio público (1 mes): Identificación de plazas públicas o espacios urbanos con alto tránsito peatonal, priorizando aquellos con potencial educativo y simbólico. Se realizará un proceso participativo con la comunidad local para definir el lugar de intervención, considerando criterios de accesibilidad, visibilidad y vinculación territorial. Diseño colaborativo del contenido y la intervención (2 meses): Co-creación de contenidos educativos sobre cambio climático junto a equipos técnicos, artistas locales, estudiantes y vecinos. Se desarrollarán conceptos que combinen información científica con lenguajes visuales atractivos (murales, señalética, mobiliario, juegos o experiencias interactivas), enmarcados en estrategias de urbanismo táctico y comunicación ambiental. Implementación de la intervención educativa en el espacio público (2 meses): Construcción e instalación de los elementos diseñados, garantizando su resistencia y permanencia en el espacio urbano. Las intervenciones artísticas y pedagógicas buscarán estimular la reflexión, la apropiación comunitaria del lugar y la acción climática desde lo cotidiano. Activación comunitaria, difusión y apropiación (1 mes): Organización de una jornada de inauguración con actividades participativas (talleres, música, recorridos guiados, etc.) para promover el uso y entendimiento del espacio intervenido. Se implementará una campaña de difusión por medios digitales y comunitarios para visibilizar el mensaje y convocar a nuevos públicos. Mantenimiento y actualización del contenido (continuo): Establecimiento de una estrategia de mantenimiento conjunto con organizaciones locales o áreas municipales pertinentes. Se prevé la actualización periódica del contenido educativo y el registro de uso del espacio como herramienta de moritoreo e innovación continua.";"Indicadores de Proceso: Cantidad de paneles informativos y materiales educativos desarrollados. Indicadores de Resultado: Número de visitantes a la plaza pública tras la instalación del contenido educativo.";;"Revisado";;"COM"
"205";"Santiago";"LE1.5A";;"MDI";"EYD";"Piloto Demostrativo sobre los Efectos del cambio climatico en un Establecimiento Educacional.";;"Instalación de un piloto demostrativo en un establecimiento educacional para plasmar los efectos del cambio climático. El piloto incluirá elementos interactivos y educativos que muestren los impactos del cambio climático y las posibles soluciones, facilitando la comprensión y el aprendizaje de los estudiantes sobre este tema.";"FC";;"2026";"2027";"SECPLA; Subdirección de Inversiones; Subdirección de Medio Ambiente";;;;;;;"LOC; REG; NAC; PRI";;"Selección del Establecimiento Educacional (1 mes): Identificar y seleccionar un establecimiento educacional adecuado para la instalación del piloto demostrativo. El establecimiento debe tener un compromiso con la educación ambiental y la infraestructura necesaria para alojar el piloto. Desarrollo del Contenido Educativo y Diseño del Piloto (2 meses): Crear contenido educativo que explique los efectos del cambio climático, utilizando herramientas visuales y tecnologias interactivas. Diseñar el piloto demostrativo, que podría incluir modelos físicos, simulaciones digitales, paneles informativos y prácticas. Instalación del Piloto (1 mes): Instalar los elementos del piloto demostrativo en el establecimiento educacional seleccionado, asegurando su correcta integración con el entorno escolar. Coordinar con el personal del estaolecimiento para facilitar el acceso y uso del piloto por parte de los estudiantes. Actividades Capacitación y Sensibilización (1 mes): Capacitar a los docentes y al personal del establecimiento en el uso del piloto demostrativo. Realizar sesiones de sensibilización con los estudiantes para introducirlos al contenido del piloto y fomentar su participación activa. Monitoreo y Evaluación (continuo): Implementar un sistema de monitoreo para evaluar la efectividad del piloto demostrativo en términos de aprendizaje y sensibilización sobre el cambio climático. Recoger feedback de los estudiantes y docentes para realizar mejoras continuas.";"Indicadores de Proceso: Cantidad de elementos educativos y materiales desarrollados. Indicadores de Resultado: Cambios en las actitudes y comportamientos de los estudiantes respecto al medio ambiente.";;"Revisado";;"COM"
"206";"Santiago";"LE1.6A";;"MDI";"EYD";"Desarrollo e implementación de Escuela de Agricultura y Jardinería urbana. Esta medida consiste en la creación y operación de una Escuela de Agricultura y Jardineria Urbana, destinada a proporcionar educación y capacitación en";;"técnicas agrícolas sostenibles y jardineria urbana. La escuela ofrecerá programas de formación teórica y práctica para residentes urbanos interesados en aprender sobre cultivo de alimentos, manejo de espacios verdes y prácticas agrícolas respetuosas con el medio ambiente.";"FC";;"2027";"2028";"SECPLA; Subdirección de Inversiones; Subdirección de Medio Ambiente";;;;;;;"LOC; REG; NAC; PRI";;"Diseño del Plan de Estudios y Programación de Cursos (2 meses): Desarrollar el plan de estudios que incluya módulos sobre agricultura urbana, jardinería sostenible, compostaje, manejo integrado de plagas y técnicas de cultivo vertical. Programar cursos cortos y talleres practicos. Adecuación de Espacios y Recursos (1 mes): Acondicionar las instalaciones físicas para la realización de clases teóricas y prácticas. Adquirir herramientas, equipos de jardinería, materiales didácticos y recursos para el desrollo de las actividades formativas. Actividades Contratación y Capacitación de Personal Docente (1 mes): Contratar personal docente especializado en agricultura urbana y jardinería sostenible. Proporcionar capacitación sobre metodologías de enseñanza-aprendizaje y manejo de grupos. Divulgación y Promoción de la Escuela (1 mes): Realizar campañas de difusión para promover la oferta educativa de la escuela entre la comunidad local. Utilizar medios de comunicación, redes sociales, afiches y folletos informativos. Inicio de Actividades y Evaluación Continua (continua): Iniciar las clases y talleres según lo programado. Realizar evaluaciones periódicas del desempeño de los estudiantes y del cumplimiento de los objetivos de aprendizaje. Realizar ajustes en el plan de estudios según los resultados obtenidos.";"Indicadores de Proceso: Número de cursos y talleres programados y desarrollados. Indicadores de Resultado: Número de participantes matriculados en los cursos y talleres.";;"Revisado";;"COM"
"207";"Santiago";"LE1.7A";;"MDI";"EYD";"Creación de Centro Comunitario de Desarrollo Sostenible.";;"Creación de un Centro Comunitario enfocado en el desarrollo de habilidades, aprendizaje y colaboración en temas relacionados con la sostenibilidad. El centro incluirá programas de educación energética, innovación, fomento las industrias creativas, una ferretería popular y la promoción de oficiosasociados a la economía circular. Su propósito será fortalecer el agenciamiento de la comunidad local, fomentando su capacidad de acción, participación ciudadana y adopción de prácticas sostenibles.";"IO; FC";;"2029";"2030";"SECPLA; Subdirección de Inversiones; Subdirección de Medio Ambiente";;;;;;;"LOC; REG; NAC; PRI";;"Diseño y Planificación del Centro (2 meses): Definir la estructura organizativa del centro, incluyendo áreas específicas para programas educativos, la ferretería popular y talleres de oficios. Diseñar el plan de gestión y operaciones del centro. Adecuación de Espacios y Equipamiento (3 meses): Adaptar físicamente el espacio para albergar las diferentes del centro. Adquirir el equipamiento necesario para los programas educativos y la ferreteria. Desarrollo e implementación de Programas Educativos (continuo): Diseñar Actividades y lanzar programas educativos sobre eficiencia energética, energías renovables, economía circular y prácticas sostenibles. Impartir cursos y talleres de formación continua. Operación de la Ferretería Popular (continuo): Establecer la ferretería popular como un punto de acceso local a materiales de construcción sostenible y herramientas. Gestionar el inventario y asegurar la accesibilidad a precios asequibles. Promoción y Difusión del Centro (1 mes): Realizar campañas de promoción para dar a conocer el centro y sus servicios a la comunidad local. Utilizar medios de comunicación, redes sociales y eventos comunitarios.";"Indicadores de Proceso: Número de programas educativos desarrollados y lanzados. Indicadores de Resultado: Porcentaje de la comunidad que adopta prácticas sostenibles aprendidas en el centro.";;"Revisado";;"COM"
"208";"Santiago";"LE1.8A";;"MDI";"EYD";"Formación en Acceso a Fondos Públicos para Proyectos Ambientales.";;"Esta medida tiene como objetivo capacitar a pequeñas y medianas empresas (Pymes), personas naturales y organizaciones sociales en la postulación efectiva a fondos públicos que promuevan proyectos con enfoque medioambiental. Se busca proporcionar las herramientas y conocimientos necesarios para que los participantes puedan identificar oportunidades de financiamiento, elaborar propuestas sólidas y cumplir con los requisitos de los fondos públicos con orientación ambiental.";"FC";;"2027";"2029";"SECPLA; Subdirección de Inversiones; Subdirección de Medio Ambiente";;"Agencia de Sostenibilidad Energética; Ministerio de Energía";;;;;"LOC";;"Diagnóstico de Necesidades (1 mes): Descripción: Realizar un diagnóstico para identificar las necesidades y capacidades actuales de los participantes en relación a la postulación a fondos públicos con enfoque medioambiental. Diseño del Programa de Capacitación (2 meses): Descripción: Elaborar un programa de capacitación que incluya módulos sobre identificación de fondos disponibles, redacción de propuestas, gestión de proyectos y aspectos legales y administrativos. Incorporar expertos en cada área temática. Selección de Participantes (1 mes): Descripción: Identificar y seleccionar a los participantes potenciales de las capacitaciones, priorizando a aquellos con un rol activo en la implementación de proyectos medioambientales a nivel local. Implementación de la Capacitación (3 meses): Descripción: Llevar a cabo los talleres y sesiones de capacitación, utilizando metodologías participativas y casos prácticos. Proveer materiales de apoyo y guías prácticas para los participantes. Acompañamiento y Asesoría (4 meses): Descripción: Proveer asesoría continua y acompañamiento a los participantes en la elaboración y presentación de sus propuestas a fondos públicos, asegurando la calidad y viabilidad de los proyectos. Monitoreo y Evaluación (continuo): Descripción: Establecer un sistema de monitoreo para evaluar el progreso y éxito de las capacitaciones. Realizar evaluaciones periódicas para ajustar y mejorar el programa según sea necesario.";"Indicadores de Proceso: Número de participantes seleccionados y capacitados. Indicadores de Resultado: Número de propuestas de proyectos probadas y financiadas.";;"Revisado";;"COM"
"209";"Santiago";"LE2.9A";;"MDI";"GOB";"Elaboración e Implementación de Procedimientos Municipales y Alcances de Compras Sustentables con consideraciones Medioambientales.";;"Esta medida busca establecer y modernizar procedimientos municipales de compras sustentables, integrando criterios ambientales, sociales y de eficiencia de recursos en los procesos administrativos del municipio. Se priorizará la adquisición de bienes y servicios que minimicen el impacto ambiental, promuevan la innovación y fomenten la economía circular, con especial enfoque en áreas críticas de la gestión municipal como aseo, mantención, transporte, equipamiento e infraestructura. Esta estrategia permitirá modernizar los procesos internos y posicionar al municipio como referente en prácticas de contratación pública responsable y sostenible.";"PP; BP";;"2026";"2027";"SECPLA; Subdirección de Inversiones; Subdirección de Medio Ambiente";;;;;;;"LOC";;"Diagnóstico Inicial y Revisión de Políticas Existentes (2 meses): Realizar un diagnóstico de las políticas y procedimientos actuales de compras y contratos municales. Identificar áreas de mejora y oportunidades para integrar criterios de sustentabilidad. Elaboración de Procedimientos Sustentables (3 meses): Desarrollar procedimientos detallados que incluyan criterios medioambientales en las compras y contratos municipales. Estos procedimientos deben abarcar aspectos como la selección de proveedores, criterios de evaluación, y requisitos ambientales. Capacitación del Personal (2 meses): Capacitar al personal municipal involucrado en los procesos de compras y contratos sobre los nuevos procedimientos y la importancia de las consideraciones medioambientales. Organizar talleres y sesiones de formación. Implementación de los Nuevos Procedimientos (6 meses): Implementar los nuevos procedimientos de compras y contratos sustentables en todas las áreas municipales. Asegurar la integración de los criterios medioambientales en todas las fases del proceso de adquisición. Monitoreo y Evaluación (continuo): Establecer un sistema de monitoreo para evaluar la aplicación y efectividad de los nuevos procedimientos. Realizar auditorías periódicas y recoger feedback del personal para hacer ajustes necesarios.";"Indicadores de Proceso: Cantidad de procedimientos sustentables elaborados . Indicadores de Resultado: Incremento en el número de contratos que incluyen criterios medioambientales.";;"Revisado";;"COM"
"210";"Santiago";"LE2.10A";;"MDI";"GOB";"Integración de Criterios Climáticos y Medioambientales en Contratos Municipales.";;"Esta medida implica la revisión de los contratos operativos y de mantenimiento en el ámbito municipal con el objetivo de identificar oportunidades para optimizar su desempeño desde una perspectiva medioambiental y de crisis climático. Se busca integrar criterios y prácticas que reduzcan el impacto ambiental de las actividades municipales, promoviendo la sostenibilidad y la adaptación a los efectos del cambio climático.";"PP";;"2026";"2027";"SECPLA; Subdirección de Inversiones; Subdirección de Medio Ambiente";;;;;;;"LOC";;"Diagnóstico lnicial de Contratos Existentes (2 meses): Realizar un análisis exhaustivo de los contratos operativos y de mantenimiento vigentes en el ámbito municipal, identificando aquellos que tienen un impacto ambiental significativo y aquellos que no incluyen criterios de sostenibilidad. Desarrollo de Criterios Medioambientales (2 meses): Desarrollar criterios y estándares medioambientales específicos que deben ser incluidos en los contratos de operación y mantenimiento, enfocándose en prácticas sostenibles, eficiencia energética, gestión de residuos y adaptación al cambio clim ático. Revisión y Modificación de Contratos (4 meses): Revisar y modificar los contratos existentes para incluir los nuevos criterios medioambientales y de resiliencia climática. Negociar con los proveedores y contratistas para asegurar la aceptación y cumplimiento de los nuevos requisitos. Capacitación y Sensibilización del Personal (2 meses): Capacitar al personal muricipal involucrado en la gestión y supervisión de contratos sobre los nue\/os criterios y estándares medioambientales. Sensibilizar a los contratistas sobre la importancia de estas medidas. lmpiementación y Supervisión (5 meses): lmplementar las nuevas cláusulas y requisitos en los contratos operativos y de mantenimiento. Supervisar el cumplimiento de estos criterios por parte de los contratistas y realizar auditorías periódicas. Monitoreo y Evaluación (continuo): Establecer un sistema de monitoreo continuo para evaluar el impacto de los nuevos criterios en la sostenibilidad y resiliencia de las operaciones y el mantenimiento municipal. Realizar evaluaciones periódicas y ajustar las medidas según sea necesario.";"lndicadores de Proceso: Número de contratos modificados para incluir nuevos criterios. lndicadores de Resultado: lncremento en el cumplimiento de prácticas sostenibles por parte de contratistas.";;"Revisado";;"COM"
"211";"Santiago";"LE2.11A";;"ADA";"ENE";"Mapa Comunal de la Pobreza Energética: Identificación y Análisis de Vulnerabilidades";;"Esta medida implica realizar una caracterización detallada de la pobreza energética a nivel comunal, con el objetivo de identificar áreas geográficas y grupos poblacionales vulnerables que enfrentan dificultades para acceder a servicios energéticos adecuados y asequibles. La caracterización proporcionará información crucial para el diseño e implementación de políticas y programas dirigidos a abordar la pobreza energética y mejorar la calidad de vida de los residentes.";"SAM ; PP";;"2026";"2027";"SECPLA; Subdirección de Inversiones; Subdirección de Medio Ambiente";;"Universidades; Centros de Investigación";;;;;"REG; NAC; PRI; OTR";;"Diagnóstico lnicial (2 meses): Realizar un diagnóstico preliminar para identificar las áreas y grupos poblacionales más vulnerables a la pobreza energética. Recolectar datos demográficos, socioeconómicos y de consumo energético. Encuestas y Recolección de Datos (4 meses): Diseñar y aplicar encuestas detalladas a nivel de hogar para obtener información sobre el acceso a la energía, el consumo, los costos energéticos y las condiciones de habitabilidad. lncluir preguntas sobre fuentes de energía utilizadas, eficiencia energética y percepción de confort térmico. Análisis de Datos y Mapeo (3 meses): Analizar los datos recolectados para identificar patrones y correlaciones entre la pobreza energética y otras variables socioeconómicas. Crear mapas de calor que visualicen la distribución geográfica de la pobreza energética en la comuna. ldentificación de Causas y Soluciones (3 meses): ldentificar las causas principales de la pobreza energética en la comuna y proponer soluciones específicas. Esto puede incluir mejoras en a infraestructura energética, programas de eficiencia energética y subsidios para hogares vulnerables. Desarrollo de Estrateg¡as y Políticas (2 meses): Elaborar estrategias y políticas públicas basadas en los hallazgos del estudio. Proponer programas de intervención y financiamiento para mitigar la pobreza energética, incluyendo la mejora de la eficiencia energética en viviendas y el acceso a fuentes de energía renovable. lmplementación Piloto (6 meses): Implementar proyectos piloto en las áreas más afectadas, evaluando la efectividad de las soluciones propuestas. Monitorear el impacto y ajustar las estrategias según los resultados obtenidos. Mon¡toreo y Evaluación (continuo): Establecer un sistema de monitoreo continuo para evaluar el impacto de las políticas y programas implementados. Realizar evaluaciones periódicas y ajustes necesarios para asegurar la efectividad y sostenibilidad de las medidas.";"lndicadores de Proceso; Número de encuestas realizadas y datos recolectados. lndicadores de Resultado: Número de mapas elaborados.";;"Revisado";;"COM"
"212";"Santiago";"LE2.12A";;"ADA";"DES";"Identificación de Áreas Urbanas Susceptibles a Olas de Calor y altas temperaturas.";;"Busca identificar las áreas urbanas con mayor susceptibilidad a experimentar olas de calor y altas temperaturas, con el propósito de intervenir y prevenir estos fenómenos climáticos. Se realizará un análisis exhaustivo de variables climáticas, geográficas y socioeconómicas para identificar las áreas más vulnerables, y se diseñarán estrategias de intervención adaptadas a las necesidades específicas de cada zona.";"SAM ; PP";;"2026";"2027";"SECPLA; Subdirección de Inversiones; Subdirección de Medio Ambiente; Dirección de Salud Municipal";;"Universidades; Centros de Investigación";;;;;"LOC; REG; NAC; PRI";;"Análisis de Datos Climáticos y Urbanos {2 meses): Recolectar y analizar datos climáticos históricos y actuales, así como datos urbanos relevantes como densidad poblacional, cobertura vegetal y características del entorno construido. ldentificación de lndicadores de Vulnerabilidad (1 mes): Definir y calcular indicadores de vulnerabilidad frente a olas de calor, como la densidad de población expuesta, la falta de áreas verdes y la disponibilidad de infraestructuras de enfriamiento urbano. Mapeo y Zonificación de Áreas Susceptibles (2 meses): Utilizar los datos analizados y los indicadores de vulnerabilidad para mapear y zonificar las áreas urbanas que son más susceptibles a olas de calor. Establecer categorías de riesgo y priorización. Consultas y Validación Comunitaria (1 mes): Realizar consultas públicas y validar los resultados del mapeo con comunidades locales, organizaciones no gubernamentales y expertos en salud pública para asegurar la precisión y aceptación de las zonas identificadas. lnforme y Recomendaciones (1 mes): Elaborar un informe detallado que incluya los resultados del análisis, el mapeo de áreas susceptibles y recomendaciones específicas para la implementación de medidas de adaptación y mitigación.";"lndicadores de Proceso: Número de indicadores de vulnerabilidad definidos y calculados. lndicadores de Resultado: Número de áreas urbanas identificadas como susceptibles a olas de calor.";;"Revisado";;"COM"
"213";"Santiago";"LE3.13A";;"ADA";"INF";"Mejoramiento de viviendas mediante la creación de subsidios para Hogares Sostenibles y Resilientes en Santiago ante el Cambio Climático.";;"Esta medida busca fomentar las prácticas ambientales facilitando el acceso a subsidios para la implementación de mecanismos energéticos eficientes y mejoras de aislación en hogares de la comuna, con el objetivo de reducir el consumo energético, la optimización higrotérmica, mitigar el impacto ambiental y aumentar la resiliencia ante la crisis climática. Los subsidios se destinarán a la instalación de sistemas de energía renovable, mejoras en la eficiencia energética y fortalecimiento del aislamiento térmico de viviendas.";"F";;"2028";"2031";"SECPLA; Subdirección de Inversiones; Subdirección de Medio Ambiente";;"Agencia de Sostenibilidad Energética";;;;;"LOC; REG; NAC; PRI";;"Identificación y Categorización de Beneficiarios (2 meses): Realizar un censo y análisis de las viviendas en la comuna para identificar a las familias en situación de vulnerabilidad energética. Priorizar a los hogares con mayores necesidades de intervención. Desarrollo del Programa de Subsidios (3 meses): Diseñar el programa de subsidios, estableciendo los criterios de elegibilidad, los montos de subsidio, y los tipos de intervenciones energéticas y de aislación que serán financiadas. Consultar con expertos en eficiencia energética y construcción sustentable para definir los estándares y especificaciones técnicas. Difusión y Promoción del Programa (2 meses): Implementar una campaña de comunicación para informar a la comunidad sobre el programa de subsidios, los requisitos para postular y los beneficios de las intervenciones. Utilizar diversos canales de comunicación, incluyendo redes sociales, boletines municipales y reuniones informativas. Proceso de Postulación y Evaluación de Solicitudes (3 meses): Abrir el proceso de postulación para los subsidios, recibir las solicitudes y evaluarlas conforme a los criterios establecidos. Realizar visitas técnicas a las viviendas postulantes para verificar las condiciones y determinar la viabilidad de las interventions propuestas. Implementación de las Intervenciones (12 meses): Coordinar y ejecutar las intervenciones en las viviendas seleccionadas, asegurando la correcta instalación de sistemas energéticos eficientes y de aislación térmica. Supervisar las obras para garantizar el cumplimiento de los estándares técnicos y de calidad. Monitoreo y Evaluación de Resultados (continuo): Implementar un sistema de monitoreo para evaluar el impacto de las intervenciones en el consumo energético de los hogares y en el confort térmico. Realizar encuestas de satisfacción a los beneficiarios y ajustar el programa según los resultados obtenidos.";"Indicadores de Proceso: Número de intervenciones energéticas y de aislación realizadas. Indicadores de Resultado: Reducción promedio del consumo energético en los hogares beneficiados.";;"Revisado";;"COM"
"214";"Santiago";"LE3.14A";;"ADA";"INF";"Integración de Criterios de Construcción sostenible, Eficiencia Energética e Hídrica en Nuevas Viviendas Sociales y Proyectos Inmobiliarios.";;"Esta medida busca integrar criterios de construcción sostenible, eficiencia energética e hídrica en el diseño y construcción de nuevas viviendas sociales y proyectos inmobiliarios, con el objetivo de reducir el consumo de energía y agua, mitigar el impacto ambiental y mejorar la calidad de vida de los residentes. Se enfocará en la implementación de tecnologías y prácticas sostenibles en la planificación, diseño y construcción de viviendas, teniendo en consideración todo el ciclo de vida del proyecto.";"PP";;"2028";"2029";"SECPLA; Subdirección de Inversiones; Subdirección de Medio Ambiente";;;;;;;"LOC";;"Desarrollo de Normativas y Criterios Técnicos (3 meses): Elaborar normativas y criterios técnicos que establezcan los estándares mínimos de construcción sostenible, eficiencia energética e hidrica para nuevas viviendas sociales y proyectos inmobiliarios. Incluir requisitos específicos para el diseño, materiales, tecnologías y prácticas de construcción en todo el ciclo de vida del proyecto. Capacitación y Sensibilización (2 meses): Realizar talleres y seminarios para capacitar a arquitectos, ingenieros, constructores y otros actores clave en los nuevos criterios y normativas de eficiencia energética e hidrica. Sensibilizar sobre los beneficios ambientales y económicos de su implementación.< Incentivos y Financiamiento (4 meses): Diseñar un sistema de incentivos financieros y técnicos para promover la adopción de criterios de eficiencia en proyectos inmobiliarios. Esto puede incluir subsidios, créditos blandos, exenciones fiscales y asistencia técnica. Monitoreo y Certificación (continuo): Implementar un sistema de monitoreo y certificación para asegurar el cumplimiento de los criterios de eficiencia energética e hidrica en los proyectos inmobiliarios. Realizar auditorías periódicas y otorgar certificaciones a los proyectos que cumplan con los estándares. Evaluación y Mejora Continua (6 meses y continuo): Evaluar el impacto de la implementación de los criterios en términos de ahorro de energía y agua. Realizar estudios de caso y recopilar datos para identificar áreas de mejora y ajustar las normativas según sea necesario.";"Indicadores de Proceso: Número de normativas y criterios técnicos desarrollados y publicados. Indicadores de Resultado: Porcentaje de proyectos inmobiliarios nuevos que cumplen con los criterios de eficiencia energética e hídrica establecidos.";;"Revisado";;"COM"
"215";"Santiago";"LE4.15A";;"ADA";"INF";"Elaboración de un Plan de Infraestructura Verde Urbana para la comuna de Santiago.";;"La medida contempla la elaboración de un Plan de Infraestructura Verde Urbana para la comuna de Santiago, que actúe como instrumento rector para orientar la planificación, diseño, conservación y expansión de espacios verdes y soluciones basadas en la naturaleza en el territorio comunal. El plan integrará criterios de adaptación al cambio climático, biodiversidad urbana, conectividad ecológica y equidad territorial, priorizando el uso de especies nativas y de bajo requerimiento hídrico. Asimismo, servirá de base técnica para el manejo sostenible de parques, plazas y corredores verdes, contribuyendo a una ciudad más resiliente, saludable y ambientalmente integrada.";"PP; SbN";;"2026";"2029";"SECPLA; Suodirección de Inversiones; Subdirección de Medio Ambiente";;;;;;;"LOC; REG; NAC; PRI";;"Inventario y Diagnóstico de Áreas Verdes (3 meses): Realizar un inventario detallado de todas las áreas verdes existentes, evaluando su estado actual, biodiversidad, infraestructura y uso. Identificar las necesidades y oportunidades de mejora. Consulta y Participación Comunitaria (2 meses): Organizar reuniones y talleres participativos con la comunidad y expertos en manejo de áreas verdes para recopilar opiniones, necesidades y sugerencias. Fomentar la colaboración y el sentido de pertenencia. Elaboración del Plan de Infraestructura Verde Urbana (4 meses): Desarrollar un plan detallado que incluya objetivos, estrategias y acciones específicas para la gestión sostenible de las áreas verdes. Incluir directrices para la selección de especies nativas, prácticas de riego eficiente, y mantenimiento ecológico. Capacitación del Personal (continuo): Capacitar a los trabajadores municipales y voluntarios en técnicas de manejo sostenible, incluyendo la plantación, poda, riego, y control de plagas de manera ecológica. Desarrollar programas de formación continua. Implementación de Acciones del Plan (12 meses): Ejecutar las acciones delineadas en el plan de manejo, tales como la restauración de áreas degradadas, la plantación de especies nativas, la instalación de sistemas de riego eficientes, y la creación de nuevos espacios verdes. Monitoreo y Evaluación (continuo): Establecer un sistema de monitoreo para evaluar la efectividad de las acciones implementadas. Realizar evaluaciones periódicas y ajustar el plan según los resultados obtenidos y el feedback de la comunidad.";"Indicadores de Proceso: Número de acciones implementadas según el plan. Indicadores de Resultado: Aumento en la cantidad y calidad de las áreas verdes.";;"Revisado";;"COM"
"216";"Santiago";"LE4.16A";;"ADA";"INF";"Desarrollo e Implementación de Programa de Incentivo para Creación de Huertas y Jardines Urbanos Sostenibles.";;"Esta medida busca fomentar la creación de huertas, jardines urbanos y comunitarios basado en soluciones basadas en la naturaleza que utilicen técnicas de bajo consumo hídrico, contribuyendo así a la seguridad alimentaria, la sostenibilidad ambiental y la resiliencia frente al cambio climático en áreas urbanas. Se establecerá un programa de incentivos para apoyar financieramente a los participantes en la implementación de estas iniciativas.";"F";;"2026";"2029";"SECPLA; Subdirección de Inversiones; Subdirección de Medio Ambiente; Subdirección de Parques y Jardines";;;;;;;"REG; NAC; PRI; OTR";;"Diseño del Programa de Incentivos (2 meses): Desarrollar un esquema de incentivos que incluya subvenciones, materiales, asistencia técnica y reconocimientos para los participantes del programa. Definir los criterios de elegibilidad, los tipos de huertas y jardines que se promoverán, y las metas del programa. Promoción y Difusión (3 meses): Lanzar una campaña de comunicación para informar a la comunidad sobre el programa, utilizando medios de comunicación, redes sociales, folletos y eventos informativos. Establecer alianzas con escuelas, juntas de vecinos, y organizaciones locales para ampliar el alcance. Capacitación y Asistencia Técnica (continuo): Ofrecer talleres y recursos educativos sobre técnicas de agricultura urbana sostenible, diseño de huertas, compostaje, y gestión del agua. Proporcionar asistencia técnica continua a los participantes para asegurar la implementación exitosa de sus proyectos. Implementación de Huertas y Jardines (12 meses): Apoyar la creación y el desarrollo de huertas y jardines urbanos en los espacios seleccionados, asegurando que cumplan con los principios de sostenibilidad. Supervisar y apoyar el progreso de los proyectos para garantizar su éxito a largo plazo. Monitoreo y Evaluación (continuo): Implementar un sistema de seguimiento para evaluar el progreso y el impacto de las huertas y jardines urbanos. Recopilar datos sobre la producción, la participación comunitaria y los beneficios ambientales y sociales.";"de Proceso: Número de talleres y capacitaciones ofrecidos. Indicadores Indicadores de Resultado: Cantidad de nuertas y jardines urbanos implementados.";;"Revisado";;"COM"
"217";"Santiago";"LE4.17A";;"ADA";"BIO";"Creación de un corredor biológico para la comuna de Santiago";;"La medida busca establecer un corredor biológico en la comuna de Santiago, con el fin de conservar y restaurar la biodiversidad urbana, promover la conectividad ecológica entre áreas verdes y proteger los hábitats naturales. El corredor biológico servirá como un refugio para la fauna y la flora nativa, así como un espacio de recreación para los residentes.";"IO";;"2026";"2029";"SECPLA; Subdirección de Inversiones; Subdirección de Medio Ambiente; Subdirección de Parques y Jardines";;;;;;;"REG; NAC; PRI";;"Identificación y Mapeo de Áreas Potenciales (2 meses): Realizar un estudio para identificar y mapear las áreas verdes y hábitats naturales existentes en la comuna que podrían formar parte del corredor biológico. Evaluar la conectividad y las posibles rutas que faciliten el movimiento de la fauna. Diseño del Corredor Biológico (3 meses): Descripción: Desarrollar un plan detallado del corredor biológico, especificando las áreas a conectar, las especies objetivo, y las intervenciones necesarias para mejorar la conectividad. Incluir estrategias de restauración ecológica y conservación. Consulta y Participación Comunitaria (2 meses): Descripción: Realizar consultas con la comunidad, instituciones educativas, organizaciones ambientales y otros actores locales para recoger sus opiniones y asegurar su apoyo. Organizar talleres y reuniones para informar sobre el proyecto y fomentar la participación activa. Implementación del Corredor Biológico (6-12 meses): Ejecutar las intervenciones necesarias para establecer el corredor biológico, como la plantación de especies nativas, la creación de pasos de fauna, y la restauración de hábitats degradados. Coordinar con las autoridades locales y otros actores relevantes para asegurar el éxito del proyecto. Monitoreo y Mantenimiento (continuo): Implementar un sistema de monitoreo para evaluar la efectividad del corredor biológico, observar el comportamiento de la fauna y la flora, y hacer ajustes según sea necesario. Realizar actividades de mantenimiento regular para asegurar la sostenibilidad del corredor.";"Indicadores de Proceso: Hectáreas de hábitats restaurados o conectados. Indicadores de Resultado: Mejora en la conectividad ecológica entre áreas verdes.";;"Revisado";;"COM"
"218";"Santiago";"LE4.18A";;"ADA";"VER";"Aumento de Áreas Verdes en la Comuna.";;"Esta medida tiene como objetivo incrementar la cantidad de áreas verdes en la comuna a través de la revitalización de espacios urbanos, fortaleciendo la infiltración de agua y reduciendo el riesgo de inundaciones. Se busca crear entornos más sostenibles y resilientes que promuevan la calidad de vida de los habitantes.";"IO; SbN";;"2026";"2029";"Subdirección de Parques y Jardines; SECPLA; Subdirección de Inversiones; Subdirección de Medio Ambiente";;;;;;;"REG; NAC; PRI";;"Identificación de Espacios Urbanos a Revitalizar (6 meses): Se llevará a cabo un exhaustivo mapeo de las áreas urbanas de la comuna con el objetivo de identificar aquellos espacios con potencial para ser transformados en áreas verdes. Se dará prioridad a aquellas zonas caracterizadas por una alta densidad poblacional y una marcada carencia de espacios verdes, con el fin de abordar las necesidades más urgentes de la comunidad y mejorar la calidad de vida de sus habitantes. Diseño y Planificación de Áreas Verdes (12 meses): Se desarrollarán planes de diseño detallados para la creación de nuevas áreas verdes en la comuna. Estos planes considerarán elementos de captación de agua y tecnologías de infiltración con el objetivo de optimizar la gestión hídrica en estos espacios, promoviendo así la conservación del recurso y la reducción del impacto ambiental. Implementación de Proyectos Piloto (18 meses): Se llevarán a cabo proyectos piloto de revitalización en los espacios urbanos previamente identificados. Estos proyectos se ejecutarán de manera participativa, involucrando activamente a la comunidad en todas las etapas del proceso, desde el diseño hasta la ejecución, haciendo especial énfasis en la promoción de la autogestión vecinal como medio para fortalecer el sentido de pertenencia y responsabilidad ciudadana. Mantenimiento y Monitoreo Continuo (durante toda la implementación): A lo largo de toda la implementación del programa, se establecerán programas de mantenimiento regular para los nuevos espacios creados.";"Indicadores de Proceso: Número de espacios urbanos identificados con potencial de revitalización. Indicadores de Resultado: Superficie de áreas verdes efectivamente revitalizada (m² o hectáreas).";;"Revisado";;"COM"
"219";"Santiago";"LE5.19A";;"ADA";"INF";"Impulso y Fortalecimiento de Proyectos Comunales en Sistemas de Drenaje Urbano Sostenible (SUDs) y Recuperación de Aguas Pluviales y/o Grises.";;"Esta medida tiene como objetivo promover y fortalecer proyectos comunitarios enfocados en la implementación de Sistemas de Drenaje Urbano Sostenible (SUDs) y la recuperación de aguas pluviales y/o grises. Estos proyectos buscan reducir los riesgos de inundación y anegamiento en áreas urbanas mediante la gestión sostenible de las aguas pluviales, implementando soluciones basadas en la naturaleza que incluyan su almacenamiento, infiltración y reutilización.";"IO";;"2028";"2029";"SECPLA; Subdirección de Inversiones; Subdirección de Medio Ambiente";;;;;;;"REG; NAC";;"Diagnóstico y Planificación Inicial (2 meses): Realizar un diagnóstico de las áreas urbanas que podrían beneficiarse de la implementación de SUDs y sistemas de recuperación de aguas. Identificar oportunidades y desafios, y elaborar un plan inicial que contemple la selección de proyectos piloto. Diseño de Proyectos Piloto (3 meses): Diseñar proyectos piloto específicos que incluyan SUDs y técnicas de recuperación de aguas pluviales y grises. Involucrar a expertos en hidrologia urbana, ingeniería ambiental y diseño urbano para asegurar la viabilidad y efectividad de los proyectos. Búsqueda de Financiamiento y Recursos (2 meses): Identificar y aplicar afuentes de financiamiento disponibles, tanto públicas como privadas, para la implementación de los proyectos piloto Coordinar con entidades gubernamentales y organizaciones no gubernamentales para obtener apoyo y recursos adicionales. Implementación de Proyectos Piloto (6 meses): Ejecutar los proyectos piloto, incluyendo la instalación de infraestructura de SUDs, sistemas de captación y almacenamiento de aguas pluviales y grises. Asegurar la correcta construcción y funcionamiento mediante supervisión técnica constante. Capacitación y Sensibilización (continuo): Realizar talleres y campañas de sensibilización para capacitar a la comunidad y a los funcionarios municipales sobre el funcionamiento y beneficios de los SUDs y la recuperación de aguas pluviales y grises. Fomentar la participación comunitaria en el mantenimiento y monitoreo de los sistemas implementados. Monitoreo y Evaluación (continuo): Establecer un sistema de monitoreo para evaluar el rendimiento y la eficacia de los proyectos piloto. Analizar indicadores de eficiencia hídrica, reducción de inundaciones y mejora en la calidad del agua. Realizar evaluaciones periódicas para ajustar y mejorar los sistemas implementados.";"Indicadores de Proceso: Cantidad de proyectos piloto diseñados y presentados. Indicadores de Resultado: Reducción en la frecuencia e intensidad de inundaciones en las áreas intervenidas.";;"Revisado";;"COM"
"220";"Santiago";"LE5.20A";;"ADA";"GSH";"Actualización de la Estrategia Hidrica Local.";;"Con el objetivo de gestionar de manera eficiente el recurso hídrico en el ámbito local, se realizará la actualización de la Estrategia Hídrica Local. La estrategia incluirá acciones para la conservación, gestión sostenible y protección del agua, la reducción de pérdidas y el fomento del uso responsable entre la comunidad, contribuyendo así a la seguridad hidrica y la resiliencia frente al cambio climático.";"PP";;"2028";"2029";"Administradores de edificios municipales; SECPLA; Subdirección de Inversiones; Subdirección de Medio Ambiente";;;;;;;"LOC; REG; NAC; PRI";;"Diagnóstico y Evaluación Inicial (2 meses): Realizar un diagnóstico exhaustivo de los recursos hidricos locales, incluyendo fuentes de agua, infraestructura existente, y usos actuales. Evaluando la vulnerabilidad al cambio climático y otros riesgos. Consulta y Participación Comunitaria (3 meses): Organizar talleres y reuniones con la comunidad, autoridades locales, y expertos en recursos hidricos para identificar necesidades, prioridades, y posibles soluciones. Fomentar la participación activa y la colaboración de todos los sectores. Desarrollo del Plan Estratégico (4 meses): Elaborar un plan estratégico que incluya objetivos, metas, y acciones específicas para la gestión sostenible del agua. Incorporar las propuestas y recomendaciones de la comunidad y los expertos. Capacitación y Educación Ambiental (continuo): Desarrollar e implementar programas de capacitación para funcionarios municipales y la comunidad sobre la gestión eficiente del agua y prácticas sostenibles. Promover la educación ambiental en escuelas y organizaciones locales. Monitoreo y Evaluación (continuo): Establecer un sistema de monitoreo para evaluar el progreso y la efectividad de la estrategia hidrica. Realizar evaluaciones periódicas y ajustar el plan según los resultados y el feedback recibido.";"Indicadores de Proceso: Cumplimiento de plazos y presupuesto para la elaboración de la Estrategia Hídrica Local. Indicadores de Resultado: Estrategia de Ahorro Hídrico Municipal actualizada, validada e incorporada en los instrumentos de gestión municipal.";;"Revisado";;"COM"
"221";"Santiago";"LE6.21A";;"ADA";"SAL";"Desarrollo e implementación de Plan de recuperación de alimentos desde las ferias libres.";;"Este proyecto tiene como objetivo desarrollar e implementar un plan para la recuperación de alimentos excedentes en las ferias libres, con el fin de reducir el desperępuicio de alimentos y promover la seguridad alimentaria en la comunidad. Se establecerán mecanismos para recolectar, almacenar y distribuir los alimentos recuperados de manera segura y eficiente.";"BP; PP";;"2030";"2031";"SECPLA; Subdirección de Inversiones; Subdirección de Medio Ambiente";;;;;;;"REG; NAC; PRI";;"Diagnóstico y Planificación (2 meses): Realizar un diagnóstico para identificar las ferias libres con mayor potencial de recuperación de alimentos. Diseñar un plan de acción detallado que incluya estrategias de recolección, clasificación, almacenamiento y redistribución de los alimentos recuperados. Capacitación y Sensibilización (1 mes): Capacitar a los comerciantes de las ferias libres sobre la importancia y los beneficios de la recuperación de alimentos. Sensibilizar a las comunidades sobre el problema del desperdicio de alimentos y las formas en que pueden participar en la iniciativa. Implementación del Plan de Recuperación (3 meses): Establecer los mecanismos y logística necesarios para la recolección y clasificación de los alimentos. Colaborar con organizaciones comunitarias para la distribución de los alimentos recuperados a las personas necesitadas. Monitoreo y Evaluación (continuo): Implementar un sistema de monitoreo para evaluar la cantidad de alimentos recuperados y su impacto en la reducción del desperdicio. Realizar evaluaciones periódicas para ajustar y mejorar el plan según los resultados obtenidos.";"Indicadores de Proceso: Número de ferias libres diagnosticadas y con planes de acción implementados. Indicadores de Resultado: Cantidad de alimentos recuperados (en kilogramos) y redistribuidos mensualmente.";;"Revisado";;"COM"
"222";"Santiago";"LE6.22A";;"MDI";"SAL";"Fondos Municipales, Fondos Públicos Sectoriales y/o Regionales";;"Consiste en el establecimiento de un Banco de Alimentos a nivel comunal con el objetivo de recoger alimentos excedentes y en buen estado de comercios, productores locales y donaciones, para posteriormente distribuirlos entre personas y familias en situación de vulnerabilidad. El Banco de Alimentos actuará como un centro de acopio, almacenamiento y distribución de alimentos, contribuyendo a reducir el desperdicio de alimentos y mejorar la seguridad alimentaria de la comunidad.";"BP; PP";;"2030";"2031";"SECPLA; Subdirección de Inversiones; Subdirección de Medio Ambiente";;;;;;;"LOC; REG; NAC";;"Estudio de Viabilidad y Planificación (3 meses): Realizar un estudio de viabilidad para evaluar las necesidades alimentarias de la comunidad y las posibles fuentes de donaciones. Diseñar un plan de acción detallado que incluya la logística, infraestructura necesaria y los procesos operativos del banco de alimentos. Establecimiento de Alianzas y Redes (2 meses): Formar alianzas con supermercados, ferias libres, productores agricolas y organizaciones locales para asegurar un flujo constante de donaciones de alimentos. Establecer acuerdos de colaboración y definir roles y responsabilidades de cada parte. Infraestructura y Logistica (2 meses): Adquirir y adecuar el espacio físico para el banco de alimentos, incluyendo la instalación de equipos de almacenamiento adecuados (refrigeradores, estantes, etc.). Establecer un sistema de logistica para la recolección, almacenamiento y distribución de los alimentos. Capacitación del Personal y Voluntarios (1 mes): Capacitar al personal y voluntarios en manejo de alimentos, logistica, seguridad alimentaria y atención al beneficiario. Implementar protocolos de higiene y manipulación segura de los alimentos. Lanzamiento y Operación Continua (continuo): Iniciar la operación del banco de alimentos, estableciendo días y horarios de distribución. Realizar actividades de promoción y sensibilización para aumentar la participación comunitaria y la visibilidad del banco de alimentos.";"Indicadores de Proceso: Cantidad de alimentos recolectados y almacenados (en kilogramos) mensualmente. Indicadores de Resultado: Número de beneficiarios atendidos por el banco de alimentos (personas o familias) mensualmente.";;"Revisado";;"COM"
"223";"Santiago";"LE6.23A";;"ADA";"DES";"Desarrollo e Implementación de Red de Refugios Climáticos.";;"El proyecto consiste en el desarrollo e implementación de una red de refugios climáticos en la comunidad, con el propósito de brindar espacios seguros y adecuados para la protección de la población ante eventos climáticos extremos, como olas de calor, tormentas intensas o inundaciones. Estos refugios estarán equipados con recursos necesarios para garantizar la seguridad y el bienestar de las personas en situaciones de emergencia climática.";"IO";;"2030";"2031";"SECPLA; Subdirección de Inversiones; Subdirección de Medio Ambiente";;;;;;;"LOC; REG; NAC";;"Identificación de Ubicaciones Estratégicas (2 meses): Realizar un estudio para identificar áreas vulnerables y puntos críticos en la comuna que puedan ser afectados por eventos climáticos extremos. Seleccionar ubicaciones seguras y accesibles para establecer los refugios climáticos. Adecuación de Infraestructura (3 meses): Acondicionar y preparar las instalaciones identificadas como refugios climáticos, asegurando condiciones adecuadas de seguridad, accesibilidad, servicios básicos y capacidad para albergar a un número determinado de personas. Desarrollo de Protocolos y Planes de Emergencia (1 mes): Elaborar protocolos operativos y planes de emergencia para la activación y gestión de los refugios climáticos durante eventos extremos. Incluir procedimientos para la coordinación con servicios de emergencia y autoridades locales. Capacitación del Personal y Simulacros (2 meses): Capacitar al personal designado para operar los refugios climáticos en primeros auxilios, gestión de crisis, atención psicológica de emergencia y manejo de equipos y recursos. Realizar simulacros periódicos para evaluar la efectividad de los planes de emergencia. Implementación y Mantenimiento Continuo (continuo): Activar los refugios climáticos según sea necesario durante eventos climáticos extremos. Mantener la infraestructura y los protocolos actualizados y funcionales, realizando revisiones periódicas y mejoras según las necesidades identificadas.";"Indicadores de Proceso: Número de refugios climáticos identificados y adecuados. Indicadores de Resultado: Número de personas beneficiadas por los refugios climáticos durante eventos extremos.";;"Revisado";;"COM"
"224";"Santiago";"LE6.24A";;"ADA";"SAL";"Fortalecimiento de la Gestión de los Centros de Salud Familiar (CESFAM) ante Eventos Climáticos Adversos.";;"Esta medida tiene como objetivo fortalecer la gestión de los Centros de Salud Familiar (CESFAM) para enfrentar eventos climáticos adversos, tanto en invierno como en verano, a través de acciones de formación, sensibilización, autocuidado y la adaptación de entornos (en el caso de ser posible) ante condiciones climáticas extremas.";"BP; FC; IO";;"2030";"2031";"SECPLA; Subdirección de Inversiones; Subdirección de Medio Ambiente";;;;;;;"LOC; REG; NAC";;"Evaluación de Vulnerabilidad y Capacidades (2 meses): Realizar una evaluación detallada de la vulnerabilidad de los CESFAM frente a eventos climáticos adversos, como olas de calor, inundaciones o tormentas severas. Identificar las capacidades actuales y las necesidades de mejora en infraestructura, recursos humanos y equipos médicos. Desarrollo de Planes de Contingencia (2 meses): Elaborar planes de contingencia específicos para cada CESFAM, considerando escenarios climáticos adversos previsibles en la región. Definir procedimientos operativos estándar para la respuesta inmediata, la gestión de emergencias y la evacuación segura de pacientes y personal. Capacitación del Personal (1 mes): Capacitar al personal de los CESFAM en temas de primeros auxilios, manejo de crisis y atención médica durante eventos climáticos extremos. Incluir formación en gestión de riesgos y manejo adecuado de pacientes vulnerables. Implementación de Medidas de Adaptación (3 meses): Implementar medidas de adaptación física en los CESFAM, como mejoras en la infraestructura para resistir fenómenos climáticos extremos, instalación de sistemas de energía de respaldo y sistemas de gestión de aguas pluviales. Simulacros y Evaluación Continua (continuo): Realizar simulacros periódicos para evaluar la efectividad de los planes de contingencia y la preparación del personal. Establecer mecanismos de retroalimentación y revisión continua de los protocolos ante nuevos desafios climáticos.";"Indicadores de Proceso: Número de CESFAM evaluados y con plan de contingencia desarrollado. Indicadores de Resultado: Reducción del tiempo de respuesta ante eventosclimáticos adversos en los CESFAM (% de mejora respecto a la línea base).";;"Revisado";;"COM"
"225";"Maria Pinto";"1.1";;"ADA";"DES";"Kits de Emergencia para la Prevención de Incendios, Inundaciones y Otros eventos extremos";;"La medida busca fortalecer la preparación y capacidad de respuesta de la comunidad frente a emergencias asociadas a amenazas climáticas y desastres socio-naturales, tales como incendios forestales, inundaciones o interrupciones de servicios básicos. Para ello, se contempla la adquisición y distribución de kits o mochilas de emergencia comunitarias en sectores priorizados de la comuna. Los kits estarán compuestos por elementos básicos definidos según las necesidades del territorio y la disponibilidad presupuestaria municipal. Entre los insumos considerados podrán incluirse linternas, botiquines de primeros auxilios, herramientas manuales, agua potable, elementos de señalización, equipos de protección personal y equipamiento básico para la prevención o control inicial de incendios. La distribución se realizará en sectores priorizados según criterios de exposición y vulnerabilidad frente a riesgos climáticos, definiendo su ubicación en coordinación con organizaciones comunitarias. Complementariamente, se desarrollarán capacitaciones dirigidas a la comunidad sobre el uso adecuado de los kits, su mantenimiento y medidas básicas de prevención, con el fin de fortalecer la organización comunitaria y la resiliencia local frente a emergencias.";"FC";;"2026";"2028";"Dirección de operaciones y gestión de riesgos y desastres";"SECPLA; DIDECO; COMUNICACIONES";"Juntas de Vecinos; Organizaciones comunitarias; APR; CONAF; Bomberos";;;;"ECO; SOC";"PRI; OTR";;;"Número acumulado de familias capacitadas en el uso de kits de emergencia comunitaria.";;"Con Observaciones";;"COM"
"226";"Maria Pinto";"1.2";;"ADA";"DES";"El Plan Comunal para la Gestión del Riesgo de Desastres incorpora el Diagnóstico de vulnerabilidad e impactos del PACCC";;"La medida contempla la actualización e integración del Plan Comunal para la Gestión del Riesgo de Desastres (GRD), incorporando los resultados del diagnóstico de vulnerabilidad y los impactos del cambio climático identificados en el Plan de Acción Comunal de Cambio Climático (PACCC). Su objetivo es fortalecer la planificación y gestión del riesgo a nivel local mediante el uso de información territorial actualizada, permitiendo priorizar acciones de prevención, mitigación y respuesta frente a amenazas climáticas tales como inundaciones, incendios forestales y olas de calor. La iniciativa busca mejorar la articulación entre los instrumentos de planificación climática y la gestión del riesgo de desastres, promoviendo una coordinación efectiva entre las distintas unidades municipales, servicios públicos y actores locales. Asimismo, considera el fortalecimiento de capacidades técnicas e institucionales para incorporar el enfoque de adaptación al cambio climático en la gestión comunal del riesgo, contribuyendo a una planificación más preventiva y resiliente frente a escenarios climáticos actuales y futuros.";"PP";;"2025";"2026";"Dirección de operaciones y gestión de riesgos y desastres";"SECPLA; DIDECO; COMUNICACIONES";"CONAF; Bomberos; Juntas de vecinos; Organizaciones comunitarias; APR";;;;"TEC; ECO";"LOC";;;"Existencia de Plan Comunal de Gestión del Riesgo aprobado y alineado al Diagnóstico de Vulnerabilidad e Impactos del PACCC al año 2026.";;"Revisado";;"COM"
"227";"Maria Pinto";"1.3";;"ADA";"DES";"Creación e instalación de una Brigada Comunitaria de Prevención de Incendios Forestales (CONAF)";;"La medida contempla la creación de una brigada comunitaria de prevención de incendios forestales en la comuna de María Pinto, en coordinación con la Corporación Nacional Forestal (CONAF). Esta brigada estará integrada por vecinos y vecinas del territorio previamente capacitados por CONAF, quienes desarrollarán labores de prevención, vigilancia y educación comunitaria orientadas a disminuir el riesgo de incendios forestales. Entre sus funciones se consideran actividades de patrullaje preventivo en periodos de mayor riesgo, apoyo en la mantención de cortafuegos, difusión de buenas prácticas de prevención y colaboración en acciones de respuesta inicial ante eventuales emergencias, siempre en coordinación con los organismos competentes. Adicionalmente, se gestionará la habilitación de un espacio físico destinado como base operativa para la brigada, que permita el resguardo de equipamiento, herramientas y la coordinación de sus actividades. Esta iniciativa busca fortalecer la prevención local de incendios forestales, promoviendo la participación comunitaria y la articulación entre la comunidad, el municipio y las instituciones responsables de la gestión del riesgo.";"PP ; FC";;"2025";"2035";"Dirección de operaciones y gestión de riesgos y desastres";"DOM;DJ";"CONAF; Bomberos; Juntas de vecinos; Organizaciones comunitarias; APR";;;;"POL; ADM";"PRI; OTR";;;"Realizar acciones orientadas a facilitar la creación y coordinación operativa de una Brigada Comunitaria de Prevención de Incendios Forestales en coordinación con CONAF.";;"Con Observaciones";;"REG"
"228";"Maria Pinto";"1.4";;"ADA";"DES";"Programa Comunitario de Agricultura Resiliente y Salud ante Olas de Calor";;"La medida tiene por objetivo fortalecer la capacidad de adaptación de la comunidad agrícola de María Pinto frente al aumento en la frecuencia e intensidad de olas de calor, mediante la promoción de prácticas productivas resilientes y medidas de protección de la salud en zonas rurales. Para ello, se desarrollarán talleres y asesorías técnicas orientadas a la implementación de prácticas agroecológicas y de manejo sostenible del suelo y del agua, tales como cobertura vegetal, sistemas de cultivo bajo sombra, riego eficiente y selección de especies o variedades más tolerantes a altas temperaturas. Asimismo, se promoverá la incorporación de tecnologías de apoyo a la gestión agrícola, como sensores de humedad del suelo y estaciones meteorológicas locales, que permitan mejorar la toma de decisiones frente a condiciones climáticas adversas. De forma complementaria, se implementarán campañas de prevención dirigidas a trabajadores y trabajadoras del sector rural, orientadas a promover medidas de autocuidado frente a olas de calor, tales como hidratación adecuada, pausas de descanso y horarios de trabajo adaptados a condiciones climáticas extremas. Estas acciones buscan fortalecer una agricultura local más resiliente, sostenible y preparada frente a los impactos del cambio climático.";"FC; SAM";;"2025";"Permanente";"DJ";"DIMAO; COMUNICACIONES";"Agricultores; Juntas de vecinos; Organizaciones comunitarias";;;;"ADM; SOC";"PRI; OTR";;;"Número de agricultores(as) y trabajadores rurales capacitados en técnicas resilientes y prevención de riesgos ante olas de calor.";;"Con Observaciones";;"COM"
"229";"Maria Pinto";"1.5";;"ADA";"DES";"Fomento del el pastoreo controlado en cerros como estrategia de prevención de incendios";;"La medida busca promover el pastoreo controlado como una herramienta de manejo territorial orientada a la reducción de carga combustible vegetal y la prevención de incendios forestales en sectores de cerros de la comuna de María Pinto. La iniciativa será liderada por la Dirección Jurídica (Oficina Agrícola), en coordinación con la Dirección de Medio Ambiente, Aseo y Ornato (DIMAO), la Dirección de Operaciones y el equipo de Gestión del Riesgo de Desastres (GRD). La estrategia considera fomentar acuerdos de colaboración entre propietarios de predios con acumulación de pastizales secos o materia orgánica y ganaderos locales, promoviendo sistemas de pastoreo rotativo que permitan disminuir la biomasa combustible y mejorar el manejo del territorio. Asimismo, se impulsará la articulación con instituciones públicas, especialmente con el equipo de Gestión de Riesgo de Desastres de INDAP, con el objetivo de fortalecer capacidades técnicas municipales y promover el intercambio de conocimientos en manejo preventivo de vegetación. Esta medida busca incorporar el pastoreo controlado como una práctica complementaria dentro de las acciones comunales de prevención de incendios forestales, contribuyendo a una gestión territorial más sostenible y resiliente frente al riesgo climático.";"SbN; PP";;"2025";"Permanente";"DJ";"DIMAO; Dirección de operaciones y gestión de riesgos y desastres";"CONAF; Ganaderos; Dueños de cerros";;;;"ADM; SOC";"PRI; OTR";;;"Realización de acciones piloto o de difusión sobre pastoreo controlado como medida preventiva de incendios";;"Con Observaciones";;"COM"
"230";"Maria Pinto";"1.6";;"ADA";"DES";"Plan Local de Prevención y Coordinación ante Inundaciones y Lluvias Intensas";;"La medida tiene como objetivo reducir la vulnerabilidad de la comuna frente a inundaciones y anegamientos asociados a eventos de lluvias intensas, mediante el fortalecimiento de acciones preventivas y mecanismos de respuesta coordinada. Para ello, se contempla la identificación y gestión de puntos críticos de riesgo, la realización de campañas periódicas de limpieza y despeje de cauces, acequias y sistemas de drenaje, así como la actualización de información territorial vinculada a zonas susceptibles de inundación. Asimismo, se promoverá la planificación territorial preventiva, orientada a evitar la localización de asentamientos o infraestructura en áreas expuestas a riesgo hídrico. La medida también considera el desarrollo y fortalecimiento de protocolos de emergencia, junto con instancias de capacitación dirigidas a equipos municipales y a la comunidad, con el fin de mejorar la preparación y respuesta frente a eventos climáticos extremos. Como parte de la estrategia de adaptación, estas acciones serán incorporadas y articuladas con el Plan Comunal para la Reducción del Riesgo de Desastres, asegurando su implementación y seguimiento en el tiempo. De este modo, se busca fortalecer la resiliencia del territorio mediante una gestión integrada del riesgo que articule a las instituciones públicas, el municipio y la comunidad local.";"BP; PP; FC";;"2025";"2026";"Dirección de operaciones y gestión de riesgos y desastres";"DIDECO; DIMAO; DJ";"CONAF; Bomberos; Agricultores; Canalistas";;;;"ADM; ECO; SOC";"LOC";;;"Incorporación del Plan en el Plan Comunal RRD";;"Revisado";;"COM"
"231";"Maria Pinto";"1.7";;"MDI";"DES";"Fortalecimiento de campañas de comunicación preventiva frente a emergencias climáticas";;"La medida busca fortalecer los mecanismos de comunicación municipal orientados a informar y sensibilizar a la comunidad respecto de los riesgos asociados a eventos climáticos extremos, tales como inundaciones, incendios forestales y olas de calor. Para ello, se desarrollarán campañas de prevención temprana que difundan recomendaciones, medidas de autocuidado y protocolos de actuación ante emergencias, utilizando diversos canales de comunicación institucional, tales como radios locales, redes sociales, plataformas digitales y material informativo en terreno. Las campañas estarán orientadas a distintos grupos de la población, considerando criterios de accesibilidad y pertinencia territorial, con el fin de mejorar el alcance y efectividad de los mensajes preventivos. Asimismo, se promoverá la coordinación con organizaciones comunitarias, establecimientos educacionales y otros actores locales para ampliar la difusión de la información y fortalecer la cultura de prevención. Complementariamente, se contempla la articulación de estas acciones con los sistemas de alerta temprana y con los instrumentos comunales de gestión del riesgo de desastres. La efectividad de las campañas será evaluada periódicamente, permitiendo ajustar estrategias de comunicación de acuerdo con las necesidades y aprendizajes del territorio, contribuyendo así a fortalecer la resiliencia comunitaria frente a los impactos del cambio climático.";"FC";;"2025";"Permanente";"Sección de Comunicaciones";"DIMAO; DJ; Dirección de operaciones y gestión de riesgos y desastres";"Agricultores; Juntas de vecinos; Organizaciones comunitarias";;;;"ADM; SOC";"LOC";;;"Porcentaje de sectores críticos que reciben información en campañas de prevención.";;"Revisado";;"COM"
"232";"Maria Pinto";"1.8";;"ADA";"GSH";"Programa de fomento de reutilización de aguas grises para riego de áreas verdes.";;"La medida busca promover la reutilización de aguas grises tratadas para el riego de áreas verdes en la comuna de María Pinto, con el fin de mejorar la eficiencia en el uso del recurso hídrico y reducir la demanda de agua potable en un contexto de creciente escasez. Para ello, se contempla la implementación de sistemas de reciclaje de aguas grises en edificaciones públicas existentes y futuras, tales como establecimientos educacionales, centros comunitarios, recintos deportivos y otras dependencias municipales. Los sistemas considerarán tecnologías de tratamiento natural de bajo costo y fácil mantención, como humedales artificiales y biofiltros, que permitan el tratamiento adecuado del agua para su reutilización segura en el riego de parques, plazas y jardines. El programa incorporará además un componente de educación y participación comunitaria, orientado a capacitar a vecinos y vecinas en la instalación, uso y mantención de estos sistemas, fomentando su replicabilidad a nivel domiciliario. De esta manera, la iniciativa contribuye a fortalecer una gestión hídrica más sostenible y resiliente frente a los efectos del cambio climático.";"SbN; IO; FC";;"2025";"2030";"DIMAO";"DJ; DOM; Corporación de educación; SECPLA";"Juntas de vecinos; Organizaciones comunitarias; Establecimientos Educacionales; Servicios de salud";;;;"SOC";"PRI; OTR";;;"Número de instalaciones de sistemas de reciclaje de aguas grises por año.";;"Con Observaciones";;"COM"
"233";"Maria Pinto";"1.9";;"ADA";"GSH";"Fomentar e implementar Soluciones Basadas en La Naturaleza (SBn) para la retención e infiltración de agua y suelo en espacios naturales públicos.";;"La medida busca promover e implementar Soluciones Basadas en la Naturaleza (SbN) orientadas a mejorar la retención e infiltración de agua en el territorio, contribuyendo a la recarga de acuíferos y a la gestión sostenible del recurso hídrico. Estas soluciones consideran la captación y aprovechamiento de aguas lluvias, niebla y otras fuentes naturales mediante la aplicación de técnicas de manejo de paisaje y conservación de suelos. Entre las acciones a desarrollar se contempla la implementación de paisajes de retención de agua y suelo, mediante obras de conservación tales como zanjas de infiltración, sistemas atrapanieblas, uso de geotextiles y otras soluciones aplicadas tanto en espacios naturales como en infraestructura pública. Estas intervenciones buscan mejorar la infiltración, reducir la escorrentía superficial y aumentar la humedad del suelo. Asimismo, estas soluciones contribuyen a disminuir el riesgo de inundaciones, mejorar la disponibilidad hídrica del suelo y reducir la vulnerabilidad del territorio frente a incendios forestales. Su implementación considerará un enfoque participativo, incorporando instancias de capacitación dirigidas a la comunidad para fortalecer capacidades en el diseño, instalación y monitoreo de estas tecnologías, promoviendo su replicabilidad en predios y espacios comunitarios y fomentando la corresponsabilidad en la gestión hídrica sustentable.";"SbN; FC; IO";;"2025";;"DIMAO";"DJ; Comunicaciones";"Juntas de vecinos; Organizaciones comunitarias; APR";;;;"SOC";"PRI; OTR";;;"Número de iniciativas o proyectos que impliquen o promuevan técnicas de retención de agua por año.";;"Con Observaciones";;"COM"
"234";"Maria Pinto";"1.10";;"ADA";"GSH";"Diseño e implementación de sistemas de reutilización y depuración de aguas servidas para el riego.";;"La medida busca la instalación de plantas de tratamiento para reutilización de aguas servidas para el riego, mediante plantas individuales para casas sin acceso a alcantarillado y humedales depuradores que conectan plantas de aguas servidas con cuerpos de agua. De este modo se optimiza el uso del recurso hídrico.";"IO";;"2025";"2027";"SECPLA";"DIDECO; DIMAO";"JJVV; Organizaciones comunitarias; APRS";;;;"SOC; LEG";"PRI; OTR";;;"Número de sistemas de tratamiento de aguas servidas instalados y operativos para reutilización en riego";;"Con Observaciones";;"COM"
"235";"Maria Pinto";"1.11";;"ADA";"GSH";"Programa de eficiencia hídrica en plazas, veredas y bandejones";;"La medida busca mejorar la eficiencia en el uso del recurso hídrico en plazas, veredas y bandejones de la comuna, mediante la implementación de estrategias de manejo sostenible de áreas verdes. El programa contempla la transformación progresiva de estos espacios incorporando criterios de eficiencia hídrica, tales como la utilización de especies vegetales de bajo requerimiento hídrico, preferentemente nativas o adaptadas a las condiciones climáticas de María Pinto. Asimismo, se promoverá la optimización de los sistemas de riego, la mejora de las condiciones del suelo para favorecer la infiltración y retención de humedad, y el rediseño de áreas verdes con criterios de paisajismo sustentable. Estas acciones permitirán reducir el consumo de agua potable destinado al riego, mejorar la resiliencia de los espacios públicos frente a periodos de sequía y contribuir a una gestión más sostenible del paisaje urbano en el contexto del cambio climático";"IO";;"2025";;"DIMAO";"DOM; SECPLA";"Vecinos/as; Juntas de vecinos; organizaciones comunitarias";;;;"ECO";"LOC";;;"Tasa de sectores (plazas, veredas o bandejones) con sistemas de riego eficiente instalados; Mantenciones anuales a los sistemas de riego tecnificado actuales";;"Revisado";;"COM"
"236";"Maria Pinto";"1.12";;"ADA";"GSH";"Ordenanza Municipal para la Gestión Sostenible del Agua y Fomento del Uso Responsable del recurso.";;"La medida contempla la elaboración e implementación de una ordenanza municipal orientada a regular y promover el uso eficiente y sostenible del recurso hídrico en la comuna. Este instrumento normativo establecerá lineamientos y criterios técnicos para fomentar prácticas de consumo responsable, conservación y gestión adecuada del agua en espacios públicos, actividades productivas y usos domiciliarios. La ordenanza incorporará disposiciones relacionadas con la eficiencia hídrica, el manejo adecuado de áreas verdes, la reutilización de aguas tratadas y la protección de fuentes de agua superficiales y subterráneas. Asimismo, promoverá buenas prácticas en el uso del recurso, considerando las condiciones de escasez hídrica y los desafíos asociados al cambio climático. En concordancia con el Código de Aguas vigente, la normativa también abordará aspectos vinculados a la mantención y conservación de cauces naturales y artificiales, cuerpos de agua y sistemas de drenaje, con el fin de prevenir su deterioro y resguardar su función ambiental. De esta manera, la medida busca fortalecer la gobernanza local del agua y avanzar hacia una gestión hídrica más eficiente, resiliente y sostenible a nivel comunal.";"PP";;"2025";"2025";"OF AGRÍCOLA";"DIMAO; COMUNICACIONES; SEGURIDAD PÚBLICA; GRD";"COMUNIDADES DE AGUA; APR; AGRICULTORES";;;;"SOC; ADM; LEG";"LOC";;;"Existencia y difusión inicial de la Ordenanza Municipal de Gestión Sostenible del Agua";;"Revisado";;"COM"
"237";"Maria Pinto";"1.13";;"MDI";"GOB";"Fortalecimiento Institucional Municipal para la Acción Climática";;"La medida tiene como objetivo fortalecer las capacidades técnicas y operativas del personal municipal para integrar el cambio climático en la planificación, diseño e implementación de proyectos y políticas públicas a nivel local. Para ello, se promoverán instancias de formación, capacitación y sensibilización dirigidas a funcionarios y funcionarias municipales, orientadas a incorporar criterios de mitigación y adaptación en la gestión comunal. Asimismo, se fomentará la coordinación y el trabajo colaborativo entre las distintas direcciones y programas municipales, con el propósito de generar sinergias institucionales que permitan abordar los desafíos climáticos de manera integral y transversal. Estas acciones se desarrollarán en coherencia con los lineamientos del Plan de Acción Climática Comunal (PACCC), contribuyendo a fortalecer la gobernanza climática local y a orientar la toma de decisiones municipales hacia un desarrollo resiliente y sostenible a largo plazo.";"PP; FC";;"2025";;"DIMAO";"DOM; DIDECO; SECPLA; OPERACIONES; GRD; DJ";"subdere";;;;"ADM";"LOC; NAC";;;"Número de funcionarios/as municipales capacitados en cambio climático y sostenibilidad; Número de direcciones municipales que integran criterios climáticos en sus proyectos o planes";;"Revisado";;"COM"
"238";"Maria Pinto";"1.14";;"MDI";"GOB";"Sostener espacios de cooperación con actores públicos, privados y sociedad civil para generar y articular acuerdos y proyectos orientados a hacer frente al cambio climático";;"El propósito de estos espacios es fomentar la colaboración y la coordinación entre estos diversos actores para generar acuerdos públicos- privados y articular proyectos específicos orientados a hacer frente al cambio climático, fomentar la agricultura y asegurar su continuidad. Los espacios de colaboración y alianzas de trabajo. Por ejemplo, Acuerdos de Producción Limpia Hídrica, Mesas por la agricultura y el agua de María Pinto";"PP";;"2025";;"DIMAO";"SECPLA; DIDECO; DJ";"Agricultores; Universidades";;;;"SOC";"PRI; LOC";;;"Número de espacios activos de cooperación climática y agrícola; Número de acuerdos o proyectos colaborativos generados en el marco de los espacios de cooperación.";;"Con Observaciones";;"REG"
"239";"Maria Pinto";"1.15";;"MDI";"GSH";"Crear y mantener convenios activos de colaboración con Universidades, ONG y organizaciones ambientales para impulsar proyectos y/o estudios en torno al cambio climático.";;"La medida busca fortalecer la colaboración entre el municipio y universidades y organizaciones no gubernamentales (ONG) para impulsar proyectos y estudios relacionados con el cambio climático en Chile. aprovechando de esta manera la experiencia y recursos de estas entidades para abordar de manera conjunta los desafíos ambientales y promover la sostenibilidad.";"FC; PP";;"2025";;"DIMAO";"SECPLA; DIDECO; DJ";"Universidades; ONGs";;;;"POL; ADM";"LOC";;;"Cantidad de proyectos e iniciativas en torno al cambio climático, realizados gracias a los convenios colaborativos con instituciones universitarias, ONG y otras";;"Revisado";;"COM"
"240";"Maria Pinto";"1.16";;"MDI";"EYD";"Fortalecimiento de un Programa Municipal de Educación Socioambiental para la Acción Climática";;"Esta medida busca fortalecer la capacidad del municipio para desarrollar un Programa Municipal de Educación Socioambiental que promueva la participación activa de la comunidad en acciones frente al cambio climático. Liderado por la DIMAO y en coordinación con DIDECO y otras unidades, el programa impulsará actividades de sensibilización y formación dirigidas a diversos grupos comunitarios y educativos, fomentando el conocimiento y el compromiso ciudadano con la sostenibilidad local. A mediano plazo, se proyecta consolidar una unidad técnica especializada en educación ambiental, junto con la creación de una red de monitores socioambientales comunitarios que fortalezcan la acción climática en los distintos territorios de la comuna.";"FC";;"2025";"Permanente";"DIMAO";"DIDECO; DJ; Dirección de operaciones y gestión de riesgos y desastres";"Organizaciones territoriales; establecimientos de salud; establecimientos educativos";;;;"SOC";"LOC";;;"Creación y ejecución anual del Programa Municipal de Educación Socioambiental.";;"Revisado";;"COM"
"241";"Maria Pinto";"1.17";;"MDI";"GOB";"Creación de una Línea de Financiamiento para la Adaptación Climática y Sostenibilidad dentro del FONDEVE";;"Para fortalecer la resiliencia territorial y promover acciones concretas frente al cambio climático, se implementará una línea de financiamiento dentro del Fondo de Desarrollo Vecinal destinada a iniciativas de adaptación y mitigación del cambio climático. Esta medida permitirá apoyar proyectos enfocados en gestión de riesgos climáticos, conservación de la biodiversidad, manejo eficiente del agua y residuos, economía circular, y energías sostenibles, asegurando un desarrollo ambientalmente responsable en la comuna de María Pinto. Las bases de la línea de financiamiento de acción climática y su difusión, serán realizadas con el trabajo intersectorial de DIMAO y DIDECO.";"F";;"2026";;"DIDECO";"DIMAO";"Organizaciones comunitarias";;;;"ECO; ADM; SOC";"LOC";;;"Incorporación de línea de financiamiento climática en bases de FONDEVE 2026; Número de FONDEVE asignados a la línea de acción climática rendidos anualmente";;"Revisado";;"COM"
"242";"Maria Pinto";"1.18";;"MDI";"INF";"Integración progresiva de criterios climáticos en la evaluación de permisos de edificación";;"Esta medida busca incorporar criterios de adaptación al cambio climático en el proceso de revisión de permisos de construcción por parte de la Dirección de Obras Municipales (DOM), a través de recomendaciones técnicas no vinculantes elaboradas en conjunto con la unidad de medio ambiente y otras áreas pertinentes del municipio. Las sugerencias estarán dirigidas a proyectos habitacionales, condominios y equipamiento público, e incluirán aspectos como el uso preferente de arbolado nativo en áreas comunes, la incorporación de infraestructura verde (jardines de lluvia, zanjas de infiltración, pavimentos permeables), y soluciones pasivas de drenaje para zonas con riesgo de anegamiento, según el diagnóstico del PACCC. Estas recomendaciones se comunicarán durante las etapas de revisión o consulta mediante informes técnicos y material informativo, sin constituir requisitos para la aprobación de los proyectos, resguardando el marco normativo de la LGUC y OGUC. A futuro, se evaluará la creación o actualización de una ordenanza municipal que formalice estos criterios como exigencias normativas, en la medida que exista capacidad técnica y respaldo jurídico para su implementación.";"PP";;"2025";"Permanente";"DOM";"SECPLA; DIMAO; DIDECO";"Comunidad de Maria Pinto";;;;"ADM";"LOC";;;"Implementación de recomendaciones climáticas en la revisión de proyectos por parte de la DOM";;"Con Observaciones";;"COM"
"243";"Maria Pinto";"2.1";;"ADA";"VER";"Actualizar el plan de manejo de áreas verdes con el fin de garantizar su mantenimiento y funcionalidad";;"La medida contempla la actualización del plan de manejo de áreas verdes de la comuna, con el objetivo de asegurar su mantenimiento, funcionalidad y aporte ambiental en el largo plazo. Este instrumento orientará la gestión municipal hacia un manejo más eficiente y sostenible de plazas, parques y otros espacios vegetados, incorporando criterios de eficiencia hídrica, mejora de suelos, selección de especies adecuadas y mantenimiento planificado de la vegetación urbana. El plan promoverá la incorporación y conservación de cobertura vegetal que contribuya a la captura de carbono, la regulación microclimática y la mejora de la calidad ambiental del entorno urbano. Asimismo, se buscará fortalecer la biodiversidad local mediante el uso de especies nativas o adaptadas a las condiciones climáticas del territorio. Adicionalmente, la medida incorporará estrategias de educación y corresponsabilidad ciudadana para fomentar el cuidado y uso responsable de los espacios públicos, promoviendo la participación de la comunidad en actividades de mantención y valorización de las áreas verdes. De esta manera, se espera fortalecer la gestión ambiental comunal y potenciar el rol de las áreas verdes como infraestructura natural que contribuye a la mitigación del cambio climático y al bienestar de la población.";"PP; BP";;"2025";;"DIMAO";"SEPLA; DIDECO";"Juntas de Vecinos";;;;"ADM; SOC";"LOC";;;"Actualizar el Plan de manejo de áreas verdes; Tasa de recambio anual del arbolado urbano";;"Revisado";;"COM"
"244";"Maria Pinto";"2.2";;"ADA";"BIO";"Restauración y fortalecimiento del bosque esclerófilo y desarrollo de bosques comestibles resilientes";;"La medida busca conservar y fortalecer el bosque esclerófilo presente en la comuna mediante la restauración ecológica y la creación de corredores y núcleos biológicos en áreas urbanas, rurales y periurbanas. Estas acciones permitirán aumentar la cobertura vegetal, mejorar la conectividad ecológica y potenciar la captura de carbono, contribuyendo a la mitigación del cambio climático y a la conservación de la biodiversidad local. El Bosque Urbano de María Pinto, desarrollado bajo el método Miyawaki, se consolidará como un espacio de referencia para la restauración ecológica y la educación ambiental, actuando como infraestructura verde que contribuye a la regulación climática y al mejoramiento de las condiciones ambientales del entorno urbano. Su mantención y expansión se apoyará en viveros locales y en la implementación de Obras de Conservación de Agua y Suelo (OCAS), orientadas a mejorar la infiltración y retención hídrica. Como complemento, se impulsarán experiencias piloto de bosques comestibles resilientes que integren especies nativas y adaptadas al territorio, capaces de aportar servicios ecosistémicos y recursos alimentarios. Estos espacios funcionarán como iniciativas demostrativas que integren restauración ecológica, educación ambiental y gestión sostenible del territorio. Asimismo, la medida permitirá incorporar nuevas iniciativas o proyectos piloto que contribuyan a fortalecer los objetivos de restauración y mitigación climática a nivel comunal.";"SbN";;"2025";;"DIMAO";"SECPLA; DJ";"Organizaciones comunitarias; establecimientos educacionales; establecimientos de salud; agricultores";;;;"ECO; SOC";"LOC";;;"1. N° de personas capacitadas en restauración ecológica realizadas en torno al bosque esclerófilo; 2. N° de especies nativas reforestadas";;"Revisado";;"COM"
"245";"Maria Pinto";"2.3";;"ADA";"BIO";"Plan de Limpieza y Restauración Ecológica en Zonas de Biodiversidad";;"La medida busca mejorar la gestión ambiental y la recuperación ecológica de zonas de alto valor para la biodiversidad, tales como humedales, quebradas y otros ecosistemas sensibles presentes en la comuna. Para ello, se implementará un plan progresivo que contemple la identificación y limpieza de microbasurales, junto con acciones de educación ambiental orientadas a prevenir la disposición ilegal de residuos y promover el cuidado de estos espacios. De manera complementaria, se desarrollarán intervenciones de restauración ecológica que incluyan la reforestación con especies nativas y otras acciones destinadas a recuperar la cobertura vegetal, mejorar las condiciones del suelo y fortalecer los servicios ecosistémicos del territorio. Estas acciones contribuirán a aumentar la captura de carbono, mejorar la calidad ambiental y reforzar la resiliencia de los ecosistemas locales frente al cambio climático. La implementación de la medida considerará la participación activa de juntas de vecinos, organizaciones comunitarias, voluntarios ambientales y el municipio, promoviendo el trabajo colaborativo en la protección del entorno natural. Asimismo, se fomentarán acuerdos de colaboración público-privada que permitan fortalecer las iniciativas de conservación y restauración ecológica a nivel local.";"BP ; PP ; SbN";;"2025";;"DIMAO";"DGR; CEDECO; DJA";"Organizaciones comunitarias; sector privado";;;;"ECO; TEC; SOC";"LOC";;;"1) Número de microbasurales eliminados en zonas de biodiversidad.";;"Revisado";;"COM"
"246";"Maria Pinto";"2.4";;"ADA";"BIO";"Plan de Restauración y Mantenimiento del Corredor Biológico Estero Puangue";;"La medida tiene como objetivo conservar y fortalecer el corredor biológico asociado al Estero Puangue, reconociendo su relevancia ecológica y su función como infraestructura natural clave para la regulación hídrica y el soporte de actividades agrícolas en la comuna. A través de acciones de restauración ecológica y mantenimiento periódico del entorno ribereño, se busca mejorar la conectividad entre ecosistemas, recuperar la cobertura vegetal nativa y aumentar la capacidad del paisaje para capturar carbono y regular procesos hidrológicos. El plan contempla intervenciones orientadas al manejo y limpieza de terrazas y zonas aledañas al estero, las cuales funcionan como áreas de amortiguación frente a procesos de erosión, inundaciones y acumulación de material combustible que podría favorecer incendios rurales. Asimismo, se promoverá la incorporación del corredor ecológico del estero en los instrumentos de planificación y gestión territorial, reconociendo su dinámica natural y su valor ecosistémico. De manera complementaria, la medida considera acciones de educación ambiental y sensibilización dirigidas a la comunidad local, destacando los servicios ecosistémicos que provee el estero. También se fomentará el desarrollo de iniciativas de turismo responsable, tales como senderos interpretativos y alianzas con emprendimientos locales, promoviendo la valorización y conservación del entorno natural como parte de una estrategia de desarrollo sostenible.";"BP; PP; FC";;;;"DIMAO";"CEDECO; SECPLA; DJ";"Agricultores; junta de vigilancia; MOP; vecinos";;;;"POL";"PRI; OTR; CON; NAC";;;"Número de acciones de sensibilización realizadas en torno al corredor biológico del Estero Puangue.";;"Revisado";;"COM"
"247";"Maria Pinto";"2.5";;"MDI";"BIO";"Número de acciones de sensibilización realizadas en torno al corredor biológico del Estero Puangue.";;"La medida contempla iniciar el proceso de creación de una Reserva Natural Municipal (RENAMU) a partir del predio donado por el Fundo Agro Alto, con el objetivo de avanzar en su reconocimiento y formalización como un área de conservación bajo administración municipal. Esta iniciativa busca proteger ecosistemas de alto valor ecológico, resguardar la biodiversidad local y fortalecer los servicios ecosistémicos asociados al territorio. En una primera etapa, se priorizará el reconocimiento jurídico y la delimitación del área, junto con la implementación de infraestructura básica de bajo impacto —como señalética, senderos y puntos de acceso controlado— que permita su protección, monitoreo y uso público regulado, sin afectar sus valores ambientales. La creación de esta reserva permitirá consolidar un espacio destinado a la conservación, restauración ecológica y educación ambiental, contribuyendo al fortalecimiento de la infraestructura natural de la comuna. Asimismo, posiciona al municipio como un actor activo en la gestión de áreas de conservación local, aportando a las estrategias comunales de mitigación y adaptación frente al cambio cli.";"PP; IO ; FC";;"2025";;"DOM";"CEDECO; DIMAO; GRD; DAJ";"AGRO ALTO";;;;"ADM; TEC; ECO";"PRI; OTR";;;"Avance en la formalización y habilitación inicial de la RENAMU del Fundo Agro Alto";;"Con Observaciones";;"COM"
"248";"Maria Pinto";"2.6";;"MIT";"ENE";"Impulsar proyectos de paneles solares para la generación de energía a pequeña escala";;"La medida busca promover la adopción de sistemas de energía solar fotovoltaica a pequeña escala en viviendas, comunidades y organizaciones locales de la comuna de María Pinto. Para ello, se impulsarán acciones de difusión y apoyo en el acceso a instrumentos de financiamiento públicos y privados que faciliten la adquisición e instalación de paneles solares. La iniciativa pretende fomentar la generación distribuida de energía renovable, contribuyendo a reducir la dependencia de fuentes energéticas basadas en combustibles fósiles y disminuyendo las emisiones de gases de efecto invernadero a nivel local. Asimismo, el uso de energías limpias permite avanzar hacia una mayor eficiencia energética y autonomía energética del territorio, promoviendo un modelo de desarrollo más sostenible y resiliente frente a los desafíos del cambio climático.";"FC; F";;"2025";;"DOM";"SECPLA; DIMAO";"SERVIU; MUNICIPALIDAD";;;;"TEC; ADM; SOC";"PRI; OTR";;;"Número de hogares o unidades beneficiadas por compras asociativas de paneles solares";;"Con Observaciones";;"COM"
"249";"Maria Pinto";"2.7";;"MIT";"ENE";"Impulsar la creación de plantas solares comunitarias a pequeña escala";;"La medida busca promover el desarrollo e implementación de plantas solares fotovoltaicas comunitarias a pequeña escala, destinadas a generar energía renovable de forma compartida entre habitantes, organizaciones locales y equipamientos comunitarios de la comuna de María Pinto. Estas iniciativas permitirán avanzar en la generación distribuida de energía limpia, contribuyendo a la reducción de emisiones de gases de efecto invernadero y a la disminución de la dependencia de fuentes energéticas basadas en combustibles fósiles. Asimismo, fortalecerán la autonomía energética local, promoviendo un modelo energético más sostenible, participativo y resiliente frente a los desafíos del cambio climático..";"IO";;"2025";;"DOM";"SECPLA;DIDECO";"MUNICIPALIDAD; SUBDERE; GORE";;;;"LEG; TEC";"PRI; OTR";;;"Número de gestiones realizadas para el desarrollo de plantas solares comunitarias";;"Revisado";;"COM"
"250";"Maria Pinto";"2.8";;"MIT";"ENE";"Movilidad Sostenible y Baja en Emisiones para María Pinto: Electromovilidad, Transporte Público y Vías Activas";;"La medida tiene como objetivo avanzar hacia un sistema de movilidad más eficiente, sostenible y con menores emisiones de gases de efecto invernadero, mediante la implementación de tres líneas de acción complementarias: 1. Modernización progresiva de la flota vehicular municipal y de la Corporación Municipal, incorporando gradualmente vehículos eléctricos (tales como camionetas, camiones, buses escolares y transporte comunitario) con el fin de reducir emisiones, mejorar la eficiencia energética y disminuir los costos operacionales asociados al uso de combustibles fósiles. 2. Fortalecimiento del transporte público municipal, mediante la mejora de la cobertura y calidad de los servicios existentes, junto con la renovación progresiva de la flota hacia tecnologías de electromovilidad, contribuyendo a reducir brechas de conectividad y a disminuir la huella de carbono del sistema de transporte comunal. 3. Desarrollo y mejoramiento de infraestructura para movilidad activa, priorizando la construcción, ampliación y mantención de ciclovías y sendas multiuso seguras, con el propósito de fomentar el uso de la bicicleta y el desplazamiento peatonal como alternativas de transporte limpio para la población urbana y rural. La implementación de esta medida considerará la articulación con instrumentos de financiamiento sectorial, tales como programas del Ministerio de Energía, Ministerio de Transportes, Gobierno Regional Metropolitano y SUBDERE, así como el desarrollo de proyectos integrales que aborden simultáneamente la renovación de flota y la infraestructura de movilidad sostenible en la comuna.";"IO";;"2025";;"SECPLA";"DOM; Dirección deTránsito; DIDECO;DIMAO";"SUBDERE; GORE; Dirección de Vialidad";;;;"ADM; SOC";"NAC; CON";;;"Número de vehículos eléctricos adjudicados o en operación dentro de la flota municipal y de la Corporación Municipal; Número total de proyectos de ciclovías o sendas multiuso que se encuentran activos en alguna de las siguientes etapas: diseño, postulación a financiamiento o ejecución.";;"Revisado";;"COM"
"251";"Maria Pinto";"2.9";;"MDI";"FIS";"Programa de Educación y Fiscalización para el Cumplimiento de Ordenanzas Ambientales";;"Esta medida busca fortalecer la gobernanza local y la capacidad institucional para asegurar el cumplimiento efectivo de las ordenanzas ambientales vinculadas al cambio climático, mediante un enfoque integral que combine educación comunitaria, fiscalización activa y comunicación estratégica. Se contempla la implementación de campañas comunicacionales adaptadas a distintos grupos de la población, considerando sus contextos y necesidades, con el fin de generar conciencia sobre el cambio climático, promover el cumplimiento de normativas como la ordenanza de gestión de residuos, y fomentar cambios de comportamiento sostenibles. Asimismo, se realizarán capacitaciones a funcionarios municipales, se dotará de herramientas técnicas a los equipos territoriales y se promoverá la coordinación interinstitucional entre las distintas unidades municipales. Todo ello con el objetivo de impulsar una corresponsabilidad ciudadana en el manejo de residuos, la limpieza y mantenimiento de canaletas, y en general, en la aplicación de medidas de mitigación y adaptación al cambio climático a nivel comunal.";"FC; PP";;"2025";"Permanente";"Seguridad pública";"Comunicaciones; DIMAO";"Organizaciones comunitarias";;;;"AMB; SOC; ECO";"LOC";;;"Número de personas capacitadas y sensibilizadas en temáticas ambientales y ordenanzas locales";;"Revisado";;"COM"
"252";"Maria Pinto";"2.10";;"MIT";"GOB";"Medición huella de carbono institucional (municipal)";;"La medición de la huella de carbono municipal implica cuantificar las emisiones de gases de efecto invernadero (GEI) generadas por las actividades de un municipio, tanto directas como indirectas. Este proceso permite identificar las fuentes de emisión más importantes y diseñar estrategias de reducción para mitigar el impacto ambiental de la gestión municipal. Lo que implica mejorar y nutrir el monitoreo de los indicadores de las medidas del PACCC.";"SAM";;"2026";"Permanente";"DIMAO";"SECPLA;Todas las Direcciones de la Municipalidad";;;;;"ADM";"CON; NAC; PRI; OTR";;;"Realización de la medición huella de carbono institucional";;"Con Observaciones";;"COM"
"253";"Maria Pinto";"2.11";;"MIT";"RES";"Fortalecimiento de estrategia de residuos orgánicos";;"Esta medida busca reducir las emisiones de gases de efecto invernadero (GEI) asociadas al transporte y disposición final de residuos orgánicos, mediante el fortalecimiento integral de la estrategia de compostaje en la comuna de María Pinto. Contempla la formalización, mejora y monitoreo del programa de compostaje urbano, la optimización de la planta municipal de compostaje, y la reincorporación sistemática de podas municipales. De manera clave, se promueve la participación activa de la comunidad en el fomento del compostaje domiciliario y agrícola, especialmente en sectores rurales, posicionando a los vecinos como protagonistas del manejo sostenible de sus residuos. Además, se facilitará el aprendizaje y la adopción de tecnologías biotecnológicas, como la utilización de larvas de mosca soldado, a través de talleres y experiencias demostrativas, con el fin de que las prácticas puedan ser replicadas a nivel barrial y familiar. Esta corresponsabilidad fortalece una cultura ambiental local, mejora la gestión de residuos y contribuye directamente a la mitigación del cambio climático.";"FC; PP; BP";;"2025";;"DIMAO";"SECPLA";"MMA; Comunidad en general";;;;"SOC";"CON";;;"1.Toneladas de residuos orgánicos compostados anualmente; 2.Reducción estimada de emisiones de GEI por compostaje de residuos orgánicos";;"Con Observaciones";;"COM"
"254";"Maria Pinto";"2.12";;"MIT";"RES";"Optimización de la gestión comunal de residuos inorgánicos para la reducción de GEI";;"La medida busca reducir las emisiones de gases de efecto invernadero (GEI) asociadas al manejo de residuos inorgánicos mediante el fortalecimiento de la gestión comunal de residuos. Para ello, se mejorará el sistema de recolección, valorización y disposición final, incorporando acciones como el monitoreo del servicio de recolección domiciliaria, campañas de recolección para residuos especiales y agroindustriales, y la fiscalización del cumplimiento de la ordenanza ambiental vigente. Asimismo, se promoverán convenios para la gestión de residuos especiales (como neumáticos fuera de uso, colchones y residuos electrónicos) junto con el fortalecimiento de programas de educación ambiental y reciclaje en sectores urbanos y rurales. La medida también contempla la articulación con actores públicos y privados para ampliar la cobertura del sistema comunal e incorporar nuevos flujos de residuos, promoviendo prácticas de economía circular y una mayor corresponsabilidad en la gestión sustentable de los residuos.";"BP; FC; PP";;"2025";;"DIMAO";"SEGURIDAD PÚBLICA; DIDECO; DGR;CORPORACIÓN DE EDUCACIÓN";"MMA; Comunidad en general";;;;"SOC";"LOC; PRI";;;"1.Número de convenios activos con sistemas de gestión y recuperación de residuos inorgánicos especiales; Número de campañas anuales de educación, recolección y fiscalización vinculadas a residuos agroindustriales e inorgánicos";;"Con Observaciones";;"COM"
"255";"Buin";"1";;"ADA";"DES";"Sistema de monitoreo climático comunal y generación de información local como apoyo al sistema de alerta temprana";"Mejorar la capacidad comunal de anticipación y respuesta frente a amenazas climáticas a través del fortalecimiento de sistemas locales de información y monitoreo en tiempo real.";"La medida consiste en la instalación y operación de un sistema de monitoreo climático comunal que incluya estaciones meteorológicas, sensores de temperatura y humedad, y plataformas digitales para la visualización y análisis de datos. Se integrará con el sistema regional de alerta temprana (ONEMI/SENAPRED) y permitirá generar reportes de condiciones ambientales locales. Incluirá capacitación a equipos municipales y difusión a la comunidad sobre interpretación de alertas y protocolos de actuación.";"SAM; IO; FC";"Comunal (con prioridad en sectores periurbanos y rurales con mayor exposición climática)";"2026";;;"Unidad de Gestión de Riesgo y Emergencia; Secpla";"SENAPRED; Dmc; Comunidad local; juntas de vecinos; Establecimientos educacionales; redes de salud primaria";"Plan de Emergencia; Plan Comunal de Gestión Riesgo de Desastres (PCRRD); Plan Regulador Comunal (PRC); PLADECO; Estrategia Nacional de Cambio Climático y Recursos Vegetacionales; Sistema Nacional de Alerta Temprana de SENAPRED";;;"ADM; ECO; SOC";"REG; NAC; CON; MUN; OTR";;"Instalación de estaciones meteorológicas y sensores; Desarrollo de plataforma digital de monitoreo en línea; Capacitación a equipos municipales y comunitarios; Integración con el sistema de alerta temprana regional";"Porcentaje de cobertura comunal con monitoreo climático activo";"Instalar al menos 3 estaciones meteorológicas en puntos estratégicos comunales e integrar el sistema de monitoreo climático al sistema de alerta temprana regional en un plazo de 2 años.";"Revisado";;"COM"
"256";"Buin";"2";;"ADA";"DES";"Gestión de emergencias climáticas a nivel comunal";"Reforzar la capacidad de gestión local del riesgo frente a eventos climáticos extremos, articulando el PACCC con instrumentos ya existentes como el Plan de Emergencia Comunal (PEC) y el Plan Comunal de Gestión de Riesgo de Desastres (PCGRD) a través de acciones anticipatorias, de respuesta y recuperación con enfoque climático.";"Esta medida busca integrar el enfoque de cambio climático en la gestión de emergencias comunales ya institucionalizadas. No implica la creación de un nuevo plan, sino la incorporación de variables climáticas en los protocolos, capacidades y acciones del sistema local de protección civil, en coordinación con el COGRID, SENAPRED y actores comunitarios. Incluye capacitaciones sobre riesgos climáticos, actualización de mapas de amenazas, ejercicios de simulacro con foco en eventos climáticos, y desarrollo de procedimientos específicos para olas de calor, incendios forestales, inundaciones y heladas.";"PP";"Comunal (con énfasis en sectores rurales, periurbanos y asentamientos expuestos a eventos extremos";"2026";;;"Unidad de Gestión de Riesgos; SECPLA; DIDECO";"SENAPRED; Bomberos; Carabineros; Redes de Salud primaria; Juntas de vecinos; comunidades escolares; Gobernación provincial; Delegación Presidencial";"Plan Comunal de Gestión de Riesgos de Desastres (PCGRD) - Plan Comunal de Emergencia - Sistema Nacional de Alerta Temprana - Estrategia Climática de Largo Plazo";;;"ADM; TEC; ECO; SOC";"NAC; REG; MUN; CON";;"Inclusión del enfoque de cambio climático en el Plan Comunal de Emergencia y el PCGRD - Simulacros de emergencia climática multi-amenaza (incendios, olas de calor, inundaciones) - Capacitaciones a equipos municipales y juntas de vecinos en gestión de emergencias climáticas - Elaboración de protocolos de respuesta específicos para eventos climáticos extremos - Vinculación entre el sistema de monitoreo climático local y la activación de alertas operativas";"Porcentaje de cobertura territorial con protocolos de respuesta climática actualizados";"Tener actualizado e implementado un sistema de gestión de emergencias climáticas con protocolos operativos y equipamiento básico en al menos 80 % del territorio comunal prioritario al año 2028.";"Revisado";;"COM"
"257";"Buin";"3";;"ADA";"DES";"Ordenamiento territorial para la reducción de riesgos climáticos";"Integrar criterios de adaptación al cambio climático y reducción de riesgo de desastres en los instrumentos de ordenamiento territorial en desarrollo o revisión, para fortalecer la resiliencia física, ambiental y social del territorio comunal de Buin.";"La medida promueve la integración transversal de criterios de adaptación al cambio climático en el sistema de planificación territorial comunal. Busca aportar insumos técnicos del PACCC (mapas de riesgo climático, criterios de localización segura, infraestructura verde, etc.) para orientar decisiones de zonificación, uso de suelo, inversión y regulación del crecimiento urbano y rural.";"PP";"Comunal, con énfasis en zonas de expansión urbana, interfaz urbano-rural y sectores expuestos a amenazas climáticas";"2025";"2028";;"SECPLA; DOM; Dirección de Medio Ambiente, Aseo y Ornato";"Gore RM; Seremi Minvu; Seremi de Medio Ambiente; juntas de vecinos; comités rurales; agricultores";"Plan Regulador Comunal (PRC, en elaboración) - PLADECO - Plan Comunal de Gestión de Riesgos de Desastres (PCGRD) - Plan de Emergencia Comunal (PEC) - PROPIR, ARI y otras carteras de inversión - Estrategia Climática de Largo Plazo - Plan Regional de Cambio Climático (PRCC RM)";;;"AMB; LEG; TEC";"REG; NAC; MUN";;"Sistematización de información climática y amenazas territoriales - Generación de cartografía de riesgo climático comunal - Incorporación de criterios de adaptación en la formulación del PRC - Alineamiento del PACCC con el PLADECO y la inversión pública (PROPIR, ARI) - Formulación de propuestas de ordenanzas locales sobre riesgo climático y localización segura - Enlace entre instrumentos de planificación y el diagnóstico climático del PACCC";"Porcentaje de instrumentos de planificación comunal que incorporan criterios de adaptación al cambio climático";"Al año 2028, al menos 5 instrumentos comunales de planificación y gestión territorial deben haber incorporado criterios de adaptación y riesgo climático.";"Revisado";;"COM"
"258";"Buin";"4";;"ADA";"TRA";"Fomento de la agroecología y prácticas agrícolas regenerativas";"Promover la transición hacia sistemas agrícolas sostenibles y resilientes al cambio climático en la comuna de Buin, priorizando enfoques agroecológicos, el uso eficiente del agua y la protección del suelo agrícola ante amenazas como escasez hídrica, olas de calor.";"Esta medida busca fortalecer la resiliencia del sector agrícola de Buin ante los efectos del cambio climático, promoviendo prácticas productivas regenerativas, eficiencia hídrica y energética, diversificación de cultivos y manejo sustentable del suelo. A través de asistencia técnica, incentivos, formación de capacidades locales y articulación con instrumentos de planificación territorial, se impulsará la transición hacia modelos agroecológicos, especialmente en sectores rurales vulnerables. Además, se integrarán criterios de protección del suelo agrícola frente a la expansión urbana.";"F; FC; PP";"Comunal, con énfasis en sectores rurales y periurbanos agrícolas de Buin.";"2025";"2028";;"Oficina Agrícola; Medio Ambiente; SECPLA";"INDAP; SAG; Seremi de Agricultura; Asociaciones campesinas; cooperativas agrícolas locales; Universidades; centros de investigación agroecológica";"Plan Regulador Comunal (PRC, en elaboración)- PLADECO- PACCC Buin- Política Nacional de Desarrollo Rural- Estrategia Nacional de Cambio Climático y Recursos Vegetacionales- Plan de Acción Regional de Cambio Climático (PRCC RM)- Plan Nacional de Adaptación al Cambio Climático en Agricultura";;;"TEC; ECO; LEG";"NAC; REG; MUN; OTR";;"Capacitación en prácticas agroecológicas y agricultura regenerativa- Fomento de cultivos adaptados al clima local- Tecnificación del riego y uso eficiente del agua en predios agrícolas- Protección del suelo agrícola mediante criterios en el PRC y ordenanzas municipales- Promoción de compostaje y uso de insumos naturales- Asistencia técnica y transferencia de conocimiento local- Articulación con programas de INDAP, SAG y municipios rurales- Identificación de zonas agrícolas estratégicas para su resguardo en el ordenamiento territorial";"Superficie (Ha) de predios que implementan prácticas agroecológicas o de adaptación agrícola.";"Al menos 1.000 Ha de predios rurales con prácticas agroecológicas adaptativas implementadas al año 2028 en la comuna de Buin.";"Con Observaciones";;"COM"
"259";"Buin";"5";;"MIX";"TRA";"Promoción del consumo local y circuitos cortos de comercialización";"Fomentar la resiliencia del sistema alimentario local mediante el fortalecimiento de los canales de comercialización directa entre productores rurales y consumidores locales, impulsando circuitos cortos que reduzcan la huella de carbono, fortalezcan la economía rural y garanticen el acceso a alimentos sanos, sustentables y producidos en armonía con el entorno climático.";"La medida busca incentivar el consumo local y el fortalecimiento de circuitos cortos de comercialización que vinculen directamente a los productores agrícolas de la comuna con consumidores, escuelas, centros comunitarios, ferias locales y mercados municipales. Esta estrategia aporta a la seguridad alimentaria, el desarrollo económico rural, contribuye a la sostenibilidad ambiental, al disminuir los requerimientos de transporte y refrigeración extensiva. Se busca, además, visibilizar y promover productos obtenidos con prácticas sustentables como la agroecología, y generar incentivos para el consumo consciente en el territorio.";"BP";"Comunal, con énfasis en zonas rurales y urbanas con mercados, ferias, servicios públicos y centros educativos";"2025";"2028";;"PRODESAL; DIDECO; CESFAM";"INDAP; Seremi de Agricultura:Seremi de Salud; Organizaciones campesinas; cooperativas; ferias libres; Establecimientos educacionales; jardines infantiles; Asociaciones de consumidores; comunidad local";"PLADECO - Estrategia Nacional de Cambio Climático y Recursos Vegetacionales - Plan Nacional de Soberanía y Seguridad Alimentaria - Política Nacional de Desarrollo Rural";;;"SOC; TEC";"NAC; REG; MUN; OTR";;"Diagnóstico de actores y productos disponibles en la comuna para circuitos cortos - Diseño de rutas de comercialización directa entre zonas productivas y centros urbanos - Promoción del etiquetado local y campañas de consumo responsable - Capacitación a productores en comercialización, trazabilidad y valor agregado - Vinculación con organizaciones de consumidores y agrupaciones locales - Incorporación de infraestructura básica (espacios de acopio, refrigeración comunitaria, transporte logístico compartido)";"1. Porcentaje de productos agrícolas locales incorporados en ferias, mercados y compras públicas comunales. 2. Número de circuitos cortos de comercialización activos con trazabilidad desde productores locales.";"Al año 2028, al menos 40 % del volumen de productos frescos comercializados en ferias y centros públicos comunales debe provenir de productores agrícolas locales. Existencia de al menos 5 circuitos cortos activos, operativos y con trazabilidad.";"Revisado";;"COM"
"260";"Buin";"6";;"ADA";"TRA";"Introducción y fomento de cultivos con mayor capacidad de adaptación al cambio climático";"Promover una transición productiva sustentable en el sector agrícola comunal mediante la incorporación de cultivos resilientes al cambio climático, que requieran menor consumo hídrico, resistan temperaturas extremas y contribuyan a la seguridad alimentaria y sostenibilidad territorial.";"La medida busca impulsar la diversificación de cultivos agrícolas en la comuna de Buin, favoreciendo aquellos que presentan una mayor capacidad de adaptación a escenarios de escasez hídrica, olas de calor y degradación del suelo. Se enfocará en la introducción y validación local de especies agrícolas más resistentes, la reconversión paulatina de cultivos tradicionales de alta demanda hídrica, y la promoción de prácticas de manejo productivo sostenible. Se combinará la asistencia técnica, capacitación, acompañamiento agroclimático y articulación con programas nacionales del Ministerio de Agricultura.";"FC; IT";"Comunal, con énfasis en sectores agrícolas afectados por escasez hídrica y exposición a olas de calor.";"2025";"2030";;"Oficina Agrícola; Dirección de Medio Ambiente, Aseo y Ornato";"INDAP; INIA; SAG; Seremi de Agricultura; Organizaciones campesinas; agricultores; Universidades; centros de innovación agroclimática; Seremi de Medio Ambiente";"PLADECO (desarrollo económico local) - Política Nacional de Desarrollo Rural - Estrategia Nacional de Cambio Climático y Recursos Vegetacionales (ENCCRV) - Plan Nacional de Adaptación al Cambio Climático en Agricultura - Programas de INDAP e INIA en adaptación agroclimática";;;"TEC; ECO";"NAC; REG";;"Diagnóstico agroclimático comunal para identificación de cultivos adaptativos viables - Ensayos locales y parcelas demostrativas de nuevos cultivos resistentes a estrés térmico e hídrico - Programas piloto de reconversión productiva - Transferencia tecnológica y acompañamiento técnico-productivo - Capacitación a agricultores y técnicos locales sobre cultivos adaptativos - Apoyo a sistemas de semillas locales y recuperación de variedades tradicionales resistentes - Vinculación con INDAP, INIA, SAG y universidades - Incorporación del enfoque de adaptación productiva en planes locales de desarrollo agrícola";"Fondos internacionales (FAO, PNUD, GCF, AF)- Convenios con universidades agrícolas y centros INIA";"Al menos 100 predios agrícolas implementando cultivos adaptativos al año 2030 en la comuna de Buin";"Revisado";;"COM"
"261";"Buin";"7";;"ADA";"GOB";"Protección del suelo agrícola frente a la expansión urbana";"Resguardar la vocación agrícola del territorio comunal de Buin como eje de resiliencia productiva y climática, evitando la fragmentación del paisaje rural frente a procesos de urbanización no planificados, y promoviendo la sostenibilidad del uso del suelo desde el PACCC en coordinación con el PRC y otros instrumentos territoriales.";"La medida busca integrar activamente la dimensión climática en la protección del suelo agrícola comunal, como parte de una estrategia de adaptación al cambio climático y seguridad alimentaria local. A partir del PACCC, se promoverá la articulación con los instrumentos de ordenamiento territorial comunales para incorporar zonas rurales estratégicas de resguardo productivo, evitar la expansión desregulada y fragmentada de áreas urbanas y generar criterios de localización segura. Además, se impulsará el fortalecimiento de ordenanzas, catastros de suelos y programas de incentivos a la conservación del uso agropecuario del suelo, en coordinación con actores municipales, regionales y del agro.";"PP";"Comunal, con énfasis en zonas rurales en riesgo de transformación urbana y áreas de interfaz urbano-rural.";"2025";"2028";;"SECPLA; Oficina Agrícola; Medio Ambiente; Planificación";"Seremi MINVU; Seremi de Agricultura; GORE RM; Asociaciones campesinas; juntas de vecinos; INDAP; SAG; INIA; Universidades; centros de estudios territoriales";"Plan Regulador Comunal (PRC, anteproyecto en etapa final) - PLADECO - Plan Comunal de Gestión de Riesgos de Desastres (PCGRD) - Política Nacional de Desarrollo Rural - Estrategia Climática de Largo Plazo - Programas de resguardo territorial agropecuario (INDAP, SAG)";;;"LEG; ECO";"NAC; REG; OTR";;"Sistematización de información sobre uso actual y potencial del suelo agrícola - Diseño de criterios de localización segura y usos preferentes para suelos rurales - Formulación de propuestas de ordenanzas que fomenten la conservación del suelo agrícola - Incentivos y asistencia técnica para permanencia de uso agrícola en zonas de presión urbana - Campañas de sensibilización y participación sobre importancia del suelo agrícola - Vinculación con estrategias regionales y nacionales de desarrollo rural";"Superficie de suelo agrícola protegida en el PRC/ superficie agrícola total.";"Al año 2028, al menos un 70 % del suelo agrícola identificado como prioritario deberá estar regulado para su resguardo frente a la expansión urbana dentro del PRC y normativas comunales";"Revisado";;"COM"
"262";"Buin";"8";;"ADA";"BIO";"Restauración ecológica de quebradas, bordes de canales y zonas ribereñas";"Fortalecer la resiliencia hídrica y ecológica del territorio comunal de Buin mediante la restauración activa de quebradas, zonas ribereñas y bordes de canales, recuperando la funcionalidad ecológica de los ecosistemas que regulan el ciclo del agua, previenen la erosión y conservan la biodiversidad.";"La medida propone implementar acciones de restauración ecológica en ecosistemas estratégicos para la regulación hídrica de la comuna, tales como quebradas, cauces menores, bordes de canales, esteros y zonas ribereñas del río Maipo y Angostura. Estas áreas serán intervenidas con técnicas de reforestación con especies nativas, manejo de vegetación invasora, control de erosión y diseño de infraestructura verde. La restauración de estos sistemas busca incrementar la infiltración de aguas lluvias, la retención de humedad, la conectividad ecológica y la provisión de servicios ecosistémicos fundamentales para el ciclo hidrológico. Estas acciones se realizarán en coordinación con comunidades locales, juntas de vigilancia de aguas, organizaciones agrícolas y entidades técnicas.";"SbN";"Comunal, con énfasis en sectores agrícolas, ribereños y quebradas del territorio rural";"2025";"2030";;"Oficina de Medio Ambiente; SECPLA; Oficina Agrícola";"Seremi de Medio Ambiente; CONAF; DOH; Comunidades agrícolas; juntas de vigilancia de aguas; canalistas Centros de investigación; ONGS; Universidades; Comunidad local; establecimientos educacionales";"Plan de Manejo del río Maipo- Política Nacional de Recursos Hídricos- Estrategia Nacional de Biodiversidad- ENCCRV – Estrategia Nacional de Cambio Climático y Recursos Vegetacionales- PROPIR y proyectos de inversión hídrica- PRC (infraestructura verde y protección de áreas sensibles)";;;"AMB; ECO; LEG; SOC";"CON; REG; NAC; MUN";;"Diseño y aprobación de Ordenanza Municipal de Arbolado Urbano. Diseño y aprobación de Ordenanza Municipal sobre Extracción y Transporte de Áridos desde cauces naturales que constituyen Bienes Nacionales de Uso Público. Identificación y mapeo participativo de zonas prioritarias para restauración- Diseño y ejecución de proyectos piloto de restauración con especies nativas- Reforestación y revegetación en zonas erosionadas o degradadas- Instalación de zanjas de infiltración o prácticas de retención hídrica- Limpieza, conservación y señalización de zonas de valor hídrico-ecológico- Coordinación con juntas de vigilancia de aguas, asociaciones de canalistas y organizaciones locales- Campañas de educación ambiental y formación en restauración ecológica comunitaria- Incorporación de la restauración como componente estructural de infraestructura verde comunal";"Superficie restaurada o intervenida con acciones ecológicas en zonas ribereñas, quebradas y bordes de canal.";"Al menos 20 hectáreas restauradas al 2029 en zonas estratégicas para la regulación hídrica y conservación ecológica del territorio de Buin";"Revisado";;"COM"
"263";"Buin";"9";;"ADA";"BIO";"Protección y mantenimiento ecológico de la red de canales y acequias";"Fortalecer la resiliencia hídrica y ecológica de la comuna de Buin mediante el manejo sustentable, conservación ecológica y restauración funcional de la red de canales y acequias rurales, considerando su valor patrimonial, ambiental y estratégico para la actividad agrícola frente al cambio climático";"Esta medida busca consolidar la gestión sostenible de la red de canales y acequias en el área rural y urbana de Buin. Se promoverá la implementación de una Ordenanza Municipal en actualización (existe el Decreto Exento N°239 del 5 de julio 1990 Ordenanza Municipal de Aseo, Ornato y Mantención de canales, obras de regadío y desagües de la comuna de Buin— que regule la limpieza, mantención y conservación de estos sistemas, incorporando principios de protección ambiental y prácticas respetuosas con la biodiversidad. El mantenimiento ecológico de acequias permitirá mejorar la eficiencia hídrica, reducir la pérdida de caudal, prevenir anegamientos, controlar escorrentías y preservar corredores biológicos. La acción incluirá articulación con comunidades de agua, agricultores y actores técnicos para operativizar planes de conservación y educación territorial";"PP";"Comunal, con foco en sectores agrícolas abastecidos por canales y acequias (Viluco, Alto Jahuel, Maipo, Linderos, entre otros).";"2025";"2029";;"Oficina Agrícola; Dirección de Medio Ambiente y Aseo y Ornato; Dirección Jurídica; DOM";"Juntas de Vigilancia de Aguas; Asociaciones de Canalistas; Seremi de Agricultura; DOH; INDAP; DGA; Organizaciones campesinas; Organizaciones comunitarias; Centros de investigación";"Normas de aplicación general que protejan los cursos de agua dentro del PRC.";;;"SOC; LEG";"REG; NAC; MUN";;"Diseño y aprobación de la Ordenanza Municipal de Arbolado Urbano. Diseño y aprobación de actualización de la Ordenanza Municipal de Acequias y Canales- Diagnóstico participativo de tramos críticos por deterioro o riesgo de obstrucción- Implementación de planes de limpieza y mantenimiento ecológico estacional- Capacitación a juntas de vigilancia, agricultores y personal municipal sobre prácticas sustentables- Instalación de señaléticas y acciones de monitoreo comunitario- Diseño de intervenciones complementarias con vegetación nativa en bordes de canales- Promoción de buenas prácticas agrícolas asociadas a la protección de acequias- Incorporación de la red de acequias como infraestructura verde dentro del PRC";"Número de kilómetros de canales y acequias manejados bajo criterios ecológicos y regulados por normativa comunal";"Al menos un 40% de la red de canales y acequias intervenidos bajo criterios ecológicos a 2029 y cobertura completa de la ordenanza en las zonas rurales de Buin,, en función de los cuerpos legales locales que protejan esta infraestructura.";"Revisado";;"COM"
"264";"Buin";"10";;"ADA";"DES";"Prevención de incendios en zonas de interfaz urbano-rural y áreas productivas";"Reducir el riesgo de incendios forestales y rurales en sectores críticos de interfaz urbano-rural de Buin mediante acciones preventivas, restaurativas y de gobernanza local, fortaleciendo la resiliencia del territorio ante eventos climáticos extremos como olas de calor y sequías prolongadas";"La medida busca abordar el aumento del riesgo de incendios en zonas de interfaz urbano-rural y en sectores agrícolas y forestales vulnerables de la comuna de Buin. Se enfocará en la implementación de planes preventivos, restauración ecológica de áreas degradadas, manejo de combustibles, fortalecimiento de capacidades municipales y comunitarias, y coordinación con actores públicos y privados. Especial atención tendrán sectores con historial de incendios (ej. Alto Jahuel, Valdivia de Paine, Linderos), donde se priorizarán fajas de seguridad, cortafuegos verdes, señalética, educación ambiental y vigilancia comunitaria. La estrategia se articula con el Plan de Emergencias y el Plan Comunal de Reducción de Riesgo de Desastres (PCRRD)";"PP; IO";"Zonas de interfaz urbano-rural, áreas agrícolas, canales, quebradas y sectores con antecedentes de incendios en Buin";"2025";"2028";;"Unidad de Gestión de Riesgos; Dirección de Medio Ambiente, Aseo y Ornato; SECPLA";"SENAPRED; CONAF; Bomberos; Juntas de vecinos; Propietarios agrícolas; canalistas; juntas de vigilancia de aguas; Seremi de Medio Ambiente; Seremi de Agricultura; GORE RM";"Plan Comunal de Gestión del Riesgo de Desastres (PCGRD) - PLADECO (eje de seguridad y habitabilidad) - Estrategia Nacional de Cambio Climático y Recursos Vegetacionales (ENCCRV) - Plan Nacional de Protección contra Incendios Forestales - Ordenanzas municipales sobre residuos y prevención de riesgos";;;"AMB; LEG; ADM";"NAC; REG; MUN; LOC";;"Mapeo de zonas críticas de riesgo por incendios en interfaz urbano-rural- Diseño de cortafuegos verdes y recuperación de franjas con vegetación nativa de baja inflamabilidad- Eliminación de microbasurales y manejo de residuos en zonas periurbanas- Instalación de señalética preventiva, rutas de evacuación y puntos de agua estratégicos- Implementación de fajas de seguridad en áreas agrícolas y canales- Fortalecimiento de capacidades municipales para fiscalización y gestión del riesgo- Programas de educación comunitaria, especialmente en zonas rurales- Articulación con CONAF, SENAPRED, Bomberos y juntas de vecinos rurales";"Superficie de interfaz urbano-rural con acciones de prevención activa de incendios implementadas.";"Al menos 150 hectáreas en zonas críticas intervenidas con medidas activas de prevención de incendios al año 2028";"Revisado";;"COM"
"265";"Buin";"11";;"ADA";"GSH";"Integración de criterios ecológicos e hídricos en la planificación territorial";"Incorporar de forma sistemática criterios de protección ecológica y gestión hídrica en los instrumentos de planificación territorial de la comuna de Buin, fortaleciendo la resiliencia del territorio ante los efectos del cambio climático y promoviendo un desarrollo armónico y sustentable";"Esta medida busca asegurar que los planes y regulaciones territoriales en Buin —incluyendo el Plan Regulador Comunal (PRC), el Plan de Desarrollo Comunal (PLADECO), y los proyectos de inversión pública— integren criterios ecológicos e hídricos vinculados a la adaptación al cambio climático. Esto implica el resguardo de zonas de valor ambiental, la protección de zonas de recarga hídrica, la conectividad ecológica, la definición de usos del suelo compatibles con la resiliencia climática y la promoción de infraestructura verde. La medida reconoce la oportunidad que ofrece la etapa de anteproyecto del nuevo PRC y fomenta la articulación entre áreas municipales, comunidad técnica y actores territoriales";"PP";"Comunal, con énfasis en zonas rurales, áreas de expansión urbana y ecosistemas estratégicos como quebradas y bordes fluviales";"2025";"2029";;"SECPLA; Medio Ambiente; Obras; Jurídico";"Seremi de MINVU; Seremi de Medio Ambiente; Gore rm; Organizaciones ambientales; canalistas; agricultores; juntas de vecinos; Universidades; centros de estudios territoriales";"- Plan Regulador Comunal (PRC, en etapa de anteproyecto) - PLADECO - Plan Comunal de Gestión de Riesgos de Desastres - Estrategia Climática de Largo Plazo - Política Nacional de Ordenamiento Territorial - Plan de Acción Regional de Cambio Climático (PARCC RM)";;;"TEC; ADM; POL";"NAC; REG; MUN";;"Diseño y aprobación de actualización de la Ordenanza Municipal de Acequias y Canales.; diseño y aprobación de Ordenanza Municipal de Arbolado Urbano Incorporación de zonas de valor ecológico e hídrico en el PRC en elaboración- Definición de áreas de amortiguación y localización segura frente a riesgos climáticos- Zonificación preferente para conservación, restauración y uso agrícola sustentable- Evaluación ambiental estratégica con enfoque de cambio climático- Definición de red de infraestructura verde (quebradas, corredores hídricos, parques rurales)- Capacitación a equipos técnicos municipales y actores locales sobre criterios ecológicos- Incorporación de criterios hídricos en cartera de proyectos del PLADECO- Alineamiento con políticas e instrumentos regionales de adaptación";"Porcentaje del territorio comunal regulado con criterios ecológicos e hídricos en instrumentos de planificación territorial.";"Al año 2029, al menos el 35 % del territorio comunal deberá contar con regulación explícita orientada a criterios ecológicos e hídricos dentro del PRC y otros instrumentos de planificación local";"Revisado";;"COM"
"266";"Buin";"12";;"ADA";"GSH";"Promoción del uso eficiente del recurso hídrico en sectores productivos y comunitarios";"Mejorar la eficiencia y sostenibilidad en el uso del recurso hídrico en actividades agrícolas, comerciales, residenciales y comunitarias de la comuna de Buin, promoviendo una cultura de uso responsable del agua frente al contexto de cambio climático";"La medida contempla el desarrollo de estrategias de intervención educativa, tecnológica y de fortalecimiento institucional orientadas al uso eficiente del recurso hídrico. Busca incorporar prácticas de ahorro de agua y tecnologías en sectores agrícolas, industriales, residenciales y en espacios comunitarios, acompañadas por campañas de concientización, monitoreo participativo y asesoría técnica. Se priorizará la intervención en sectores con alta presión sobre el recurso hídrico y baja eficiencia de consumo, mediante alianzas público-privadas, instrumentos de fomento y articulación con programas sectoriales";"BP; FC";"Comunal, con foco en sectores rurales, periurbanos y áreas comunitarias";"2025";"2029";;"DAF; SECPLA; Dirección de Medio Ambiente; Dirección de Educación";"DOH; INDAP; SAG; CNR; Juntas de Vigilancia del agua, APR; canalistas; organizaciones vecinales; Fundación Chile; Universidades; Sector Privado";"PARCC Región Metropolitana - PLADECO Buin - Estrategia Nacional de Recursos Hídricos 2025 - Ordenanza Municipal sobre acequias y canales";;;"SOC; ECO; ADM";"REG; NAC; CON; MUN";;"Diseño y aprobación de actualización de la Ordenanza Municipal de Acequias y Canales Diagnóstico participativo de consumo de agua en sectores priorizados - Capacitación técnica en eficiencia hídrica para agricultores, juntas de vecinos y escuelas - Promoción de tecnologías de bajo consumo: riego por goteo, aireadores, doble descarga, etc. - Campañas de educación ambiental y seguimiento ciudadano al uso del agua";"Porcentaje de usuarios capacitados e implementando tecnologías de eficiencia hídrica.";"Al menos 200 hogares, predios o espacios comunitarios adoptando tecnologías de eficiencia hídrica al 2029.";"Revisado";;"COM"
"267";"Buin";"13";;"ADA";"GSH";"Implementación de infraestructura verde para la gestión hídrica";"Aumentar la resiliencia territorial frente al cambio climático mediante el diseño e implementación de soluciones basadas en la naturaleza orientadas a la regulación hídrica y la protección del suelo, especialmente en zonas urbanas, periurbanas y rurales de la comuna.";"La medida busca fortalecer la gestión sustentable del recurso hídrico a través de la integración de infraestructura verde con función hídrica en el entorno urbano y rural. Esto incluye la instalación de zanjas de infiltración, jardines de lluvia, pavimentos permeables y franjas vegetadas que retienen y filtran el agua, reducen la escorrentía superficial, controlan la erosión y permiten la recarga de acuíferos. Se priorizará su implementación en espacios públicos, bordes de canales, centros comunitarios y equipamientos municipales, contribuyendo también a la adaptación frente a lluvias intensas y a la mejora de la calidad del entorno urbano-rural.";"IO; SbN";"Comunal, con énfasis en sectores urbanos con problemas de escorrentía, borde de canales y zonas de expansión urbana";"2025";"2029";;"SECPLA; Dirección de Medio Ambiente, Aseo y Ornato; DOM";"Seremi minvu; DOH; MINVU; Comunidad local; juntas de vecinos; canalistas; Universidades; ONGs";"Plan Regulador Comunal (PRC) y cartera de infraestructura verde - PLADECO - PARCC Región Metropolitana - Planes de restauración ecológica y mitigación de riesgos";;;"ADM; ECO";"REG; NAC; CON; MUN";;"Diseño y aprobación de Ordenanza Municipal de Arbolado Urbano; Diseño y aprobación de actualización de Ordenanza Municipal de Canales y Acequias. Diseño e implementación de zanjas de infiltración y jardines de lluvia en espacios públicos - Intervención de canales y acequias con franjas vegetadas para retención e infiltración - Recuperación de áreas verdes con función hídrica en zonas urbanas y rurales - Sensibilización comunitaria sobre el rol de la infraestructura verde y su mantención";"Superficie (m²) de infraestructura verde instalada con sistema de bajo consumo hídrico.";"Al menos 15 intervenciones de infraestructura verde con función hídrica ejecutadas al año 2029 en sectores urbanos y rurales";"Revisado";;"COM"
"268";"Buin";"14";;"ADA";"GSH";"Captación y almacenamiento de aguas lluvias para uso en riego";"Reforzar la resiliencia hídrica local mediante la implementación de sistemas de captación y almacenamiento de aguas lluvias para riego agrícola y comunitario, reduciendo la presión sobre fuentes de agua potable y sistemas convencionales de abastecimiento";"La medida consiste en la instalación y operación de sistemas de captación y almacenamiento de aguas lluvias en techos de edificaciones públicas, viviendas rurales, predios agrícolas y espacios comunitarios. Busca disponer de una fuente de agua alternativa para riego de huertos, áreas verdes y cultivos menores, especialmente en zonas con déficit hídrico estacional. Se promoverán soluciones descentralizadas, de bajo costo y mantenimiento sencillo, integradas con acciones de educación ambiental, participación comunitaria y diseño con criterios de infraestructura verde";"IO";"Comunal, con foco en zonas rurales, periurbanas y centros comunitarios urbanos";"2025";"2029";;"Dirección de Medio Ambiente, Aseo y Ornato; DIDECO; Dirección de Educación; DOM";"Juntas de vecinos; agrupaciones agrícolas y educativas; INDAP; CNR; DOH; Seremi de Medio Ambiente; ONGs; Universidades";"PARCC Región Metropolitana - Plan Regulador Comunal (zonas de captación y uso sustentable) - Estrategia Nacional de Recursos Hídricos - Ordenanza municipal de Acequias y Canales (en actualización)";;;"TEC; ECO";"REG; NAC; CON; MUN";;"Identificación y priorización de sectores con potencial de captación y necesidad de agua para riego - Diseño e instalación de sistemas de captación de aguas lluvias desde techumbres - Implementación de estanques o cisternas con filtros, canaletas y dispositivos de descarga - Formación comunitaria en uso, mantenimiento y aprovechamiento del recurso captado - Vinculación con prácticas agroecológicas o paisajismo sustentable";"Número de sistemas de captación de aguas lluvias instalados para uso en riego";"Al menos 25 sistemas de captación y almacenamiento de aguas lluvias instalados en sectores rurales y comunitarios de Buin al año 2029.";"Revisado";;"COM"
"269";"Buin";"15";;"MIT";"ENE";"Programa comunal de recambio de calefactores en zonas residenciales prioritarias";"Reducir las emisiones de contaminantes atmosféricos y gases de efecto invernadero mediante el recambio de calefactores a leña no certificados por tecnologías limpias y eficientes, en coordinación con el Programa Nacional de Recambio de Calefactores del Ministerio del Medio Ambiente.";"La medida busca implementar un programa local de recambio de calefactores contaminantes, articulado con el Programa Nacional del Ministerio del Medio Ambiente (MMA). Este programa permitirá el reemplazo progresivo de calefactores a leña no certificados por tecnologías limpias que cumplan los requisitos de eficiencia energética y bajas emisiones establecidos por el MMA. Se focalizará en sectores residenciales vulnerables desde el punto de vista social, ambiental y de eficiencia térmica, e incluirá acciones de educación energética, diagnósticos térmicos de viviendas y vinculación con subsidios de acondicionamiento térmico del MINVU. La trazabilidad del programa se apoyará en la plataforma nacional de recambio del MMA y será coordinado con la Seremi del Medio Ambiente de la RM.";"F";"Comunal, con énfasis en sectores residenciales urbanos y rurales con mayor uso de leña contaminante";"2025";"2030";;"Dirección de Medio Ambiente, Aseo y Ornato; DIDECO";"MMA; Seremi de Medio Ambiente; Ministerio de Energía; Agencia de Sostenibilidad Energética; MINVU; Empresas proveedoras y certificadas; Juntas de vecinos; organizaciones comunitarias";"Programa Nacional de Recambio de Calefactores del MMA - Estrategia Nacional de Energía - Programas de eficiencia energética del Ministerio de Energía y MINVU - Plan Regulador Comunal en elaboración - PARCC RM (Plan de Acción Regional de Cambio Climático)";;;"ECO; SOC; TEC";"NAC; REG; MUN";;"Postulación comunal al Programa Nacional de Recambio de Calefactores (MMA) - Identificación de zonas residenciales prioritarias (altas emisiones, baja eficiencia térmica) - Diagnóstico de equipos existentes y condiciones de uso - Articulación con subsidios térmicos del MINVU - Campañas de educación energética, capacitación y seguimiento comunitario";"Número de calefactores contaminantes reemplazados con trazabilidad certificada";"Al menos 200 calefactores contaminantes reemplazados en sectores vulnerables de Buin al año 2030, en coordinación con el programa nacional del MMA";"Revisado";;"COM"
"270";"Buin";"16";;"MIT";"ENE";"Actualización de la EEL de Buin con enfoque de transición justa";"Fortalecer la planificación energética local a través de la actualización participativa de la Estrategia Energética Local (EEL) de Buin, integrando principios de equidad, eficiencia, sostenibilidad y transición justa, con énfasis en reducir emisiones de GEI, mejorar la eficiencia energética y ampliar el acceso a energías limpias en sectores residenciales, comunitarios e institucionales.";"La medida consiste en la actualización de la Estrategia Energética Local (EEL) de Buin, integrando una visión sistémica de transición energética justa. Se busca reorientar la EEL para incluir metas específicas de mitigación, eficiencia energética, reducción de pobreza energética, electrificación sostenible, incorporación de energías renovables no convencionales (ERNC), electrificación del transporte público y fortalecimiento de capacidades locales. La actualización será participativa, multisectorial y territorialmente contextualizada, considerando el diagnóstico del inventario comunal de emisiones de GEI, usos energéticos actuales y desafíos de vulnerabilidad energética presentes en zonas urbanas y rurales.";"PP";"Comunal, con enfoque integral urbano-rural y coordinación intersectorial";"2026";"2028";;"Dirección de Medio Ambiente, Aseo y Ornato; DIDECO; Dirección de Educación";"Ministerio de Energía; Seremi RM; Agencia de Sostenibilidad Energética; Organizaciones comunitarias; Sector privado; Academia; centros técnicos de formación";"Inventario de GEI comunal - PARCC RM - Estrategia Nacional de Energía 2050 - Plan Nacional de Acción de Cambio Climático (PANCC III) - PLADECO y PRC en formulación";;;"ECO; TEC; SOC";"NAC; REG; MUN; OTR";;"Diagnóstico energético actualizado y análisis de demanda por sector (residencial, público, transporte, productivo)- Proceso participativo con actores comunales, organizaciones sociales y sector privado- Definición de líneas estratégicas de acción (uso eficiente de la energía, ERNC, educación energética, movilidad sustentable, recambio tecnológico)- Incorporación de criterios de equidad territorial y transición justa (atención a grupos vulnerables y sectores rurales)- Validación técnica y política de la estrategia con el Concejo Municipal- Difusión pública y articulación con el PACCC y otros instrumentos comunales (PLADECO, PRC, Plan de Emergencia)";"Estrategia Energética Local actualizada y validada con enfoque de transición justa";"Contar con una Estrategia Energética Local actualizada y aprobada al año 2028 incorporando al menos 4 líneas estratégicas de acción con criterios de equidad energética, eficiencia y uso de ERNC.";"Revisado";;"COM"
"271";"Buin";"17";;"MIT";"ENE";"Fomento de la energía renovable no convencional en edificios públicos y comunitarios";"Reducir las emisiones de gases de efecto invernadero y promover la eficiencia energética mediante la implementación de sistemas de energía renovable no convencional (ERNC), particularmente solar fotovoltaica, en edificios públicos y comunitarios de la comuna";"La medida busca promover e implementar sistemas de energía renovable no convencional (ERNC), principalmente solar fotovoltaica y térmica en infraestructura pública y comunitaria de Buin como escuelas, CESFAM, sedes vecinales, centros culturales, postas rurales, entre otros. Estas instalaciones permitirán cubrir parte del consumo energético de estas edificaciones, reduciendo la dependencia de fuentes fósiles, generando ahorros operacionales y aportando a la meta de descarbonización local. La medida también contempla capacitación al personal municipal y comunitario para la gestión, mantención y uso eficiente de estos sistemas.";"IO";"Comunal, con prioridad en zonas rurales y edificios públicos/comunitarios de alta demanda energética";"2025";"2030";;"Dirección de Medio Ambiente, Aseo y Ornato; DIDECO; Corporación de Salud; Corporación de Educación";"Ministerio de Energía; Agencia de Sostenibilidad Energética; Seremi de Energía; FIA; SUBDERE; Empresas proveedoras y certificadas; Comunidades organizadas; centros vecinales; establecimientos educacionales";"- Estrategia Energética Local - Estrategia Nacional de Energía 2050 - Programas de Techos Solares Públicos (MMA / Energía) - PLADECO, PRC y planes sectoriales municipales";;;"ECO; TEC; SOC; ADM";"NAC; REG; PRI; MUN; LOC";;"Levantamiento y priorización de edificios públicos y comunitarios con potencial de instalación solar - Diagnósticos energéticos y estudios de prefactibilidad - Postulación a programas de financiamiento público o convenios público-privados - Implementación de sistemas fotovoltaicos conectados a red (de generación distribuida) o aislados - Capacitación y difusión sobre operación y mantenimiento de los sistemas - Monitoreo y evaluación del desempeño energético y ambiental de las instalaciones";"Número de edificios públicos y comunitarios con sistemas ERNC operativos";"Al menos 15 edificios públicos y comunitarios de Buin implementan sistemas ERNC (fotovoltaicos) al año 2030";"Revisado";;"COM"
"272";"Buin";"18";;"MIT";"TYM";"Implementación de infraestructura para la movilidad activa, segura e inclusiva (ciclovías y sendas multipropósito)";"Promover una movilidad baja en emisiones, segura, equitativa y resiliente al cambio climático, priorizando la movilidad activa como eje estructurante del territorio.";"Esta medida busca implementar una red de infraestructura para la movilidad activa (ciclovías, sendas multipropósito, veredas seguras y accesibles), integrando estándares de seguridad vial, accesibilidad universal, conectividad territorial y multimodalidad. Se sustenta en la cartera priorizada del Plan de Inversiones en Infraestructura de Movilidad y Espacio Público (PIIMEP) de Buin 2023–2032, que incluye más de 20 iniciativas de ciclovías, sendas y veredas con una extensión estimada de 70 km. Entre ellas destacan los proyectos de ciclovía en Camino Padre Hurtado, Camino El Cerrillo, Ruta G-517, Santa Filomena, Valdivia de Paine, Camino a Villaseca y Linderos.";"IO";"Comunal (urbano, periurbano y rural). Beneficiarios: población peatonal, ciclistas, estudiantes, adultos mayores.";"2025";"2032";;"SECPLA; Dirección de Tránsito; Educación; DIDECO";"MINVU; MTT; GORE RM; SUBDERE; SERVIU; EFE; MOP; Organizaciones comunitarias; Organizaciones escolares; Ciclistas; gremios de movilidad urbana";"- PIIMEP Buin 2023–2032 - PRC en formulación - PARCC Región Metropolitana - PLADECO Buin - Estrategia Nacional de Movilidad Activa - Ley de Aportes al Espacio Público";;;"ECO; SOC";"NAC; REG; MUN; LOC; PRI";;"Diseño e implementación de ciclovías y sendas con criterios de seguridad vial y conectividad - Interconexión con estaciones del Metro tren y rutas estructurantes del PIIMEP - Señalización, arborización y sombreado - Campañas de sensibilización sobre movilidad activa segura - Evaluación de rutas escolares seguras";"Kilómetros de infraestructura activa construida o mejorada";"Implementar al menos 35 km de ciclovías y sendas multipropósito seguras y conectadas a 2032";"Revisado";;"COM"
"273";"Buin";"19";;"MIT";"TYM";"Incorporación de sistemas de gestión inteligente de flotas municipales y escolares";"Optimizar el funcionamiento, eficiencia energética, trazabilidad y seguridad de las flotas de transporte municipal y escolar en la comuna, mediante la incorporación de tecnologías inteligentes de monitoreo, planificación de rutas y control operativo";"La medida busca modernizar la operación de las flotas de transporte comunal —tanto escolares como de servicios municipales— mediante la incorporación de sistemas inteligentes de gestión que integren GPS, planificación de rutas, sensores de rendimiento y plataformas digitales de seguimiento en tiempo real. Esta acción se orienta a mejorar la eficiencia del uso de combustible, reducir emisiones de GEI, mejorar la seguridad vial, disminuir tiempos de desplazamiento y apoyar la fiscalización del servicio prestado.";"IT";"Comunal. En servicios de transporte escolar municipal, movilización de funcionarios y servicios de traslado comunitario";"2025";"2028";;"DIDECO; Corporación de Educación; Dirección de Medio Ambiente, Aseo y Ornato; Dirección de Tránsito";"MTT; Seremi de Transportes; SUBDERE; GORE RM; Empresas proveedoras de soluciones tecnológicas ;Establecimientos educacionales";"PIIMEP Buin 2023–2032 - PARCC RM - Plan Nacional de Movilidad Urbana Sostenible";;;"SOC; TEC";"REG; NAC; MUN";;"Levantamiento y categorización de la flota escolar y municipal actual- Adquisición e instalación de dispositivos GPS, sensores de rendimiento y telemetría- Desarrollo de una plataforma de monitoreo y análisis de datos en tiempo real- Capacitación al personal municipal y operadores sobre uso de los sistemas- Articulación con rutas escolares seguras y planificación de buses de acercamiento- Implementación de indicadores de eficiencia, cobertura y calidad del servicio";"Flotas escolares y municipales equipadas con sistemas de gestión inteligente";"80% de la flota equipada al año 2028 priorizando vehículos de mayor uso (escolares, recolección, emergencias)";"Revisado";;"COM"
"274";"Buin";"20";;"MIT";"TYM";"Fortalecimiento de la multimodalidad a través de rutas de acercamiento a estaciones de tren, especialmente desde zonas periurbanas y rurales.";"Reducir la dependencia del vehículo particular y mejorar la accesibilidad equitativa al transporte público ferroviario, especialmente para población rural y periurbana, mediante el fortalecimiento de rutas de acercamiento y sistemas complementarios de transporte local.";"Esta medida busca implementar y consolidar rutas de transporte público y comunitario que conecten zonas rurales y periurbanas de la comuna con las estaciones de Metro tren (Buin Zoo, Buin y Linderos). Se trata de una acción estratégica enmarcada en la transición hacia una movilidad más limpia, conectada e inclusiva, que refuerce la intermodalidad del sistema local de transporte. La medida contempla el diseño participativo de trazados de acercamiento, fortalecimiento de flotas de transporte municipal o de gestión comunitaria, integración con sistemas de información georreferenciada y horarios del tren, y coordinación con el PIIMEP para asegurar infraestructura de conexión vial, paraderos y señalética.";"BP; IO; IT; PP";"Zonas rurales y periurbanas de Buin, especialmente sectores como Maipo, Alto Jahuel, El Recurso, Viluco, Santa Filomena, entre otros.";"2023";"2032";;"SECPLA; Dirección de Tránsito; DIDECO";"EFE; Seremi de Transportes y Telecomunicaciones; SUBDERE; GORE RM ; Organizaciones territoriales; comités de transporte rural; Comunidad escolar; usuarios del Metro tren";"PIIMEP Buin 2023–2032 - PRC Buin (en formulación) - Estrategia Nacional de Movilidad Urbana Sostenible - Plan Nacional de Transporte Rural - PARCC RM / PLADECO Buin";;;"ECO; TEC";"REG; NAC; PRI; OTR; MUN";;"Diagnóstico de brechas de conectividad rural con estaciones de tren - Diseño de rutas de acercamiento y definición de horarios y frecuencias - Señalética, paraderos y conectividad con PIIMEP - Coordinación con EFE y MTT para integración de horarios y planificación - Promoción comunitaria del uso de transporte público ferroviario";"Rutas de acercamiento implementadas hacia estaciones de tren";"Contar con al menos 5 rutas de acercamiento operativas hacia estaciones de tren al año 2030, priorizando sectores rurales y periféricos con baja conectividad.";"Revisado";;"COM"
"275";"Buin";"21";;"MIT";"RES";"Implementación de centros de compostaje en escuelas, ferias libres y edificios públicos";"Reducir progresivamente la cantidad de residuos orgánicos enviados a disposición final, disminuyendo las emisiones del sector residuos e impulsando un modelo territorial de economía circular, participación comunitaria y valorización local.";"Esta medida busca instalar, operar y mantener centros de compostaje descentralizados en escuelas, ferias libres y edificios públicos municipales, como estrategia clave para la gestión sustentable de residuos orgánicos en la comuna de Buin. La acción está orientada a disminuir la cantidad de residuos domiciliarios dispuestos en el Relleno Sanitario Santa Marta —principal fuente de emisiones de GEI en la comuna según su Inventario 2023— fomentando una cultura de separación, reutilización y compostaje in situ. Los centros permitirán generar abono orgánico útil para huertos escolares, áreas verdes, huertos comunitarios y espacios educativos, reforzando además la sensibilización ambiental y las prácticas agroecológicas.";"BP; IO";"Comunal. En establecimientos educacionales, ferias libres, centros comunitarios y unidades municipales";"2025";"2030";;"Dirección de Medio Ambiente, Aseo y Ornato; Corporación de Educación; DIDECO; Aseo y Ornato";"Establecimientos educacionales; centros de padres; Ferias libres; juntas de vecinos; organizaciones comunitarias; Seremi de Medio Ambiente; MMA; Fundación Basura; Fundación Casa de la Paz";"Estrategia Nacional de Residuos Orgánicos (ENRO, 2021)- Programa Comunal de Reciclaje y Compostaje del MMA (Programa Reciclo Orgánicos)";;;"SOC; TEC";"CON; REG; NAC; MUN";;"Diagnóstico participativo de espacios públicos con potencial de implementación - Diseño de protocolos de compostaje y manejo responsable - Adquisición de composteras, infraestructura y capacitación del personal - Instalación y operación de centros piloto en escuelas, ferias y oficinas municipales - Acompañamiento técnico, monitoreo de resultados y generación de abono - Articulación con programas de educación ambiental y reciclaje escolar";"Centros de compostaje públicos y comunitarios operativos en la comuna";"Implementar al menos 15 centros de compostaje operativos en escuelas, ferias y edificios municipales al año 2028 (5 por año)";"Revisado";;"COM"
"276";"Buin";"22";;"MIT";"RES";"Fortalecimiento de la gestión de residuos sólidos domiciliarios y educación ambiental";"Mejorar la eficiencia, cobertura y sostenibilidad de la gestión de residuos sólidos domiciliarios en la comuna, a través del fortalecimiento operativo, normativo y educativo del sistema de recolección, separación, reducción y valorización de residuos, con énfasis en la participación ciudadana y el enfoque de economía circular";"Esta medida busca reforzar integralmente la gestión de residuos domiciliarios en Buin, desde la recolección y separación en origen hasta la reducción progresiva de residuos enviados a relleno sanitario. Considera el fortalecimiento de las capacidades municipales, el mejoramiento de rutas y frecuencias de recolección, implementación de puntos limpios y campañas educativas sostenidas. Se busca generar cambios de conducta en la comunidad y fomentar la cultura del reciclaje, reducción y reutilización, en línea con la Estrategia Nacional de Residuos Orgánicos (ENRO) y los principios de economía circular.";"BP; FC";"Comunal. En sectores urbanos, periurbanos y rurales, tanto residenciales como públicos";"2025";"2030";;"Dirección de Medio Ambiente, Aseo y Ornato; DIDECO; Corporación de Educación; Aseo y Ornato";"Seremi de Medio Ambiente; Ministerio del Medio Ambiente; Juntas de vecinos; organizaciones sociales- Establecimientos educativos; Centros comunitarios";"Estrategia Nacional de Residuos Orgánicos (ENRO) - PARCC RM - Plan de Desarrollo Comunal (PLADECO) - Programa Reciclo Orgánicos del MMA";;;"ECO; TEC; SOC";"REG; NAC; PRI; MUN";;"Evaluación del sistema actual de recolección y disposición de residuos - Diseño e implementación de campañas de educación ambiental permanente - Instalación de nuevos puntos limpios o estaciones de reciclaje barrial - Fortalecimiento de fiscalización y normativa sobre disposición informal - Capacitación a personal municipal, comunidades educativas y juntas de vecinos";"Toneladas de residuos reciclados / valorizados anualmente";"Reducir en al menos un 20% los residuos domiciliarios enviados a disposición final al año 2030, a través de separación en origen, reciclaje y valorización comunitaria.";"Revisado";;"COM"
"277";"Buin";"23";;"MIT";"RES";"Desarrollo de puntos limpios y recolección de reciclaje de envases, papeles, cartones, vidrios (Re Simple)";"Incrementar las tasas de reciclaje domiciliario y reducir la cantidad de residuos valorizables enviados a disposición final, mediante la implementación de puntos limpios y sistemas de recolección diferenciada de residuos reciclables, en el marco del sistema de responsabilidad extendida del productor (REP) y el modelo Re Simple";"Esta medida busca fortalecer la infraestructura y logística comunal para la recolección, clasificación y valorización de residuos reciclables como envases y embalajes, papel, cartón, plásticos, metales y vidrio. Se articulará con el sistema de gestión Re Simple, el cual ya está siendo implementado en la comuna de Buin a través de la recolección domiciliaria y camiones de reciclaje. La medida considera la habilitación de nuevos puntos limpios o estaciones de reciclaje barrial, la difusión de rutas de recolección selectiva, el monitoreo de volúmenes recuperados y la educación ciudadana para fomentar la participación en la separación en origen.";"BP; IO";"Comunal – urbano, periurbano y rural";"2025";"2030";;"Dirección de Medio Ambiente, Aseo y Ornato; Corporación de Educación";"Re Simple; MMA; Recicladores de base;cooperativas locales; Comunidad educativa; organizaciones territoriales";"Estrategia Nacional de Residuos Orgánicos (ENRO) - Ley REP y su decreto de envases y embalajes (DEE) - Programa Re Simple (gestor autorizado) - PARCC RM y Plan Nacional de Acción de Economía Circular";;;"ADM; SOC; TEC";"REG; NAC; PRI; MUN";;"Ampliación y mantenimiento de puntos limpios en sectores urbanos y rurales - Difusión comunal de rutas, horarios y tipos de residuos reciclables recolectados - Coordinación con Re Simple para la trazabilidad y evaluación de flujos - Capacitación a recicladores de base y apoyo a su formalización - Campañas ciudadanas de separación en origen y uso del sistema de reciclaje domiciliario - Monitoreo de los indicadores de reciclaje con apoyo del MMA y Re Simple";"Toneladas de residuos reciclables recolectados selectivamente";"Instalar y mantener al menos 10 puntos limpios operativos y recuperar 150 toneladas de residuos reciclables al año 2028 mediante rutas selectivas y el sistema Re Simple.";"Revisado";;"COM"
"278";"Estación Central";"M001";;"MIT";"ENE";"Elaboración de la EEL y obtención sello Comuna Energética";"Proceso mediante el cual, el Municipio genera un instrumento de gestión ambiental local, especializado en temas energéticos, a partir del diagnóstico se genera una serie de iniciativas y proyectos en pos de disminuir las emisiones de GEI.";"Conjunto de acciones enfocadas en el manejo del arbolado de la comuna, donde a partir del catastro en desarrollo se identifican aquellos árboles que con un factor de riesgo.";"PP";"Urbano";"2025";"2030";;"Municipalidad";"MMA; Ministerio de Salud; Ministerio de Energía, Ministerio de Economía; SUBDERE; CORECC, Asociaciones gremiales; Universidades; Centro de Investigación; JJVV; emprendedores de ferias; comunidad";"PLADECO, Plan de Reducción de Riesgo de Desastres. Estrategia Ambiental Comunal.";;"Materiales y herramientas para la mantención de sistemas fotovoltaicos o similares. Profesionales/Técnicos en la gestión energética Voluntariados Herramientas digitales para el monitoreo y control";"ECO; SOC";"LOC; REG; NAC";;;"Generales: Cumplimiento de los objetivos y metas de la estrategia Impacto de la estrategia Otros indicadores relevantes: Costo-efectividad de la estrategia, sostenibilidad de la estrategia.";"Estratégica energética local decretada Hoja de ruta para monitoreo y evaluación de proyectos asociados a la estrategia energética local Obtención del sello comuna energética ""Intermedio"" al año 2030.";"Revisado";;"COM"
"279";"Estación Central";"M002";;"MIT";"GOB";"Generar un inventario local de gases GEI, estableciendo la cantidad de emisiones netas que aporta la comuna.";"Elaboración de un inventario comunal de Gases de Efecto Invernadero con el fin de medir la huella de carbono presente en la comuna.";"Proceso mediante el cual la comunidad toma conciencia y agencia en temáticas ambientales y climáticas.";"BP; FC; IT; SAM";"Urbano";"2025";"2026";;"Municipalidad";"MMA; Ministerio de Salud; Ministerio de Energía; Ministerio de Economía; MINVU; SUBDERE; CORECC; Asociaciones gremiales; Universidades; Centro de Investigación; JJVV; emprendedores de ferias; comunidad";"PLADECO, RRD";;"Infraestructura para la realización de la campaña de educación y sensibilización. Herramientas de monitoreo. Difusión digital.";"ECO; TEC; SOC";"LOC; NAC; REG; PRI; CIU";;;"Cumplimiento del objetivo del inventario.";"“x” cantidad de viviendas con energías limpias. Reducción x% de consumo energético.";"Revisado";;"COM"
"280";"Estación Central";"M003";;"ADA";"VER";"Elaborar un catastro de arbolado urbano para, planificar las intervenciones en la materia.";"La municipalidad registrará el estado fitosanitario del arbolado de la comuna, identificará los tipos de especies y geolocalizará cada ejemplar.";"Proceso mediante el cual se recuperan una cantidad determinada de espacios al interior de la comuna.";"SAM; PP";"Urbano / Periurbano";"2024";"2025";;"Municipalidad";"MMA; Ministerio de Salud; Ministerio de Energía; Ministerio de Economía; MINVU; SUBDERE; CORECC; Asociaciones gremiales; Universidades y Centro de Investigación; JJVV; emprendedores de ferias, comunidad";"PLADECO";;"Materiales y herramientas para la identificación y geolocalización de especies arbóreas Mobiliario urbano adecuado.";"SOC; ECO; TEC";"LOC; NAC; REG; PRI; CIU";;;"Árboles catastrados.";"Contar con información actualizada respecto del estado fitosanitario del arbolado de la comuna.";"Revisado";;"COM"
"281";"Estación Central";"M004";;"MIT";"ENE";"Fomentar el uso de energías renovables a nivel doméstico y comunitario.";"Esta iniciativa busca promover la adopción de energías limpias en hogares, edificios comunitarios y espacios públicos de Estación Central, reduciendo la dependencia de combustibles fósiles y contribuyendo a la mitigación del cambio climático. Para ello, se impulsarán soluciones accesibles y escalables, como la instalación de paneles solares térmicos (para agua caliente) y fotovoltaicos (para electricidad), así como sistemas de eficiencia energética en viviendas sociales y sedes vecinales";"La Municipalidad realizará obras que contribuyan a la disminución del riesgo de anegamiento.";"BP; FC";"Urbano / Periurbano";"2025";"2030";;"Municipalidad";"MMA; Ministerio de Salud; Ministerio de Energía; MINVU; SUBDERE; CORECC; Asociaciones gremiales; Universidades; Centro de Investigación;JJVV; emprendedores de ferias; comunidad";"PLADECO";;"Herramientas de monitoreos. Herramientas digitales.";"SOC; ECO; LEG";"LOC; NAC; REG; PRI; CIU";;;"Cantidad de proyectos energéticos desarrollados";;"Revisado";;"COM"
"282";"Estación Central";"M005";;"ADA";"VER";"Implementar programas de reforestación con especies nativas y resistentes al clima local.";"Se busca recuperar y fortalecer las áreas verdes de Estación Central mediante la plantación de especies nativas y adaptadas a las condiciones climáticas actuales y futuras, considerando los efectos del cambio climático, como sequías y olas de calor. El programa priorizará árboles y arbustos de bajo requerimiento hídrico, resistentes a plagas y capaces de mejorar la biodiversidad urbana, como el quillay, el peumo o el molle";"La Municipalidad formulará proyectos enfocados en mejorar la respuesta de las áreas verdes.";"SAM; PP";"Urbano / Periurbano";"2025";"2030";;"Municipalidad";"MMA; Ministerio de Salud; Ministerio de Energía; MINVU; SUBDERE; CORECC; Asociaciones gremiales; Universidades; Centro de Investigación;JJVV; emprendedores de ferias; comunidad";"PLADECO";;"Composteras comunitarias de uso domiciliario. Vivero Municipal. Centro de compostaje municipal. Equipo y materiales para siembra. Capacitaciones para funcionarios municipales y comunidad.";"ECO; SOC; TEC";"LOC; NAC; REG; PRI; CIU";;;"Cantidad de árboles plantados";"Porcentaje de sobrevivencia superior al 50%.";"Revisado";;"COM"
"283";"Estación Central";"M006";;"ADA";"VER";"Reemplazar progresivamente los árboles inadecuados que dañan infraestructuras por especies más resistentes y beneficiosas para la calidad del aire.";"Contribuir a la reducción de emisiones de GEI a través de un Plan de gestión integral de arbolado.";"Esta iniciativa busca renovar el arbolado urbano de Estación Central, reemplazando progresivamente especies problemáticas (como álamos o falsos plátanos, cuyas raíces dañan veredas y tuberías) por especies nativas y adaptadas, seleccionadas por su resistencia climática, bajo mantenimiento y beneficios ambientales. El proyecto priorizará árboles como el quillay, el maitén o el algarrobo.";"BP; FC; SbN";"Urbano";"2025";"2030";;"Municipalidad";"MMA; Ministerio de Salud; Ministerio de Energía; Ministerio de Economía;MINVU; SUBDERE; CORECC; Asociaciones gremiales; Universidades; Centro de Investigación;JJVV; emprendedores de ferias; comunidad";"Ordenanza de aseo";;"Capacitación a personal y comunidad,";"ECO; TEC; SOC";"LOC; NAC; REG; PRI; CIU";;;"Cantidad de árboles reemplazados.";"Reemplazo de un 5% de arbolado inadecuado.";"Revisado";;"COM"
"284";"Estación Central";"M007";;"MDI";"RES";"Monitoreo Ambiental Ciudadano";"Contribuir a la reducción de emisiones de GEI a través de un Plan de gestión integral de residuos y estrategias para el cumplimiento normativo y el impulso a la economía circular.";"Implementar y fomentar un sistema participativo ciudadano de monitoreo ambiental, que permita reportar y fiscalizar situaciones que generen riesgos ambientales en la comuna, mediante la creación de comités ambientales, app y/o herramientas digitales para el reporte ciudadano y campañas de educación para la capacitación de estas herramientas.";"SAM; FC; PP";"Urbano / Periurbano";"2026";"2030";;"Municipalidad";"MMA; Ministerio de Salud; Ministerio de Energía; Ministerio de Economía;MINVU; SUBDERE; CORECC; Asociaciones gremiales; Universidades; Centro de Investigación;JJVV; emprendedores de ferias; comunidad";;;"Equipamientos tecnológicos de monitoreo. Herramientas digitales. Profesionales / Técnicos del área.";"SOC; ECO";"LOC; NAC; REG; PRI; CIU";;;"Creación del sistema de monitoreo ambiental";"Al crear un sistema de monitoreo ambiental ciudadano en Estación Central, permitirá que la comunidad participe activamente en la evaluación de la calidad del aire, temperatura, niveles de contaminación y presencia de plagas.";"Revisado";;"COM"
"285";"Estación Central";"M008";;"MIT";"RES";"Aumentar la cantidad de puntos de reciclaje y campañas de concienciación sobre la gestión de residuos.";"Contribuir a la reducción de emisiones de GEI a través de un Plan de gestión integral de residuos y estrategias para el cumplimiento normativo y el impulso a la economía circular.";"Proceso de expansión del programa de reciclaje domiciliario y aumento de puntos de reciclaje de vidrio y plásticos en BNUP";"BP; FC; IO";"Urbano";"2025";"2030";;"Municipalidad";"MMA; Ministerio de Salud; Ministerio de Energía; Ministerio de Economía;MINVU; SUBDERE; CORECC; Asociaciones gremiales; Universidades; Centro de Investigación;JJVV; emprendedores de ferias; comunidad";"PLADECO";;"Equipamientos tecnológicos de monitoreo. Herramientas digitales. Profesionales / Técnicos del área.";"SOC; ECO";"LOC; NAC; REG; PRI; CIU";;;"Porcentaje de puntos de reciclaje instalados.";"Aumento de puntos de recepción y almacenamiento de material.";"Revisado";;"COM"
"286";"Estación Central";"M009";;"MIT";"RES";"Profundizar el sistema de recolección de residuos con separación en origen y compostaje comunitario.";"Contribuir a la reducción de emisiones de GEI a través de un Plan de gestión integral de residuos y estrategias para el cumplimiento normativo y el impulso a la economía circular.";"Esta medida busca profundizar el sistema de recolección diferenciada en Estación Central, promoviendo la separación en origen (domiciliaria y comercial) de residuos reciclables, orgánicos y no reciclables, junto con la masificación del compostaje comunitario para reducir los desechos enviados a rellenos sanitarios.";"BP; FC";"Urbano";"2025";"2030";;"Municipalidad";"MMA; Ministerio de Salud; Ministerio de Energía; Ministerio de Economía;MINVU; SUBDERE; CORECC; Asociaciones gremiales; Universidades; Centro de Investigación;JJVV; emprendedores de ferias; comunidad";"PLADECO";;"Equipamientos tecnológicos de monitoreo. Herramientas digitales. Profesionales / Técnicos del área.";"SOC; ECO";"LOC; NAC; REG; PRI; CIU";;;"Cantidad de vecinos que compostan.";"Aumento de puntos de recepción y almacenamiento de materia orgánica.";"Revisado";;"COM"
"287";"Estación Central";"M010";;"MIT";"TYM";"Proponer un plan de movilidad sustentable que incluya ciclovías bien mantenidas y el fomento del transporte público eléctrico o de bajas emisiones.";"Establecer un plan energético integral con miras a un desarrollo sostenible del territorio comunal, dejando capacidades instaladas en pos de aumentar la eficiencia y autonomía energética.";"Esta iniciativa busca promover la movilidad en Estación Central mediante un sistema integrado y ecoamigable, priorizando la infraestructura ciclista segura y la electrificación del transporte público.";"PP; FC";"Urbano";"2026";"2030";;"Municipalidad";"MMA; Ministerio de Salud; Ministerio de Energía; Ministerio de Economía;MINVU; SUBDERE; CORECC; Asociaciones gremiales; Universidades; Centro de Investigación;JJVV; emprendedores de ferias; comunidad";"PLADECO";;"Herramientas digitales. Profesionales / Técnicos del área.";"SOC; ECO";"LOC; NAC; REG; PRI; CIU";;;"Ejecución de proyectos";"Ejecicuón de al menos un proyecto de renovación urbana que incluye ciclovías";"Revisado";;"COM"
"288";"Estación Central";"M011";;"MIX";"INF";"Incentivar techos y fachadas verdes en edificios municipales y privados para reducir la temperatura urbana y mejorar la eficiencia energética";"Establecer un plan energético integral con miras a un desarrollo sostenible del territorio comunal, dejando capacidades instaladas en pos de aumentar la eficiencia y autonomía energética.";"Esta iniciativa busca fomentar la implementación de cubiertas vegetales en techos y muros de edificios municipales y privados en Estación Central, como estrategia clave para enfriar el ambiente urbano, mejorar la eficiencia energética de las construcciones y aumentar la biodiversidad local";"IO; SbN";"Urbano";"2028";"2030";;"Municipalidad";"MMA; Ministerio de Salud; Ministerio de Energía; Ministerio de Economía;MINVU; SUBDERE; CORECC; Asociaciones gremiales; Universidades; Centro de Investigación;JJVV; emprendedores de ferias; comunidad";"PLADECO";;"Herramientas digitales. Profesionales / Técnicos del área.";"ECO; SOC";"LOC; NAC; REG; PRI; CIU";;;"Ejecución de proyectos";"Ejecución de al menos un proyecto de renovación urbana que incluye ciclovías.";"Revisado";;"COM"
"289";"Estación Central";"M012";;"MIT";"ENE";"Promover la transición energética con incentivos para la instalación de paneles solares y eficiencia energética en viviendas y Juntas de vecinos.";"Establecer un plan energético integral con miras a un desarrollo sostenible del territorio comunal, dejando capacidades instaladas en pos de aumentar la eficiencia y autonomía energética.";"Esta iniciativa busca acelerar la adopción de energías limpias y prácticas de eficiencia energética en Estación Central, facilitando el acceso a paneles solares térmicos y fotovoltaicos para viviendas, sedes vecinales y pequeños comercios, junto con mejoras en aislamiento térmico, iluminación LED y sistemas de climatización eficientes.";"BP; F; FC";"Urbano";"2028";"2030";;"Municipalidad";"MMA; Ministerio de Salud; Ministerio de Energía; Ministerio de Economía;MINVU; SUBDERE; CORECC; Asociaciones gremiales; Universidades; Centro de Investigación;JJVV; emprendedores de ferias; comunidad";"PLADECO";;"Herramientas digitales. Profesionales / Técnicos del área.";"SOC; ECO";"LOC; NAC; REG; PRI; CIU";;;"Ejecución de proyectos";"Ejecución de al menos un proyecto de renovación urbana que incluye ciclovías.";"Revisado";;"COM"
"290";"Estación Central";"M013";;"MDI";"GOB";"Diseñar políticas públicas que regulen la planificación urbana considerando el cambio climático y la resiliencia ambiental.";"Transversal a todos los obejtivos.";"Esta iniciativa busca integrar criterios de adaptación y mitigación al cambio climático en la planificación urbana de Estación Central, mediante políticas públicas que prioricen la gestión sostenible del territorio, la reducción de riesgos ambientales y la protección de los ecosistemas urbanos.";"PP";"Urbano";"2025";"2030";;"Municipalidad";"MMA; Ministerio de Salud; Ministerio de Energía; Ministerio de Economía;MINVU; SUBDERE; CORECC; Asociaciones gremiales; Universidades; Centro de Investigación;JJVV; emprendedores de ferias; comunidad";"PLADECO, RRD, Emergencias.";;"Herramientas digitales. Profesionales / Técnicos del área.";"ECO; SOC";"LOC; NAC; REG; PRI; CIU";;;;"Inclusión del criterio de CC en la generación de planes, programas y políticas municipales.";"Revisado";;"COM"
"291";"Estación Central";"M014";;"ADA";"SAL";"Capacitación y concientización a la comunidad en materia de higiene ambiental, ventores y plagas.";"Transversal a todos los obejtivos.";"Programa de capacitación enfocado en entregar conocimiento a la comunidad acerca de detección de plagas e identificación de alternativas de control.";"FC; BP";"Urbano";"2025";"2030";;"Municipalidad";"MMA; Ministerio de Salud; Ministerio de Energía; Ministerio de Economía;MINVU; SUBDERE; CORECC; Asociaciones gremiales; Universidades; Centro de Investigación;JJVV; emprendedores de ferias; comunidad";"PLADECO";;"Herramientas digitales. Profesionales / Técnicos del área.";"ECO; SOC";"LOC; NAC; REG; PRI; CIU";;;"Cantidad de vecinos/as capacitados";"Que los vecinos/as que se capaciten en el programa puedan replicar el conocimiento en sus territorios.";"Revisado";;"COM"
"292";"Estación Central";"M001";;"ADA";"VER";"Mejorar el mantenimiento de árboles y áreas verdes para reducir riesgos de caída y daños a infraestructuras.";"Fortalecer la capacidad de respuesta ante eventos climáticos extremos.";"Conjunto de acciones enfocadas en el manejo del arbolado de la comuna, donde a partir del catastro en desarrollo se identifican aquellos árboles que con un factor de riesgo.";"BP";"Urbano";"2025";"2030";;"Municipalidad";"MMA; Ministerio de Salud; Ministerio de Energía; Ministerio de Economía;MINVU; SUBDERE; CORECC; Asociaciones gremiales; Universidades; Centro de Investigación;JJVV; emprendedores de ferias; comunidad";"PLADECO";;"Herramientas digitales. Profesionales / Técnicos del área.";"ECO; SOC";"LOC; NAC; REG; PRI; CIU";;;"Cantidad de árboles intervenidos";"Se espera que los árboles identificados para intervención sean efectivamente intervenidos con la correcta aplicación de manejo.";"Revisado";;"COM"
"293";"Estación Central";"M002";;"ADA";"DES";"Crear un sistema de alerta temprana para olas de calor, con puntos de hidratación y espacios de refugio climático en plazas y edificios públicos.";"Reducir la vulnerabilidad socioeconómica frente al cambio climático.";"Conjunto de acciones enfocadas en la eliminación de microbasurales en la comuna.";"SAM; IO";"Urbano";"2025";"2030";;"Municipalidad";"MMA; Ministerio de Salud; Ministerio de Energía; Ministerio de Economía;MINVU; SUBDERE; CORECC; Asociaciones gremiales; Universidades; Centro de Investigación;JJVV; emprendedores de ferias; comunidad";"PLADECO";;"Herramientas digitales. Profesionales / Técnicos del área.";"SOC; ECO";"LOC; NAC; REG; PRI; CIU";;;"Cantidad de microbasurales intervenidos.";"Se espera que los espacios recuperados no se reactiven en su función previa a la acción.";"Revisado";;"COM"
"294";"Estación Central";"M003";;"MIT";"RES";"Realizar un proceso de erradicación de microbasurales";"Reducir la vulnerabilidad socioeconómica frente al cambio climático e Incrementar la resiliencia urbana mediante soluciones basadas en la naturaleza.";"Conjunto de acciones enfocadas en la eliminación de microbasurales en la comuna.";"BP; FC";"Urbano";"2025";"2030";;"Municipalidad";"MMA; Ministerio de Salud; Ministerio de Energía; Ministerio de Economía;MINVU; SUBDERE; CORECC; Asociaciones gremiales; Universidades; Centro de Investigación;JJVV; emprendedores de ferias; comunidad";"PLADECO";;"Herramientas digitales. Profesionales / Técnicos del área.";"ECO; SOC";"LOC; NAC; REG; PRI; CIU";;;"Cantidad de microbasurales intervenidos.";"Se espera que los espacios recuperados no se reactiven en su función previa a la acción.";"Revisado";;"COM"
"295";"Estación Central";"M004";;"ADA";"DES";"Implementar sistemas de drenaje sostenible para evitar la acumulación de aguas lluvias y reducir riesgos de anegamiento.";"Fortalecer la capacidad de respuesta ante eventos climáticos extremos.";"Conjunto de acciones enfocadas en la disminución de los efectos de sistemas frontales de alta intensidad.";"IO; SbN";"Urbano";"2025";"2030";;"Municipalidad";"MMA; Ministerio de Salud; Ministerio de Energía; Ministerio de Economía;MINVU; SUBDERE; CORECC; Asociaciones gremiales; Universidades; Centro de Investigación;JJVV; emprendedores de ferias; comunidad";"PLADECO";;"Herramientas digitales. Profesionales / Técnicos del área.";"ECO; SOC";"LOC; NAC; REG; PRI; CIU";;;"Sistemas construidos";"Se espera que los espacios recuperados no se reactiven en su función previa a la acción.";"Revisado";;"COM"
"296";"Estación Central";"M005";;"ADA";"VER";"Diseñar espacios verdes urbanos resilientes, incorporando especies vegetales que requieran menos agua y ayuden a regular la temperatura.";"Fortalecer la capacidad de respuesta ante eventos climáticos extremos.";"Conjunto de acciones enfocadas en la disminución de los efectos de sistemas frontales de alta intensidad.";"BP; SbN";"Urbano";"2028";"2030";;"Municipalidad";"MMA; Ministerio de Salud; Ministerio de Energía; Ministerio de Economía;MINVU; SUBDERE; CORECC; Asociaciones gremiales; Universidades; Centro de Investigación;JJVV; emprendedores de ferias; comunidad";"PLADECO";;"Herramientas digitales. Profesionales / Técnicos del área.";"ECO; SOC";"LOC; NAC; REG; PRI; CIU";;;;"Formulación de proyectos.";"Revisado";;"COM"
"297";"Estación Central";"M006";;"ADA";"DES";"Obras de mejoramiento y reposición de veredas, pavimentos y plazas para mitigación de riesgo de inundaciones.";"Fortalecer la capacidad de respuesta ante eventos climáticos extremos.";"Conjunto de acciones enfocadas en la disminución de los efectos de sistemas frontales de alta intensidad.";"IO";"Urbano";"2025";"2030";;"Municipalidad";"MMA; Ministerio de Salud; Ministerio de Energía; Ministerio de Economía;MINVU; SUBDERE; CORECC; Asociaciones gremiales; Universidades; Centro de Investigación;JJVV; emprendedores de ferias; comunidad";"PLADECO. Plan RRD";;"Herramientas digitales. Profesionales / Técnicos del área.";"ECO; SOC";"LOC; NAC; REG; PRI; CIU";;;;"Formulación de proyectos.";"Revisado";;"COM"
"298";"Estación Central";"M007";;"ADA";"DES";"Obras menores de mitigación por inundaciones.";"Fortalecer la capacidad de respuesta ante eventos climáticos extremos.";"1. Reducción de inundaciones y encharcamientos en el pasaje Vanguard. 2. Aumento de la capacidad de infiltración de agua en el suelo, reduciendo la escorrentía superficial de Los Maitenes con Las Acacias. 3. Incremento en la capacidad de absorción de agua en el área, reduciendo la escorrentía superficial en intersección Oceánica/Cuadro Verde. 4. Prevención en los deslizamientos de sedimentos acumulados en la ladera del paso bajo nivel Gladys Marín, con la finalidad de mantener la vía libre de obstrucciones.";"IO";"Urbano";"2028";"2030";;"Municipalidad";"MMA; Ministerio de Salud; Ministerio de Energía; Ministerio de Economía;MINVU; SUBDERE; CORECC; Asociaciones gremiales; Universidades; Centro de Investigación;JJVV; emprendedores de ferias; comunidad";"PLADECO. Plan RRD";;"Herramientas digitales. Profesionales / Técnicos del área.";"ECO; SOC";"LOC; NAC; REG; PRI; CIU";;;;"Formulación de proyectos.";"Revisado";;"COM"
"299";"Estación Central";"M008";;"MDI";"EYD";"Realizar campañas de educación ambiental para que los vecinos aprendan sobre medidas de adaptación, eficiencia energética y reducción de residuos.";"Educar y sensibilizar a la comunidad sobre adaptación climática.";"Conjunto de acciones enfocadas en la disminución de los efectos de sistemas frontales de alta intensidad.";"FC";"Urbano";"2025";"2030";;"Municipalidad";"MMA; Ministerio de Salud; Ministerio de Energía; Ministerio de Economía;MINVU; SUBDERE; CORECC; Asociaciones gremiales; Universidades; Centro de Investigación;JJVV; emprendedores de ferias; comunidad";"PLADECO";;"Herramientas digitales. Profesionales / Técnicos del área.";"SOC; ECO";"LOC; NAC; REG; PRI; CIU";;;;"Formulación de proyectos.";"Revisado";;"COM"
"300";"Estación Central";"M009";;"ADA";"EYD";"Plan de capacitaciones RRD a la comunidad";"Educar y sensibilizar a la comunidad sobre adaptación climática.";"Conjunto de acciones enfocadas en la disminución de los efectos de sistemas frontales de alta intensidad.";"FC";"Urbano";"2025";"2030";;"Municipalidad";"MMA; Ministerio de Salud; Ministerio de Energía; Ministerio de Economía;MINVU; SUBDERE; CORECC; Asociaciones gremiales; Universidades; Centro de Investigación;JJVV; emprendedores de ferias; comunidad";"Plan RRD";;"Herramientas digitales. Profesionales / Técnicos del área.";"ECO; SOC";"LOC; NAC; REG; PRI; CIU";;;;"Formulación de proyectos.";"Revisado";;"COM"
"301";"Estación Central";"M010";;"MDI";"EYD";"Plan de capacitaciones a funcionarios municipales.";"Educar y sensibilizar a la comunidad sobre adaptación climática.";"Conjunto de acciones enfocadas en la disminución de los efectos de sistemas frontales de alta intensidad.";"FC";"Urbano";"2025";"2030";;"Municipalidad";"MMA; Ministerio de Salud; Ministerio de Energía; Ministerio de Economía;MINVU; SUBDERE; CORECC; Asociaciones gremiales; Universidades; Centro de Investigación;JJVV; emprendedores de ferias; comunidad";"Plan RRD";;"Herramientas digitales. Profesionales / Técnicos del área.";"ECO; SOC";"LOC; NAC; REG; PRI; CIU";;;;"Formulación de proyectos.";"Revisado";;"COM"
"302";"Estación Central";"M011";;"ADA";"DES";"Implementación del Plan “Familia preparada” entregado por SENAPRED, que involucre los 8 pasos";"Educar y sensibilizar a la comunidad sobre adaptación climática.";"Incremento en el número de familias que conocen y aplican medidas de preparación ante desastres. Aumento en la cantidad de hogares que cuentan con kits de emergencia y planes familiares de evacuación. Registro N° de organizaciones sociales capacitadas en todas las unidades vecinales. Que las familias puedan contar con la identificación del catastro de números de emergencias y redes de apoyo frente a una emergencia. 5.Reconocimiento de las zonas seguras, zonas de evacuación y puntos de encuentros.";"FC; BP";"Urbano";"2025";"2030";;"Municipalidad";"MMA; Ministerio de Salud; Ministerio de Energía; Ministerio de Economía;MINVU; SUBDERE; CORECC; Asociaciones gremiales; Universidades; Centro de Investigación;JJVV; emprendedores de ferias; comunidad";"PLADECO";;"Herramientas digitales. Profesionales / Técnicos del área.";"SOC; ECO";"LOC; NAC; REG; PRI; CIU";;;;"Formulación de proyectos.";"Revisado";;"COM"
"303";"Estación Central";"M012";;"ADA";"DES";"Programa comunal de capacitación en gestión integral del riesgo de desastre con enfoque de cambio climático.";"Educar y sensibilizar a la comunidad sobre adaptación climática.";"Conjunto de acciones enfocadas en la disminución de los efectos de sistemas frontales de alta intensidad.";"FC";"Urbano";"2025";"2030";;"Municipalidad";"MMA; Ministerio de Salud; Ministerio de Energía; Ministerio de Economía;MINVU; SUBDERE; CORECC; Asociaciones gremiales; Universidades; Centro de Investigación;JJVV; emprendedores de ferias; comunidad";"PLADECO. Plan RRD";;"Herramientas digitales. Profesionales / Técnicos del área.";"ECO; SOC";"LOC; NAC; REG; PRI; CIU";;;;"Formulación de proyectos.";"Revisado";;"COM"
"304";"San Joaquin";"1";;"ADA";"DES";"Fortalecer los sistemas de Gestión de Riesgos de desastres por cambio climático";;"Mejorar la capacidad institucional y comunitaria para enfrentar los riesgos asociados al cambio climático mediante el fortalecimiento de los sistemas de gestión de riesgos de desastres a nivel municipal.";"PP";;;"Corto Plazo";"Dirección Gestión de Riesgos y Desastres";;;;;;;"LOC; NAC";;;;;"Revisado";;"COM"
"305";"San Joaquin";"2.1";;"ADA";"GSH";"Eficiencia Hídrica y Tecnologías";;"Lograr la eficiencia hídrica es fundamental en todos los ámbitos de la vida cotidiana. En este sentido, la comuna se enfrenta a importantes retos en la búsqueda de soluciones más sostenibles que generen un impacto positivo en la sociedad y el medio ambiente. Para ello, es fundamental identificar opciones de mejora, incorporar tecnologías limpias y optimizar los procesos, con el objetivo de disminuir los costos y alcanzar un uso sustentable del agua.";"BP";;;"Corto y mediano plazo";"Dirección de Medioambiente, Aseo y Ornato";;;;;;;"NAC; REG";;;;;"Revisado";;"COM"
"306";"San Joaquin";"2.2";;"ADA";"GSH";"Gestión y Gobernanza del Agua";;"Una buena gobernanza, por tanto, requiere la colaboración activa de todos los actores involucrados en la gestión del agua para garantizar una gestión integrada y sostenible del recurso hídrico. Para ello, es crucial contar con mecanismos eficaces de coordinación entre las diferentes entidades, tanto municipales como privadas; transparencia en la información y en la toma de decisiones, así como sistemas de monitoreo y evaluación de la gestión del agua que posibiliten un seguimiento continuo de la calidad y cantidad del recurso, así como de los impactos de las acciones emprendidas.";"PP";;;"Corto y mediano plazo";"Dirección de Medioambiente, Aseo y Ornato";;;;;;;"LOC";;;;;"Revisado";;"COM"
"307";"San Joaquin";"2.3";;"ADA";"GSH";"Educación y Cultura del Agua";;"Alcanzar un enfoque integral y consciente hacia el agua, que va más allá de simplemente verla como un recurso natural y la considera como un elemento fundamental para la vida y el desarrollo sostenible. Esta perspectiva requiere tomar conciencia de su importancia en diversos aspectos de la sociedad y la cultura. Para ello, es fundamental educar a la comunidad en la importancia del agua y sus ciclos, así como los desafíos asociados con la escasez de agua, la contaminación y el cambio climático.";"FC";;;"Corto Plazo";"Dirección de Medioambiente, Aseo y Ornato";;;;;;;"LOC; REG";;;;;"Revisado";;"COM"
"308";"San Joaquin";"2.4";;"ADA";"BIO";"Biodiversidad y Ecosistema";;"Este desafío compromete a la comuna con objetivos claros para proteger y restaurar urgentemente los ecosistemas locales, asegurando un territorio saludable que permita el desarrollo de las generaciones presentes y futuras.";"BP";;;"Corto Plazo";"Dirección de Medioambiente, Aseo y Ornato";;;;;;;"LOC; REG; NAC";;;;;"Revisado";;"COM"
"309";"San Joaquin";"2.5";;"MDI";"GOB";"Información Clara y Transparente";;"La comuna debe avanzar hacia mecanismos que permitan el acceso público a la información, la que debe ser clara y oportuna, para que se puedan tomar decisiones informadas y proactivas.";"PP";;;"Corto Plazo";"Dirección de Medioambiente, Aseo y Ornato";;;;;;;"LOC; REG";;;;;"Revisado";;"COM"
"310";"San Joaquin";"3.1";;"MIT";"RES";"Programas de Reciclajes y Manejo de Residuos domiciliarios";;"La medida consiste en el diseño, implementación y fortalecimiento de programas integrales de reciclaje y manejo de residuos domiciliarios, con el objetivo de reducir la cantidad de residuos que llegan a rellenos sanitarios y fomentar la economía circular a nivel comunal.";"BP";;;"Corto y mediano plazo";"Dirección de Medioambiente, Aseo y Ornato";;;;;;;"LOC; REG; NAC";;;;;"Revisado";;"COM"
"311";"San Joaquin";"3.2";;"MIT";"RES";"Fortalecer programas de retiro de enseres en desuso";;"La medida busca fortalecer los programas municipales de retiro de enseres en desuso (electrodomésticos, muebles, colchones, entre otros), mediante la ampliación de coberturas territoriales, mejoras en la logística de recolección y estrategias de difusión comunitaria. Su propósito es prevenir la disposición indebida de estos elementos en espacios públicos, promover su correcta gestión y fomentar prácticas responsables de manejo de residuos voluminosos, contribuyendo así a la limpieza urbana, la salud ambiental y la calidad de vida de los vecinos/as.";"BP";;;"Corto Plazo";"Dirección de Medioambiente, Aseo y Ornato";;;;;;;"LOC";;;;;"Revisado";;"COM"
"312";"San Joaquin";"4.1";;"MIT";"ENE";"Fomentar proyectos de eficiencia energética a nivel comunal";;"La medida tiene como objetivo promover e implementar proyectos de eficiencia energética en el ámbito comunal, tanto en infraestructura municipal como en espacios públicos y fomentar el uso de estas tecnologías en viviendas. Esto incluye iniciativas orientadas a la optimización del consumo energético mediante tecnologías más eficientes. Esta acción busca reducir la demanda energética, disminuir las emisiones de gases de efecto invernadero y generar ahorros económicos sostenibles en el mediano y largo plazo.";"BP; IO";;;"Corto Plazo";"DOM";"SECPLAN; DIDECO; Dirección de Medioambiente, Aseo y Ornato";;;;;;"NAC";;;;;"Revisado";;"COM"
"313";"San Joaquin";"4.2";;"MIT";"ENE";"Fortalecer conciencia de eficiencia energética a nivel Local y comunal";;"La medida busca fortalecer la conciencia y cultura de la eficiencia energética entre los distintos actores del territorio comunal, incluyendo a la ciudadanía, organizaciones comunitarias y funcionario/as municipales. Esto se realizará mediante campañas de sensibilización a nivel comunal, talleres formativos para funcionarios/as y la incorporación de criterios de eficiencia energética en la construcción y mejoramiento de recintos municipales y espacio público.";"FC";;;"Corto Plazo";"DOM";"SECPLAN; DIDECO; Dirección de Medioambiente, Aseo y Ornato";;;;;;"LOC; NAC";;;;;"Revisado";;"COM"
"314";"San Joaquin";"5.1";;"MDI";"GOB";"Incorporar Criterios de Sustentabilidad en todas las áreas de gestión Municipal";;"La medida tiene como finalidad transversalizar la sustentabilidad en la gestión municipal, integrando criterios ambientales en la planificación y ejecución de programas y proyectos de todas las unidades y departamentos municipales. Buscando fortalecer la gobernanza local hacia el desarrollo sostenible, promoviendo una administración coherente con los desafíos del cambio climático y la resiliencia territorial.";"BP; PP";;;"Corto Plazo";"Dirección de Medioambiente, Aseo y Ornato";"Dirección Gestión Administrativa; DIDECO; COMUNICACIONES";;;;;;"LOC";;;;;"Revisado";;"COM"
"315";"San Joaquin";"5.2";;"MDI";"EYD";"Fortalecer conciencia ambiental y sustentable en equipos municipales";;"La medida tiene como finalidad transversalizar la sustentabilidad en la gestión municipal, integrando criterios ambientales en la planificación y ejecución de programas y proyectos de todas las unidades y departamentos municipales. Buscando fortalecer la gobernanza local hacia el desarrollo sostenible, promoviendo una administración coherente con los desafíos del cambio climático y la resiliencia territorial. La medida tiene como objetivo promover una cultura organizacional orientada a la sustentabilidad dentro del municipio, a través del fortalecimiento de la conciencia ambiental en los equipos municipales. Esto se logrará mediante acciones formativas, capacitación y campañas internas/ externas que fomenten el conocimiento, la reflexión y la adopción de buenas prácticas ambientales en el quehacer diario institucional a nivel comunal. La medida busca generar compromiso, liderazgo y coherencia en la gestión municipal frente a los desafíos del cambio climático, el uso eficiente de recursos y la protección del entorno local.";"FC";;;"Corto Plazo";"Dirección de Medioambiente, Aseo y Ornato";"DIDECO; COMUNICACIONES";;;;;;"LOC; REG; PRI";;;;;"Revisado";;"COM"
"316";"San Joaquin";"6.1";;"MDI";"GOB";"Gestión ambiental institucional y Monitoreo de indicadores ambientales en la comuna de San Joaquín";;"La medida busca fortalecer la gestión ambiental institucional en la comuna de San Joaquín, mediante la implementación de mecanismos sistemáticos de planificación, seguimiento y evaluación ambiental. Esto incluye el diseño e incorporación de indicadores ambientales clave que permitan monitorear el estado del medio ambiente comunal (como calidad del aire, generación de residuos, áreas verdes, consumo hídrico y energético, entre otros), así como la integración de estos datos en la toma de decisiones municipales. La medida tiene como objetivo mejorar la coordinación interdireccional y la articulación con actores externos, con el fin de avanzar hacia una gestión ambiental más eficiente, basada en evidencia y orientada al desarrollo sustentable del territorio.";"PP; SAM";;;"Corto, mediano y largo plazo";"Dirección de Medioambiente, Aseo y Ornato";;;;;;;;;;;;"Revisado";;"COM"
"317";"San Joaquin";"6.2";;"ADA";"VER";"Rehabilitar zonas degradadas o contaminadas (por ejemplo, sitios eriazos).";;"La medida tiene como propósito recuperar y poner en valor zonas del territorio comunal que se encuentran degradadas o contaminadas, tales como sitios eriazos, microbasurales o espacios públicos abandonados. A través de intervenciones de limpieza, restauración ecológica y readecuación del uso del suelo, se busca transformar estos espacios en áreas seguras, funcionales y ambientalmente sostenibles. La rehabilitación podrá contemplar la creación de áreas verdes, huertos urbanos, plazas comunitarias u otros usos que respondan a las necesidades locales, contribuyendo así a mejorar la calidad de vida, reducir los riesgos sanitarios y fortalecer el vínculo entre la comunidad y su entorno.";"IO";;;"Corto y mediano plazo";"Dirección de Medioambiente, Aseo y Ornato";;;;;;;"LOC; REG; NAC";;;;;"Revisado";;"COM"
"318";"San Joaquin";"6.3";;"ADA";"VER";"Mejoramiento de áreas verdes en la comuna con enfoque sustentable";;"La medida busca mejorar y revitalizar las áreas verdes existentes en la comuna, incorporando un enfoque de sustentabilidad ambiental. Esto incluye la implementación de prácticas de diseño y mantención ecológica, como el uso de especies nativas o adaptadas, sistemas de riego eficientes, control natural de plagas y manejo responsable de residuos vegetales. El objetivo es fortalecer el rol de las áreas verdes como infraestructuras ecológicas clave para la mitigación del cambio climático, la biodiversidad urbana y el bienestar de la población.";"IO; SbN";;;"Corto Plazo";"SECPLAN";"Dirección de Medioambiente, Aseo y Ornato";;;;;;"LOC";;;;;"Revisado";;"COM"
"319";"San Joaquin";"6.4";;"ADA";"VER";"Implementar un plan de arborización urbana estratégico.";;"La medida consiste en diseñar e implementar un plan de arborización urbana estratégico en la comuna, orientado a aumentar y diversificar la cobertura arbórea en el espacio público, con criterios técnicos, ambientales y sociales. El plan considerará la selección de especies adecuadas (preferentemente nativas o adaptadas), la distribución equitativa del arbolado por sectores, el mantenimiento sostenible de los ejemplares y su integración con infraestructura urbana. Esta acción contribuye a la regulación térmica, mejora de la calidad del aire, aumento de la biodiversidad, y fortalecimiento del entorno urbano frente a los efectos del cambio climático.";"PP; SbN";;;"Corto y mediano plazo";"Dirección de Medioambiente, Aseo y Ornato";;;;;;;"LOC; NAC";;;;;"Revisado";;"COM"
"320";"San Joaquin";"7.1";;"ADA";"INF";"Crear espacios públicos resilientes al cambio climático";;"La medida busca diseñar y habilitar espacios públicos que sean capaces de adaptarse y responder efectivamente a los impactos del cambio climático, tales como eventos extremos de calor, inundaciones o sequías. Para ello, se incorporarán principios de diseño sostenible y soluciones basadas en la naturaleza, con el objetivo que estos espacios contribuyan a mejorar la calidad de vida de los vecinos/as de la comuna, la cohesión social y la resiliencia comunitaria ante futuros desafíos ambientales.";"IO; SbN";;;"Corto y mediano plazo";"SECPLAN";"Dirección de Medioambiente, Aseo y Ornato";;;;;;"LOC; REG; NAC";;;;;"Revisado";;"COM"
"321";"San Joaquin";"8.1";;"MIT";"RES";"Fomentar la economía circular en comerciantes y emprendedores/as de la comuna";;"La medida tiene como objetivo promover la adopción de principios y prácticas de economía circular en emprendedores/as de la comuna, incentivando la reducción, reutilización, reciclaje y valorización de residuos dentro de sus procesos productivos y comerciales. Esto incluirá capacitaciones, asesorías técnicas, acceso a redes de colaboración y difusión de experiencias exitosas que faciliten modelos de negocio sostenibles y responsables con el medio ambiente. La acción busca fortalecer la competitividad local, minimizar el impacto ambiental y generar oportunidades económicas basadas en la eficiencia de recursos y la innovación.";"BP; FC";;;"Corto Plazo";"Dirección Desarrollo económico Local";"Dirección de Medioambiente, Aseo y Ornato";;;;;;"LOC; PRI; OTR";;;;;"Revisado";;"COM"
"322";"San Joaquin";"9.1";;"ADA";"BIO";"Conservar y fortalecer la biodiversidad local: Proteger especies y ecosistemas que son fundamentales para las comunidades, con soluciones basadas en la naturaleza";;"La medida tiene como objetivo conservar y potenciar la biodiversidad local mediante la protección y restauración de especies y ecosistemas clave para el equilibrio ambiental y el bienestar de las comunidades de la comuna.";"BP; SbN";;;"Corto Plazo";"Dirección de Medioambiente, Aseo y Ornato";"SECPLAN";;;;;;"LOC; PRI; OTR";;;;;"Revisado";;"COM"
"323";"San Joaquin";"10.1";;"MIT";"TYM";"Fomentar y promover la movilidad activa";;"La medida busca incentivar y facilitar el uso de medios de transporte activo, como caminar y andar en bicicleta, dentro de la comuna, promoviendo beneficios para la salud, el medio ambiente y la calidad de vida de la población. Para ello, se implementarán acciones que mejoren la infraestructura peatonal, ciclista, aumenten la seguridad vial, y renueven la flota de vehículos municipales de uso comunitarios.";"BP; IO; SbN";;;"Mediano Plazo";"SECPLAN";"Dirección de Medioambiente, Aseo y Ornato; Dirección de Tránsito y Transporte Público; Dirección Gestión Administrativa";;;;;;"LOC; REG; NAC";;;;;"Revisado";;"COM"
"324";"San Joaquin";"11.1";;"MDI";"EYD";"Aumentar Programas de Educación Ambiental frente al Cambio climático";;"La presente medida busca fortalecer y ampliar los programas de educación ambiental en la comuna, con foco específico en la comprensión y acción frente al cambio climático. Se orienta a generar conciencia, fomentar conductas sostenibles y promover la participación activa de la comunidad en la adaptación y mitigación de los efectos del cambio climático. Esta medida apunta a construir una ciudadanía informada y comprometida con la protección del entorno y la resiliencia local frente a la crisis climática.";"FC";;;"Corto y mediano plazo";"Dirección de Medioambiente, Aseo y Ornato";"Comunicaciones; Gabinete; Dideco";;;;;;"REG; NAC; PRI";;;;;"Revisado";;"COM"
"325";"San Miguel";;;"ADA";"GSH";"Campañas educativas sobre el uso eficiente del agua";"OE 3: Optimizar la gestión de recursos hídricos en un contexto de escasez estructural. OE 6: Promover cambios culturales hacia estilos de vida sostenibles y resilientes.";"Diseñar e implementar campañas permanentes de educación y sensibilización orientadas a promover el uso eficiente y responsable del agua a nivel domiciliario, comunitario e institucional, mediante estrategias de educación ambiental territorial dirigidas a vecinos/as, establecimientos educacionales, organizaciones comunitarias y funcionarios municipales. La medida contempla talleres, campañas comunicacionales, señalética, difusión digital, ferias ambientales y actividades participativas orientadas a fortalecer una cultura hídrica comunal frente a escenarios de cambio climático y escasez hídrica.";"FC";;;"Corto plazo";"Dirección de Medio Ambiente";"DIDECO; Dirección de Cultura";"establecimientos educacionales; SLEP; organizaciones comunitarias; MMA; DGA";;;;;"CON; LOC; REG; NAC; PRI; OTR";;"Elaboración de una estrategia comunal de educación hídrica; desarrollo de material educativo y campañas comunicacionales; ejecución de talleres territoriales y actividades comunitarias; difusión mediante plataformas municipales y redes sociales; articulación con establecimientos educacionales y organizaciones territoriales; seguimiento anual de cobertura y participación de las actividades implementadas.";"• Número de campañas implementadas por año. • Número de talleres y actividades territoriales ejecutadas. • Número de personas participantes. • Número de establecimientos educacionales participantes. • Alcance digital de campañas comunicacionales. • Cantidad de material educativo distribuido.";"Fortalecer la conciencia ambiental e hídrica de la comunidad, promoviendo prácticas de uso responsable del agua y aumentando progresivamente la participación ciudadana en iniciativas de adaptación frente a la escasez hídrica y el cambio climático.";"Revisado";;"COM"
"326";"San Miguel";;;"ADA";"GSH";"Elaboración e implementación de Ordenanza Hídrica Comunal";"OE 3: Optimizar la gestión de recursos hídricos en un contexto de escasez estructural. OE 5: Fortalecer la gobernanza climática municipal y la articulación intersectorial. OE 7: Incorporar el cambio climático en los instrumentos de planificación y gestión comunal.";"Elaborar e implementar una Ordenanza Hídrica Comunal orientada a fortalecer la gestión sustentable del recurso hídrico en el territorio comunal, incorporando criterios de eficiencia hídrica, reutilización de aguas, reducción de pérdidas, riego sustentable, educación ambiental y buenas prácticas en espacios públicos, infraestructura municipal y actividades desarrolladas en la comuna. La ordenanza buscará consolidar un marco normativo local que permita fortalecer la adaptación comunal frente a escenarios de escasez hídrica y cambio climático.";"PP";;;"Corto plazo";"Dirección de Medio Ambiente; Asesoría Jurídica";"SECPLA; DOM; DLGE; DIDECO";"SISS; MMA; DGA; organizaciones comunitarias";;;;;"LOC; NAC";;"Revisión de normativa vigente y experiencias comparadas; levantamiento de antecedentes técnicos y territoriales; elaboración participativa de propuesta normativa; coordinación interdepartamental y revisión jurídica; procesos de participación ciudadana y validación institucional; aprobación mediante Concejo Municipal; difusión de la ordenanza y generación de lineamientos para su implementación y seguimiento.";"• Ordenanza hídrica elaborada y aprobada. • Número de procesos participativos realizados. • Número de acciones implementadas asociadas a la ordenanza. • Número de iniciativas municipales que incorporan criterios de eficiencia hídrica. • Número de actividades de difusión y capacitación realizadas. • Número de fiscalizaciones o acciones de seguimiento desarrolladas.";"Contar con un instrumento normativo comunal que fortalezca la gestión hídrica sostenible, incorpore criterios de adaptación al cambio climático y promueva buenas prácticas ambientales a nivel institucional y territorial.";"Revisado";;"COM"
"327";"San Miguel";;;"ADA";"GSH";"Georreferenciación y actualización de infraestructura hídrica y sanitaria comunal";"OE 1: Reducir la exposición de la población a eventos climáticos extremos, particularmente anegamientos urbanos. OE 2: Incrementar la capacidad adaptativa del territorio mediante soluciones basadas en la naturaleza e infraestructura resiliente. OE 5: Fortalecer la gobernanza climática municipal y la articulación intersectorial.";"Desarrollar un sistema actualizado de información territorial hídrica y sanitaria mediante el levantamiento, sistematización y georreferenciación de infraestructura crítica asociada a aguas lluvias y redes sanitarias comunales. La medida contempla el catastro de sumideros, redes de evacuación de aguas lluvias, puntos críticos de anegamiento, escorrentías urbanas, grifos, infraestructura sanitaria y puntos de abastecimiento de agua para emergencias, con el objetivo de fortalecer la planificación territorial, la gestión del riesgo climático y la capacidad de respuesta comunal frente a eventos extremos.";"SAM";;;"Corto plazo";"SECPLA; DLGE; Dirección de Medio Ambiente";"DOM";"Aguas Andinas; Bomberos; SENAPRED; empresas sanitarias; organismos técnicos sectoriales";;;;;"LOC; REG; NAC";;"Levantamiento territorial y recopilación de antecedentes técnicos existentes; sistematización y validación de información hídrica y sanitaria comunal; desarrollo de base de datos georreferenciada y cartografía temática en plataforma SIG municipal; identificación y priorización de puntos críticos de anegamiento; generación de herramientas de apoyo para planificación territorial y gestión de emergencias climáticas; actualización periódica de información e integración progresiva con sistemas municipales de monitoreo y gestión territorial.";"• Porcentaje de infraestructura hídrica y sanitaria georreferenciada. • Número de puntos críticos de anegamiento identificados. • Número de mapas temáticos elaborados. • Plataforma SIG implementada y operativa. • Número de actualizaciones realizadas por año. • Número de unidades municipales que utilizan la información territorial generada.";"Contar con información territorial hídrica y sanitaria actualizada y georreferenciada que permita fortalecer la planificación urbana, la gestión del riesgo climático y la respuesta frente a emergencias asociadas a precipitaciones intensas y anegamientos urbanos.";"Revisado";;"COM"
"328";"San Miguel";;;"ADA";"GSH";"Implementación del Plan de Acción Hídrico Comunal";"OE 3: Optimizar la gestión de recursos hídricos en un contexto de escasez estructural. OE 5: Fortalecer la gobernanza climática municipal y la articulación intersectorial. OE 7: Incorporar el cambio climático en los instrumentos de planificación y gestión comunal.";"Implementar de manera progresiva las acciones y lineamientos definidos en la Estrategia Hídrica Local y su Plan de Acción asociado, priorizando iniciativas orientadas a fortalecer la eficiencia hídrica, la resiliencia territorial, la gobernanza del agua, la educación ambiental y la incorporación de criterios de adaptación climática en la gestión comunal. La medida busca consolidar una gestión hídrica integrada a nivel local, articulando acciones institucionales, territoriales y comunitarias frente a escenarios de escasez hídrica y variabilidad climática.";"PP";;;"Largo plazo";"Dirección de Medio Ambiente";"SECPLA; DOM; DLGE; DIDECO";"MMS; DGA; GORE RM; empresas sanitarias; organizaciones comunitarias; organismos técnicos sectoriales";;;;;"LOC; REG; NAC";;"Priorización técnica y territorial de medidas definidas en el Plan de Acción Hídrico; coordinación interdepartamental para incorporación de acciones en instrumentos de planificación y gestión municipal; formulación y ejecución progresiva de proyectos asociados a eficiencia hídrica e infraestructura resiliente; articulación con organismos sectoriales y actores territoriales; seguimiento técnico y financiero de iniciativas implementadas; monitoreo periódico de avances e incorporación de ajustes conforme a resultados, capacidades institucionales y escenarios climáticos actualizados.";"• Porcentaje de avance del Plan de Acción Hídrico Comunal. • Número de acciones implementadas. • Número de proyectos ejecutados asociados a resiliencia hídrica. • Número de iniciativas financiadas. • Número de unidades municipales incorporadas al proceso de implementación. • Número de instancias de coordinación interinstitucional realizadas. • Reportes de seguimiento y evaluación elaborados.";"Consolidar una gestión hídrica comunal integrada y resiliente, fortaleciendo la capacidad adaptativa del territorio y mejorando la planificación y respuesta local frente a escenarios de escasez hídrica y cambio climático.";"Revisado";;"COM"
"329";"San Miguel";;;"ADA";"GSH";"Implementación de sistemas de eficiencia hídrica para el riego de áreas verdes públicas";"OE 2: Incrementar la capacidad adaptativa del territorio mediante soluciones basadas en la naturaleza e infraestructura resiliente. OE 3: Optimizar la gestión de recursos hídricos en un contexto de escasez estructural. OE 4: Disminuir las emisiones de GEI asociadas al consumo energético, transporte y residuos.";"Implementar progresivamente sistemas de eficiencia hídrica para el riego de áreas verdes públicas mediante la incorporación de tecnologías de riego tecnificado, automatización, sensores de humedad, monitoreo de consumo hídrico y criterios de paisajismo sustentable, priorizando especies vegetales de bajo requerimiento hídrico y alta adaptabilidad climática. La medida busca optimizar el uso del recurso hídrico en espacios públicos, fortalecer la resiliencia de la infraestructura verde urbana y disminuir la vulnerabilidad de áreas verdes frente a escenarios de sequía y aumento de temperaturas.";"BP; SbN";;;"Mediano plazo";"Dirección de Medio Ambiente; Departamento de Áreas Verdes";"SECPLA; DOM";"empresas contratistas; organismos técnicos especializados; MMA";;;;;"LOC; REG; NAC";;"Diagnóstico técnico de sistemas de riego existentes y consumo hídrico asociado a áreas verdes municipales; identificación y priorización de sectores críticos; diseño de proyectos de recambio e incorporación de tecnologías de eficiencia hídrica; instalación progresiva de sistemas de riego tecnificado y automatizado; incorporación de especies vegetales resilientes y de bajo requerimiento hídrico; monitoreo periódico de consumo de agua y evaluación de desempeño de los sistemas implementados.";"• Superficie de áreas verdes con sistemas de riego eficiente implementados. • Porcentaje de áreas verdes municipales con riego tecnificado. • Reducción estimada del consumo hídrico para riego. • Número de proyectos de recambio de infraestructura ejecutados. • Número de especies de bajo requerimiento hídrico incorporadas. • Reducción de costos asociados al consumo de agua para riego.";"Disminuir progresivamente el consumo hídrico asociado al riego de áreas verdes públicas e incrementar la resiliencia de la infraestructura verde urbana frente a escenarios de escasez hídrica y aumento de temperaturas proyectados para la comuna.";"Revisado";;"COM"
"330";"San Miguel";;;"ADA";"GSH";"Proyecto piloto de recuperación de aguas lluvias";"OE 2: Incrementar la capacidad adaptativa del territorio mediante soluciones basadas en la naturaleza e infraestructura resiliente. OE 3: Optimizar la gestión de recursos hídricos en un contexto de escasez estructural. OE 5: Fortalecer la gobernanza climática municipal y la articulación intersectorial.";"Diseñar e implementar proyectos piloto de captación, almacenamiento y reutilización de aguas lluvias en infraestructura municipal y espacios públicos, orientados principalmente al riego de áreas verdes, limpieza de espacios urbanos y fortalecimiento de soluciones resilientes de gestión hídrica urbana. La medida busca generar experiencias demostrativas y replicables de aprovechamiento de aguas lluvias, promoviendo la eficiencia hídrica y la adaptación urbana frente a escenarios de escasez hídrica y variabilidad climática.";"IO";;;"Mediano plazo";"Dirección de Medio Ambiente; SECPLA";"DOM; establecimientos municipales";"organismos técnicos especializados; MMA; Universidades; empresas sanitarias";;;;;"LOC; REG; NAC";;"Identificación y priorización de infraestructura municipal apta para captación de aguas lluvias; desarrollo de estudios técnicos y análisis de factibilidad; diseño de sistemas de captación, almacenamiento y reutilización hídrica; implementación progresiva de proyectos piloto; monitoreo de funcionamiento, eficiencia y volumen recuperado; evaluación técnica y económica de resultados para futura replicabilidad en otros espacios públicos e infraestructura comunal.";"• Número de sistemas de captación de aguas lluvias implementados. • Volumen estimado de aguas lluvias recuperadas y reutilizadas. • Reducción estimada del consumo de agua potable en infraestructura intervenida. • Número de proyectos piloto ejecutados. • Número de instalaciones municipales incorporadas al sistema. • Reportes de monitoreo y evaluación elaborados.";"Generar experiencias piloto replicables de recuperación y reutilización de aguas lluvias que contribuyan a fortalecer la resiliencia hídrica urbana y disminuir la presión sobre el consumo de agua potable en infraestructura municipal y espacios públicos.";"Revisado";;"COM"
"331";"San Miguel";;;"MIT";"ENE";"Programa de capacitación municipal en eficiencia energética y tecnologías solares";"OE 4: Disminuir las emisiones de GEI asociadas al consumo energético, transporte y residuos. OE 5: Fortalecer la gobernanza climática municipal y la articulación intersectorial. OE 7: Incorporar el cambio climático en los instrumentos de planificación y gestión comunal.";"Diseñar e implementar un programa permanente de capacitación dirigido a funcionarios y funcionarias municipales en materias de eficiencia energética, energías renovables, tecnologías solares, gestión energética municipal, formulación de proyectos energéticos y acción climática local, fortaleciendo capacidades técnicas institucionales para la implementación de medidas de mitigación y sostenibilidad energética comunal. La medida busca consolidar competencias técnicas internas que permitan incorporar criterios energéticos y climáticos en la gestión municipal, planificación territorial y desarrollo de proyectos comunales.";"FC";;;"Corto y mediano plazo";"Dirección de Medio Ambiente; SECPLA";;"Agencia de Sostenibilidad Energética; Ministerio de Energía; SUBDERE; GORE RM; Universidades; organismos técnicos especializados";;;;;"LOC; REG; NAC";;"Diagnóstico de capacidades institucionales en materias energéticas y climáticas; elaboración de un plan anual de capacitación; desarrollo de talleres, cursos y jornadas técnicas dirigidas a unidades municipales; generación de lineamientos internos sobre sostenibilidad energética; fortalecimiento de capacidades para formulación de proyectos y acceso a financiamiento climático; seguimiento y evaluación periódica de participación y aplicación de conocimientos adquiridos.";"• Número de funcionarios capacitados. • Número de jornadas de capacitación realizadas. • Número de unidades municipales participantes. • Número de proyectos energéticos formulados. • Número de lineamientos o herramientas internas desarrolladas. • Porcentaje de funcionarios capacitados en áreas estratégicas vinculadas al PACCC.";"Fortalecer progresivamente las capacidades técnicas municipales para incorporar criterios de eficiencia energética y sostenibilidad climática en la gestión institucional y en el desarrollo de proyectos comunales durante la vigencia del PACCC.";"Revisado";;"COM"
"332";"San Miguel";;;"MIT";"ENE";"Elaboración e implementación de Ordenanza Energética Comunal";"OE 4: Disminuir las emisiones de GEI asociadas al consumo energético, transporte y residuos. OE 5: Fortalecer la gobernanza climática municipal y la articulación intersectorial. OE 7: Incorporar el cambio climático en los instrumentos de planificación y gestión comunal.";"Elaborar e implementar una Ordenanza Energética Comunal orientada a promover la eficiencia energética, el uso responsable de la energía, la incorporación de energías renovables y criterios de sostenibilidad energética en infraestructura, actividades y proyectos comunales. La medida busca fortalecer la gobernanza energética local e incorporar lineamientos de mitigación climática en la gestión municipal y territorial de la comuna.";"PP";;;"Corto plazo";"Dirección de Medio Ambiente; Asesoría Jurídica";"SECPLA; Concejo Municipal; DOM; unidades municipales vinculadas a infraestructura y gestión territorial";"Agencia de Sostenibilidad Energética; Ministerio de Energía";;;;;"LOC; NAC";;"Revisión de normativa vigente y experiencias comunales comparadas; levantamiento de antecedentes técnicos y energéticos comunales; elaboración participativa de propuesta normativa; coordinación técnica y jurídica interdepartamental; validación institucional y procesos de participación ciudadana; aprobación mediante Concejo Municipal; difusión de la ordenanza y desarrollo de lineamientos para su implementación y seguimiento.";"• Ordenanza Energética Comunal elaborada y aprobada. • Número de procesos participativos realizados. • Número de acciones implementadas asociadas a la ordenanza. • Número de iniciativas municipales que incorporan criterios energéticos. • Número de actividades de difusión y capacitación realizadas. • Número de unidades municipales aplicando lineamientos energéticos.";"Contar con un instrumento normativo comunal que promueva la sostenibilidad y eficiencia energética a nivel local, fortaleciendo la incorporación de criterios de mitigación y transición energética en la gestión municipal y territorial.";"Revisado";;"COM"
"333";"San Miguel";;;"MIT";"ENE";"Incorporación de criterios energéticos en adquisiciones y actividades municipales";"OE 4: Disminuir las emisiones de GEI asociadas al consumo energético, transporte y residuos. OE 5: Fortalecer la gobernanza climática municipal y la articulación intersectorial.";"Incorporar criterios de eficiencia energética, sostenibilidad y reducción de emisiones de gases de efecto invernadero en procesos de compras públicas, adquisiciones municipales, equipamiento institucional y desarrollo de actividades organizadas por el municipio, promoviendo el uso eficiente de recursos energéticos y tecnologías de menor impacto ambiental. La medida busca fortalecer la gestión energética institucional y avanzar progresivamente hacia una administración municipal más sostenible y alineada con los objetivos de mitigación climática comunal.";"BP; F";;;"Corto plazo";"Administración Municipal; Dirección de Medio Ambiente";"Dirección de Administración y Finanzas; SECPLA; unidades municipales vinculadas a adquisiciones y logística institucional";"Mercado Público; Agencia de Sostenibilidad Energética";;;;;"LOC; NAC";;"Elaboración de lineamientos internos para compras y adquisiciones sostenibles; revisión y actualización de criterios energéticos en procesos de compra pública y contratación municipal; capacitación a unidades municipales responsables de adquisiciones; incorporación progresiva de criterios de eficiencia energética en equipamiento y actividades institucionales; seguimiento periódico de implementación y evaluación de desempeño energético asociado a adquisiciones municipales.";"• Número de procesos de compra que incorporan criterios energéticos. • Número de unidades municipales implementando lineamientos sostenibles. • Número de actividades municipales con criterios de sostenibilidad energética. • Reducción estimada de consumo energético asociado a equipamiento adquirido. • Número de funcionarios capacitados en compras sostenibles. • Porcentaje de adquisiciones institucionales que incorporan criterios ambientales y energéticos.";"Incorporar progresivamente criterios de sostenibilidad energética y reducción de emisiones en la gestión institucional y procesos de adquisiciones municipales durante la vigencia del PACCC.";"Revisado";;"COM"
"334";"San Miguel";;;"MIT";"ENE";"Programa de eficiencia energética en infraestructura municipal";"OE 4: Disminuir las emisiones de GEI asociadas al consumo energético. OE 5: Fortalecer la gobernanza climática municipal y la articulación intersectorial. OE 7: Incorporar el cambio climático en los instrumentos de planificación y gestión comunal.";"Implementar un programa progresivo de eficiencia energética en edificios e infraestructura municipal, mediante el recambio de luminarias convencionales por tecnología LED, optimización de sistemas eléctricos, incorporación de energías renovables, mejoramiento térmico de edificaciones y monitoreo del consumo energético institucional. La medida busca disminuir el consumo energético municipal, reducir emisiones de GEI y fortalecer la sostenibilidad y resiliencia energética de la infraestructura pública comunal.";"BP";;;"Corto, mediano y largo plazo";"SECPLA; Dirección de Medio Ambiente";"DLGE";"Agencia de Sostenibilidad Energética; Ministerio de Energía; GORE RM; empresas distribuidoras; organismos técnicos especializados";;;;;"LOC; REG; NAC";;"Desarrollo de diagnósticos energéticos en edificios e infraestructura municipal; levantamiento de línea base de consumo energético institucional; priorización de inmuebles y sistemas críticos; formulación de proyectos de eficiencia energética; ejecución progresiva de recambio tecnológico e incorporación de medidas de optimización energética; monitoreo periódico de consumo, ahorro energético y reducción estimada de emisiones asociadas a las intervenciones realizadas.";"Número de edificios municipales intervenidos. Reducción del consumo energético municipal (kWh). Reducción estimada de emisiones GEI (tCO2eq). Número de luminarias eficientes implementadas. Porcentaje de infraestructura municipal con medidas de eficiencia energética. Ahorro económico asociado a reducción de consumo energético.";"Reducir progresivamente el consumo energético municipal e incorporar criterios de eficiencia energética y sostenibilidad en infraestructura pública comunal durante la vigencia del PACCC.";"Revisado";;"COM"
"335";"San Miguel";;;"MIT";"ENE";"Incorporación de criterios de eficiencia energética en proyectos urbanos y de infraestructura comunal";"OE 4: Disminuir las emisiones de GEI asociadas al consumo energético, transporte y residuos. OE 7: Incorporar el cambio climático en los instrumentos de planificación y gestión comunal.";"Incorporar criterios de eficiencia energética, diseño bioclimático, iluminación eficiente, sostenibilidad energética y reducción de emisiones en el diseño, formulación y ejecución de proyectos urbanos, espacios públicos e infraestructura comunal impulsada por el municipio. La medida busca fortalecer la sostenibilidad urbana y promover infraestructura resiliente y energéticamente eficiente frente a escenarios de cambio climático y transición energética.";"PP";;;"Mediano y largo plazo";"SECPLA; DOM; Dirección de Medio Ambiente";;"Ministerio de Energía; MINVU; SERVIU; Agencia de Sostenibilidad Energética; consultoras técnicas especializadas; organismos sectoriales vinculados a infraestructura urbana";;;;;"LOC; REG; NAC";;"Elaboración de lineamientos técnicos y criterios de sostenibilidad energética para proyectos municipales; incorporación progresiva de estándares de eficiencia energética y diseño bioclimático en procesos de planificación y formulación de infraestructura; revisión técnica de proyectos urbanos y espacios públicos; coordinación interdepartamental para integración de criterios climáticos y energéticos; seguimiento y evaluación de desempeño energético de proyectos ejecutados.";"• Número de proyectos urbanos que incorporan criterios de eficiencia energética. • Porcentaje de infraestructura municipal desarrollada bajo estándares sostenibles. • Número de lineamientos técnicos elaborados. • Reducción estimada de consumo energético proyectado en infraestructura intervenida. • Número de proyectos revisados con criterios energéticos. • Número de espacios públicos incorporando soluciones energéticas sostenibles.";"Incorporar progresivamente estándares de sostenibilidad energética y criterios climáticos en proyectos urbanos e infraestructura comunal desarrollada por el municipio durante la vigencia del PACCC.";"Revisado";;"COM"
"336";"San Miguel";;;"MIT";"ENE";"Implementación de sistemas fotovoltaicos en infraestructura municipal";"OE 4: Disminuir las emisiones de GEI asociadas al consumo energético. OE 5: Fortalecer la gobernanza climática municipal y la articulación intersectorial.";"Diseñar e implementar proyectos de generación de energía solar fotovoltaica en infraestructura municipal priorizada, incluyendo edificios públicos, establecimientos educacionales, centros comunitarios y equipamiento municipal, con el objetivo de reducir el consumo de energía convencional, disminuir emisiones de gases de efecto invernadero y fortalecer la resiliencia energética comunal. La medida busca avanzar progresivamente hacia una matriz energética local más sostenible y promover el uso de energías renovables en la gestión pública comunal.";"IO";;;"Mediano y largo plazo";"SECPLA; Dirección de Medio Ambiente";"establecimientos municipales";"Ministerio de Energía; Agencia de Sostenibilidad Energética; GORE RM; empresas especializadas; organismos técnicos sectoriales";;;;;"LOC; REG; NAC";;"Levantamiento de infraestructura municipal apta para instalación de sistemas fotovoltaicos; desarrollo de estudios de prefactibilidad y factibilidad técnica; formulación de proyectos energéticos; postulación a fondos sectoriales y regionales; instalación progresiva de sistemas solares fotovoltaicos; monitoreo periódico de generación energética, ahorro económico y reducción estimada de emisiones GEI asociadas a los proyectos implementados.";"• Número de sistemas fotovoltaicos implementados. • Capacidad instalada de generación solar (kWp). • Generación energética anual estimada (kWh). • Reducción estimada de emisiones GEI (tCO₂eq). • Reducción del consumo eléctrico convencional municipal. • Número de edificios municipales abastecidos parcialmente con energía renovable. • Ahorro económico asociado a generación fotovoltaica.";"Incorporar progresivamente generación de energía renovable en infraestructura municipal y disminuir el consumo de energía convencional y emisiones asociadas a la operación institucional durante la vigencia del PACCC.";"Revisado";;"COM"
"337";"San Miguel";;;"ADA";"SAL";"Elaborar un protocolo de trabajo en terreno para funcionarios públicos ante eventos climáticos";"OE 1: Reducir la exposición de la población y funcionarios municipales a eventos climáticos extremos. OE 2: Incrementar la capacidad adaptativa del territorio mediante infraestructura resiliente y fortalecimiento institucional. OE 5: Fortalecer la gobernanza climática municipal y la articulación intersectorial.";"Diseñar e implementar un protocolo comunal de trabajo seguro para funcionarios y funcionarias municipales que desarrollan labores en terreno, estableciendo medidas preventivas y procedimientos de actuación frente a eventos climáticos extremos asociados al cambio climático. La medida considera criterios de prevención y protección frente a olas de calor, radiación UV, mala calidad del aire, precipitaciones intensas y temperaturas extremas, incorporando medidas de autocuidado, hidratación, pausas preventivas, uso de elementos de protección personal, modificación o suspensión de labores y mecanismos de activación según alertas meteorológicas y sanitarias vigentes.";"FC; PP";;;"Corto plazo";"Dirección de Salud Municipal; Dirección de Medio Ambiente; DLGE";"Dirección de Recursos Humanos; unidades operativas municipales";"SENAPRED; SEREMI de Salud; ACHS; DMC";;;;;"LOC; NAC; PRI";;"Levantamiento de riesgos climáticos asociados a labores municipales en terreno; elaboración técnica y jurídica del protocolo; coordinación interdepartamental para validación institucional; definición de criterios de activación según alertas climáticas y sanitarias; capacitación y difusión interna dirigida a funcionarios y funcionarias municipales; incorporación progresiva de medidas preventivas en operaciones municipales; monitoreo y actualización periódica del protocolo según nuevos escenarios climáticos y normativa vigente.";"• Protocolo elaborado y aprobado. • Número de funcionarios capacitados. • Número de jornadas de difusión realizadas. • Número de unidades municipales que implementan el protocolo. • Número de procedimientos activados ante eventos climáticos extremos. • Frecuencia de actualización del protocolo.";"Contar con un protocolo comunal operativo e implementado para resguardar la salud y seguridad de funcionarios municipales frente a eventos climáticos extremos, fortaleciendo la capacidad adaptativa institucional y reduciendo riesgos asociados a exposición climática laboral.";"Revisado";;"COM"
"338";"San Miguel";;;"ADA";"SAL";"Elaborar sistemas de alerta temprana ante eventos climáticos extremos como olas de calor o precipitaciones intensas";"OE 1: Reducir la exposición de la población a eventos climáticos extremos. OE 2: Incrementar la capacidad adaptativa del territorio mediante fortalecimiento de la gestión del riesgo climático. OE 5: Fortalecer la gobernanza climática municipal y la articulación intersectorial.";"Diseñar e implementar un sistema comunal de alerta temprana orientado a informar oportunamente a la comunidad y a los equipos municipales frente a eventos climáticos extremos asociados al cambio climático, tales como olas de calor, precipitaciones intensas, episodios críticos de contaminación atmosférica y otros fenómenos de riesgo climático. La medida contempla mecanismos de monitoreo, activación de alertas, comunicación preventiva y coordinación interinstitucional para fortalecer la preparación y capacidad de respuesta comunal frente a amenazas climáticas con impacto sanitario y territorial.";"SAM";;;"Corto y mediano plazo";"DLGE; Dirección de Salud Municipal; Dirección de Medio Ambiente";"Unidad de Comunicaciones Municipal; DIDECO";"SENAPRED; DMC; SEREMI de Salud; establecimientos APS";;;;;"LOC; REG; NAC";;"Coordinación con organismos técnicos y sistemas de monitoreo meteorológico y sanitario; definición de protocolos de activación y respuesta; elaboración de criterios de priorización territorial y sanitaria; habilitación de canales de difusión mediante plataformas digitales, redes sociales y sistemas municipales de comunicación; ejecución de campañas preventivas dirigidas a población vulnerable; capacitación a equipos municipales y evaluación periódica de funcionamiento y alcance del sistema.";"• Sistema comunal de alerta temprana implementado. • Número de alertas emitidas anualmente. • Alcance territorial y digital de las alertas emitidas. • Número de campañas preventivas realizadas. • Número de protocolos de activación implementados. • Número de personas alcanzadas mediante sistemas de comunicación preventiva.";"Fortalecer la capacidad de preparación y respuesta de la comunidad y del municipio frente a eventos climáticos extremos asociados al cambio climático, mediante un sistema de alerta temprana operativo y articulado con la gestión del riesgo y salud comunal.";"Revisado";;"COM"
"339";"San Miguel";;;"ADA";"SAL";"Implementar programas de educación y concientización sobre el cambio climático y la salud";"OE 1: Reducir la exposición de la población a eventos climáticos extremos. OE 6: Promover cambios culturales hacia estilos de vida sostenibles y resilientes. OE 7: Incorporar el cambio climático en la gestión comunal y la educación ambiental territorial.";"Desarrollar e implementar programas permanentes de educación, sensibilización y difusión comunitaria sobre los efectos del cambio climático en la salud humana, abordando temáticas asociadas a olas de calor, radiación UV, calidad del aire, enfermedades climáticamente sensibles, salud mental, autocuidado, prevención de riesgos climáticos y medidas de adaptación comunitaria. La medida contempla talleres, campañas comunicacionales, actividades territoriales y elaboración de material educativo dirigido a distintos grupos etarios y comunidades prioritarias de la comuna.";"FC";;;"Permanente";"Dirección de Salud Municipal; Dirección de Medio Ambiente";"DIDECO; CESFAM";"establecimientos educacionales; organizaciones comunitarias; SEREMI de Salud; organizaciones ambientales; actores territoriales vinculados";;;;;"CON; LOC; NAC";;"Diseño de un programa comunal de educación climática y salud; elaboración de material educativo y campañas de difusión; ejecución de talleres y actividades territoriales en establecimientos educacionales, espacios comunitarios y red APS; coordinación intersectorial con actores comunitarios e instituciones de salud; fortalecimiento de estrategias de comunicación preventiva y monitoreo periódico de cobertura y participación comunitaria.";"• Número de talleres y campañas realizadas. • Número de personas participantes. • Número de establecimientos educacionales participantes. • Material educativo elaborado y difundido. • Alcance territorial y digital de campañas. • Número de actividades comunitarias ejecutadas.";"Fortalecer el conocimiento y la conciencia comunitaria sobre los impactos del cambio climático en la salud, promoviendo capacidades de prevención, autocuidado y adaptación frente a riesgos climáticos en la comuna.";"Revisado";;"COM"
"340";"San Miguel";;;"ADA";"SAL";"Sistema comunal de vigilancia epidemiológica de efectos en salud asociados al cambio climático";"Implementar un sistema integrado de vigilancia epidemiológica climática en la red APS de San Miguel, que permita monitorear enfermedades y eventos de salud asociados al cambio climático, fortaleciendo la capacidad de respuesta preventiva y la toma de decisiones basada en evidencia territorial.";"Diseñar e implementar un sistema comunal de vigilancia epidemiológica climática articulado entre la red APS de San Miguel, sistemas de vigilancia sanitaria y variables climáticas territoriales, con el objetivo de monitorear enfermedades y eventos de salud asociados al cambio climático y fortalecer la capacidad preventiva y de respuesta sanitaria comunal. La medida contempla el análisis de enfermedades asociadas a temperaturas extremas, calidad del aire, enfermedades respiratorias y otros eventos climáticamente sensibles, incorporando reportes periódicos, matrices de riesgo y mecanismos de alerta para apoyar la toma de decisiones y la gestión preventiva en salud pública.";"SAM";;;"Corto plazo";"Dirección de Salud Municipal; Referente comunal de Epidemiología";"CESFAM Barros Luco; CESFAM Recreo; CECOSF Atacama; SAR San Miguel; Dirección de Medio Ambiente Municipal";"SSMS; SEREMI de Salud; DEIS-MINSAL;MINSAL ; DMC; Departamento de Epidemiología MINSAL";;;;;"LOC; NAC; REG";;"Levantamiento y sistematización de información epidemiológica y climática comunal; articulación de bases de datos sanitarias y variables meteorológicas; desarrollo de matrices de riesgo climático-sanitaria; implementación de mecanismos de monitoreo y alertas epidemiológicas; elaboración de informes anuales de vigilancia climática en salud; fortalecimiento de coordinación intersectorial con establecimientos APS y organismos técnicos; actualización periódica de indicadores y análisis territoriales para apoyar la gestión preventiva comunal.";"• Informe anual de vigilancia epidemiológica climática elaborado. • Número de enfermedades trazadoras monitoreadas. • Matriz de riesgo climático-sanitaria comunal elaborada y actualizada. • Sistema de alertas epidemiológicas implementado. • Número de alertas emitidas anualmente. • Número de establecimientos APS incorporados al sistema de vigilancia. • Número de reportes territoriales elaborados.";"Contar con un sistema comunal de vigilancia epidemiológica climática operativo y articulado con la red APS al 2026, fortaleciendo la prevención, monitoreo y capacidad de respuesta sanitaria frente a eventos y amenazas asociadas al cambio climático.";"Revisado";;"COM"
"341";"San Miguel";;;"ADA";"SAL";"Plan de respuesta a olas de calor y calor extremo desde la red APS y el municipio de San Miguel";"Desarrollar e implementar un plan de respuesta local ante eventos de calor extremo que fortalezca la protección de la población vulnerable y mejore la coordinación entre la red APS, el municipio y las organizaciones comunitarias frente a riesgos asociados al aumento de temperaturas.";"Diseñar e implementar un plan comunal de respuesta frente a olas de calor y eventos de calor extremo, orientado a fortalecer la protección de grupos vulnerables y mejorar la capacidad de preparación y respuesta sanitaria y territorial frente al aumento de temperaturas proyectado para la Región Metropolitana. La medida contempla identificación y caracterización de población vulnerable, protocolos de actuación y apoyo territorial, medidas de protección para trabajadores expuestos, sistemas de comunicación preventiva, educación comunitaria y fortalecimiento de redes de apoyo comunitario y vecinal frente a eventos extremos de temperatura.";"PP";;;"Corto plazo";"Dirección de Salud Municipal; Alcaldía; Direcciónes municipales vinculadas a gestión del riesgo y desarrollo comunitario";"CESFAM Barros Luco; CESFAM Recreo; CECOSF Atacama; SAR San Miguel; COSOC; Dirección de Medio Ambiente Municipal; DIDECO";"juntas de vecinos; establecimientos educacionales; SENAPRED; SSMS";;;;;"LOC; NAC; REG";;"Elaboración de un diagnóstico territorial de vulnerabilidad frente a calor extremo; identificación de grupos prioritarios y sectores críticos; diseño de protocolos de respuesta y derivación; coordinación intersectorial entre salud, gestión del riesgo y desarrollo comunitario; implementación de sistemas de comunicación preventiva y campañas de autocuidado; fortalecimiento de redes comunitarias y apoyo territorial; monitoreo de eventos extremos y evaluación periódica de la efectividad de las medidas implementadas.";"• Catastro comunal de población vulnerable elaborado y actualizado. • Número de personas contactadas durante eventos de calor extremo. • Protocolo de respuesta y protección implementado. • Número de campañas preventivas y actividades comunitarias realizadas. • Número de redes comunitarias activadas frente a eventos extremos. • Número de funcionarios y equipos territoriales capacitados. • Plan de comunicación de riesgos elaborado e implementado.";"Contar con un plan comunal operativo de respuesta frente a olas de calor al 2026, fortaleciendo la protección de grupos vulnerables, la coordinación intersectorial y la capacidad comunitaria de prevención y respuesta frente a eventos extremos asociados al cambio climático.";"Revisado";;"COM"
"342";"San Miguel";;;"ADA";"SAL";"Programa de capacitación de equipos de la Atención Primaria de Salud en salud y cambio climático";"Fortalecer las capacidades técnicas y comunitarias del personal APS de San Miguel en materias de salud y cambio climático, enfermedades climáticamente sensibles y gestión de eventos extremos, incorporando el enfoque de salud planetaria en la atención primaria.";"Diseñar e implementar un programa permanente de capacitación dirigido a equipos de Atención Primaria de Salud (APS) de la comuna de San Miguel, orientado a fortalecer competencias técnicas y comunitarias en materias de salud y cambio climático, vigilancia epidemiológica climática, gestión de riesgos sanitarios asociados a eventos extremos y salud planetaria. La medida contempla procesos formativos presenciales y digitales, capacitación de referentes técnicos APS y formación de promotores y promotoras comunitarias para fortalecer capacidades locales de prevención, adaptación y respuesta frente a amenazas climáticas.";"FC";;;"Corto plazo";"Dirección de Salud Municipal; Referente de Epidemiología y Capacitación";"CESFAM Barros Luco; CESFAM Recreo; CECOSF Atacama; SAR San Miguel; Dirección de Medio Ambiente Municipal";"SSMS; SEREMI de Salud; Universidades; CR2";;;;;"NAC; REG; OTR; LOC";;"Diagnóstico de necesidades de capacitación en salud climática dentro de la red APS; elaboración de un programa formativo con enfoque de salud planetaria y adaptación climática; desarrollo de módulos presenciales y digitales; capacitación de equipos APS y referentes técnicos; implementación de talleres comunitarios y formación de agentes territoriales; coordinación con instituciones académicas y organismos sectoriales; monitoreo y evaluación periódica del alcance y aplicación de conocimientos adquiridos.";"• Currículo de capacitación elaborado. • Porcentaje de personal APS capacitado. • Número de talleres y jornadas formativas realizadas. • Número de referentes APS capacitados. • Número de promotores comunitarios formados. • Número de actividades comunitarias ejecutadas. • Nivel de cobertura de capacitación en establecimientos APS.";"Capacitar al menos al 80% del personal APS en salud y cambio climático al año 2027, fortaleciendo las capacidades técnicas institucionales y promoviendo una red comunitaria local preparada frente a riesgos sanitarios asociados al cambio climático.";"Revisado";;"COM"
"343";"San Miguel";;;"ADA";"SAL";"Diagnóstico y mejora de resiliencia operacional de los establecimientos APS: líneas vitales ante eventos climáticos extremos";"Fortalecer la continuidad operacional de los establecimientos APS de San Miguel frente a eventos climáticos extremos mediante el diagnóstico y mejora de sus líneas vitales críticas.";"Desarrollar un diagnóstico y plan de fortalecimiento de resiliencia operacional para los establecimientos de Atención Primaria de Salud (APS) de la comuna, mediante la evaluación y mejora de líneas vitales críticas tales como abastecimiento de agua potable, electricidad, telecomunicaciones, combustibles y sistemas de respaldo operacional. La medida busca fortalecer la continuidad de atención sanitaria frente a eventos climáticos extremos y reducir la vulnerabilidad de infraestructura crítica de salud frente a amenazas asociadas al cambio climático.";"PP; IO";;;"Corto y mediano plazo";"Dirección de Salud Municipal; DOM";"CESFAM Barros Luco; CESFAM Recreo; CECOSF Atacama; SAR San Miguel; SECPLA; Dirección de Gestión del Riesgo de Desastres Municipal";"SSMS; MINSAL; MINSAL-DIGERA; SENAPRED";;;;;"NAC; REG; LOC";;"Levantamiento y diagnóstico de líneas vitales críticas mediante plataforma MIDAS del MINSAL; identificación de vulnerabilidades operacionales frente a amenazas climáticas; elaboración de un plan priorizado de mejora de resiliencia operacional; coordinación interinstitucional para fortalecimiento de infraestructura crítica; actualización de protocolos de emergencia y continuidad operacional; realización de simulacros periódicos y monitoreo de capacidad de respuesta de establecimientos APS frente a eventos extremos.";"• Porcentaje de establecimientos APS con ficha MIDAS completada. • Número de líneas vitales evaluadas. • Plan de mejora de resiliencia operacional elaborado. • Número de simulacros realizados anualmente. • Porcentaje de establecimientos APS con protocolos actualizados. • Número de mejoras operacionales implementadas. • Nivel de continuidad operacional frente a simulacros y eventos extremos.";"Contar con diagnóstico de resiliencia operacional y líneas vitales críticas en los cuatro establecimientos APS de San Miguel, avanzando progresivamente en la implementación de mejoras que fortalezcan la continuidad de atención sanitaria frente a eventos climáticos extremos.";"Revisado";;"COM"
"344";"San Miguel";;;"MIT";"RES";"Gestión sostenible de residuos de establecimientos de atención de salud (REAS) y compras con criterio ambiental en la red APS de San Miguel";"Reducir la generación de residuos sanitarios y las emisiones asociadas a la gestión de REAS en la red APS de San Miguel mediante el uso racional de insumos clínicos, la compra sostenible y la mejora de la segregación de residuos.";"Implementar acciones orientadas a fortalecer la gestión sostenible de residuos de establecimientos de atención de salud (REAS) en la red APS comunal, promoviendo el uso racional de elementos de protección personal e insumos clínicos, la incorporación de criterios ambientales en procesos de adquisición y la mejora de segregación y manejo de residuos sanitarios. La medida contempla además la incorporación de tecnologías y prácticas clínicas que permitan disminuir la generación de residuos y fortalecer la sostenibilidad ambiental del sistema de salud comunal.";"BP";;;"Corto y mediano plazo";"Dirección de Salud Municipal; Referente comunal de Manejo Avanzado de Heridas";"CESFAM Barros Luco; CESFAM Recreo; CECOSF Atacama; SAR San Miguel; Dirección de Medio Ambiente Municipal";"SSMS; SEREMI de Salud; MINSAL; DIGEDEP-MINSAL; ReSimple; Salud sin Daño América Latina.";;;;;"NAC; LOC";;"Elaboración de diagnóstico de generación y manejo de REAS en establecimientos APS; levantamiento de línea base de consumo de insumos clínicos; elaboración de protocolos de uso racional de EPP y segregación de residuos; incorporación de criterios ambientales en compras de insumos; fortalecimiento de prácticas de reducción y valorización de residuos; capacitación de equipos APS en gestión sostenible de REAS; monitoreo periódico de generación de residuos, consumo de insumos y reducción de emisiones asociadas.";"• Diagnóstico de línea base de REAS elaborado. • Protocolo de uso racional de EPP implementado. • Reducción del consumo de guantes respecto de la línea base. • Porcentaje de guantes libres de PVC adquiridos. • Reducción del volumen de REAS peligrosos. • Número de funcionarios capacitados en gestión sostenible de residuos. • Reducción de costos asociados al manejo de REAS.";"Disminuir progresivamente la generación de residuos sanitarios peligrosos y fortalecer prácticas sostenibles de gestión de insumos y residuos clínicos en los establecimientos APS de San Miguel durante la vigencia del PACCC.";"Revisado";;"COM"
"345";"San Miguel";;;"MDI";"GOB";"Compras públicas sostenibles en salud: incorporación de criterios ambientales, sociales y de ciclo de vida en las adquisiciones de la red APS de San Miguel";"Incorporar criterios de sostenibilidad ambiental y social en las adquisiciones de la red APS de San Miguel para reducir la huella de carbono asociada a la cadena de suministro del sector salud municipal.";"Implementar un programa de compras públicas sostenibles en la red APS de San Miguel, incorporando criterios ambientales, sociales y de análisis de ciclo de vida en procesos de licitación y adquisición de insumos clínicos, equipamiento, productos de limpieza y servicios asociados al funcionamiento sanitario comunal. La medida busca disminuir progresivamente la huella de carbono asociada a la cadena de suministro del sector salud municipal y fortalecer una gestión institucional alineada con principios de sostenibilidad y carbono neutralidad.";"PP";;;"Corto y mediano plazo";"Dirección de Salud Municipal; Unidad de Abastecimiento y Adquisiciones";"CESFAM Barros Luco; CESFAM Recreo; CECOSF Atacama; SAR San Miguel; Dirección de Medio Ambiente Municipal";"ChileCompra; MMA; SSMS; Salud sin Daño; CORFO";;;;;"LOC; CON; NAC; OTR";;"Elaboración de diagnóstico de emisiones asociadas a adquisiciones y cadenas de suministro (Alcance 3); desarrollo de una política comunal de compras sostenibles para la red APS; incorporación progresiva de criterios ambientales y sociales en procesos de licitación y compra pública; capacitación a equipos de abastecimiento y adquisiciones; fortalecimiento de uso de Convenio Marco y herramientas sostenibles de Mercado Público; implementación de mecanismos de monitoreo y reporte anual de avances en sostenibilidad y reducción de emisiones asociadas a compras institucionales.";"• Diagnóstico de emisiones de Alcance 3 elaborado. • Política comunal de compras sostenibles aprobada. • Porcentaje de licitaciones con criterios ambientales incorporados. • Porcentaje de adquisiciones sustentables vía Convenio Marco. • Número de funcionarios capacitados en compras sostenibles. • Reducción estimada de emisiones asociadas a adquisiciones. • Número de procesos de compra con evaluación de ciclo de vida.";"Incorporar progresivamente criterios de sostenibilidad ambiental y social en las adquisiciones de la red APS de San Miguel, fortaleciendo una gestión institucional alineada con los objetivos de carbono neutralidad y salud ambiental comunal.";"Revisado";;"COM"
"346";"San Miguel";;;"MIX";"SAL";"Promoción de la alimentación saludable y sostenible y reducción del desperdicio de alimentos en San Miguel";"Promover sistemas alimentarios saludables y sostenibles en la comuna de San Miguel mediante educación alimentaria, reducción del desperdicio de alimentos y fortalecimiento de prácticas de consumo responsables y resilientes frente al cambio climático.";"Implementar acciones de educación alimentaria y promoción de sistemas alimentarios sostenibles en la comuna de San Miguel, fomentando hábitos de alimentación saludable, consumo responsable y reducción del desperdicio de alimentos desde un enfoque de salud planetaria y resiliencia climática. La medida contempla la difusión de las Guías Alimentarias para Chile con enfoque de sostenibilidad ambiental, actividades educativas comunitarias, fortalecimiento de prácticas de aprovechamiento de alimentos y articulación territorial para reducir pérdidas y desperdicio alimentario a nivel local.";"BP; FC";;;"Corto y mediano plazo";"Dirección de Salud Municipal; Referente de Promoción de Salud y Nutrición";"CESFAM Barros Luco; CESFAM Recreo; CECOSF Atacama; SAR San Miguel; Dirección de Educación Municipal; COSOC; Dirección de Medio Ambiente";"DIPOL-MINSAL; MINSAL; SEREMI de Salud; organizaciones territoriales; organizaciones comunitarias";;;;;"LOC; NAC; REG";;"Desarrollo de campañas y talleres de educación alimentaria sostenible; difusión comunitaria de Guías Alimentarias para Chile con enfoque de sostenibilidad; elaboración de diagnóstico comunal sobre desperdicio de alimentos; articulación con establecimientos educacionales, espacios comunitarios y red APS; implementación de estrategias de reducción y aprovechamiento de excedentes alimentarios; fortalecimiento de iniciativas comunitarias vinculadas a alimentación saludable y sostenible; monitoreo periódico de cobertura y participación comunitaria.";"• Número de actividades de difusión y educación alimentaria realizadas. • Número de personas participantes. • Diagnóstico comunal de desperdicio alimentario elaborado. • Número de protocolos o iniciativas de gestión de excedentes implementadas. • Número de talleres comunitarios ejecutados. • Número de establecimientos educacionales participantes. • Alcance territorial de campañas de sensibilización.";"Fortalecer hábitos de alimentación saludable y sostenible en la comunidad, promover prácticas de consumo responsable y avanzar progresivamente en la reducción del desperdicio de alimentos en la comuna de San Miguel.";"Revisado";;"COM"
"347";"San Miguel";;;"ADA";"INF";"Incorporación de Soluciones Basadas en la Naturaleza (SbN) en proyectos urbanos comunales";"OE 1: Reducir la exposición de la población a eventos climáticos extremos. OE 2: Incrementar la capacidad adaptativa del territorio mediante infraestructura resiliente y soluciones basadas en la naturaleza. OE 7: Incorporar el cambio climático en los instrumentos de planificación y gestión comunal.";"Incorporar criterios de Soluciones Basadas en la Naturaleza (SbN) en el diseño, formulación y ejecución de proyectos urbanos comunales, promoviendo infraestructura verde y estrategias ecosistémicas urbanas que contribuyan a reducir el efecto de isla de calor, mejorar la infiltración de aguas lluvias, fortalecer la biodiversidad urbana y aumentar la resiliencia territorial frente al cambio climático. La medida considera la incorporación de arborización urbana, jardines de lluvia, superficies permeables, corredores ecológicos urbanos y otras soluciones de adaptación basadas en ecosistemas en espacios públicos e infraestructura comunal.";"SbN";;;"Corto y mediano plazo";"SECPLA; Dirección de Medio Ambiente";"DOM; DLGE";"MINVU; SERVIU; MMA; Universidades; organizaciones comunitarias";;;;;"REG; NAC; LOC";;"Elaboración de lineamientos técnicos comunales para incorporación de SbN; identificación de sectores prioritarios con alta vulnerabilidad climática; integración de criterios ecosistémicos y climáticos en procesos de diseño urbano y formulación de proyectos; ejecución progresiva de infraestructura verde y soluciones de drenaje sostenible; coordinación interdepartamental para integración de criterios ambientales y monitoreo periódico de proyectos implementados.";"• Número de proyectos urbanos que incorporan SbN. • Superficie intervenida con infraestructura verde. • Reducción de superficies impermeables. • Número de jardines de lluvia y soluciones de drenaje sostenible implementadas. • Número de corredores ecológicos urbanos incorporados. • Sectores priorizados intervenidos con criterios ecosistémicos.";"Incorporar progresivamente criterios de adaptación climática y Soluciones Basadas en la Naturaleza en proyectos urbanos comunales prioritarios, fortaleciendo la resiliencia urbana y ecosistémica frente al cambio climático.";"Revisado";;"COM"
"348";"San Miguel";;;"ADA";"VER";"Incremento de cobertura arbórea urbana y vegetación comunal";"OE 1: Reducir la exposición de la población a eventos climáticos extremos. OE 2: Incrementar la capacidad adaptativa del territorio mediante soluciones basadas en la naturaleza. OE 6: Promover cambios culturales hacia estilos de vida sostenibles y resilientes.";"Incrementar progresivamente la cobertura arbórea y vegetación urbana de la comuna mediante programas de arborización, revegetación y recuperación de espacios públicos, priorizando especies nativas y adaptadas a condiciones de escasez hídrica y cambio climático. La medida busca fortalecer la infraestructura verde urbana, mejorar el confort térmico, aumentar la captura de carbono, disminuir el efecto de isla de calor y fortalecer la biodiversidad urbana y los servicios ecosistémicos comunales.";"SbN; IO";;;"Corto, mediano y largo plazo";"Dirección de Medio Ambiente; Departamento de Áreas Verdes";"SECPLA";"CONAF; establecimientos educacionales; organizaciones comunitarias; Universidades; empresas colaboradoras";;;;;"LOC; REG; NAC; PRI";;"Desarrollo de diagnóstico territorial de cobertura arbórea y déficit de vegetación urbana; identificación de sectores prioritarios para arborización; selección de especies resilientes y de bajo requerimiento hídrico; ejecución progresiva de programas de plantación y revegetación; fortalecimiento de programas de mantención y manejo sustentable del arbolado urbano; participación comunitaria en jornadas de arborización y monitoreo periódico de supervivencia y cobertura vegetal implementada.";"• Número de árboles plantados. • Superficie revegetada. • Porcentaje de incremento de cobertura arbórea urbana. • Número de sectores intervenidos. • Tasa de supervivencia del arbolado implementado. • Número de especies nativas y resilientes incorporadas. • Participación comunitaria en actividades de arborización.";"Incrementar progresivamente la cobertura vegetal y arbórea comunal, fortaleciendo la resiliencia climática urbana y mejorando el confort térmico y la calidad ambiental de la comuna durante la vigencia del PACCC.";"Revisado";;"COM"
"349";"San Miguel";;;"ADA";"VER";"Restauración y mantención de áreas verdes urbanas";"OE 1: Reducir la exposición de la población a eventos climáticos extremos. OE 2: Incrementar la capacidad adaptativa del territorio mediante infraestructura resiliente y soluciones basadas en la naturaleza. OE 3: Optimizar la gestión de recursos hídricos en un contexto de escasez estructural.";"Fortalecer la restauración, recuperación y mantención sustentable de áreas verdes urbanas mediante intervenciones orientadas a mejorar la resiliencia climática de espacios públicos y fortalecer la infraestructura verde comunal. La medida contempla la recuperación de áreas degradadas, incorporación de especies vegetales resilientes y de bajo requerimiento hídrico, mejoramiento de infraestructura verde y optimización de sistemas de mantención y riego para enfrentar escenarios de escasez hídrica y aumento de temperaturas urbanas.";"IO; SbN";;;"Corto, mediano y largo plazo";"Dirección de Medio Ambiente; Departamento de Áreas Verdes";"SECPLA";"empresas contratistas; CONAF; organizaciones comunitarias; organismos ambientales; organismos técnicos especializados";;;;;"LOC; REG; NAC";;"Desarrollo de diagnóstico territorial del estado de áreas verdes urbanas; identificación de espacios prioritarios de restauración; elaboración de planes de manejo y mantención sustentable; recambio progresivo de especies vegetales por especies resilientes al cambio climático; optimización de sistemas de riego y mantención; fortalecimiento de programas de recuperación y conservación de infraestructura verde urbana; monitoreo periódico del estado fitosanitario y resiliencia de áreas intervenidas.";"• Superficie de áreas verdes recuperadas y restauradas. • Número de espacios públicos intervenidos. • Porcentaje de áreas verdes mantenidas bajo criterios sustentables. • Número de especies resilientes incorporadas. • Reducción estimada de consumo hídrico asociado a mantención. • Número de planes de manejo implementados. • Estado fitosanitario de áreas verdes monitoreadas.";"Mejorar progresivamente el estado, resiliencia y sostenibilidad de las áreas verdes urbanas de la comuna frente a escenarios de cambio climático y escasez hídrica.";"Revisado";;"COM"
"350";"San Miguel";;;"ADA";"INF";"Implementación de refugios climáticos y sombreaderos urbanos";"OE 1: Reducir la exposición de la población a eventos climáticos extremos. OE 2: Incrementar la capacidad adaptativa del territorio mediante infraestructura resiliente y soluciones basadas en la naturaleza.";"Diseñar e implementar refugios climáticos, zonas de sombra y espacios de resguardo térmico en sectores de alta exposición climática y vulnerabilidad social, mediante infraestructura verde, arborización urbana, mobiliario urbano adaptativo y soluciones de sombreamiento en espacios públicos y equipamientos comunitarios. La medida busca disminuir la exposición de la población a temperaturas extremas, mejorar el confort térmico urbano y fortalecer la resiliencia climática comunal frente al aumento proyectado de olas de calor.";"IO";;;"Corto y mediano plazo";"SECPLA; Dirección de Medio Ambiente";"Dirección de Salud; DIDECO";"MINVU; SERVIU; establecimientos comunitarios; organizaciones territoriales; organismos técnicos vinculados a adaptación urbana";;;;;"LOC; REG; NAC";;"Desarrollo de diagnóstico territorial de zonas con alta exposición térmica y déficit de sombra urbana; identificación de población vulnerable y sectores prioritarios; diseño urbano y paisajístico de refugios climáticos y espacios de resguardo térmico; incorporación de arborización, infraestructura verde y mobiliario urbano adaptativo; ejecución progresiva de intervenciones en espacios públicos y equipamientos comunitarios; monitoreo periódico de funcionamiento, cobertura territorial y uso comunitario de infraestructura implementada.";"• Número de refugios climáticos implementados. • Superficie de sombra generada. • Número de sectores intervenidos. • Número de personas potencialmente beneficiadas. • Número de espacios públicos con infraestructura de resguardo térmico. • Cobertura territorial de zonas de sombra urbana implementadas.";"Disminuir progresivamente la exposición de la población vulnerable a olas de calor y temperaturas extremas, fortaleciendo el confort térmico urbano y la resiliencia climática comunal durante la vigencia del PACCC.";"Revisado";;"COM"
"351";"San Miguel";;;"ADA";"VER";"Catastro y monitoreo del arbolado urbano comunal";"OE 2: Incrementar la capacidad adaptativa del territorio mediante soluciones basadas en la naturaleza. OE 5: Fortalecer la gobernanza climática municipal y la articulación intersectorial. OE 7: Incorporar el cambio climático en los instrumentos de planificación y gestión comunal.";"Elaborar y mantener actualizado un sistema de catastro y monitoreo del arbolado urbano comunal que permita identificar cobertura arbórea, especies presentes, estado fitosanitario, distribución territorial y necesidades de manejo, mantención y reposición del arbolado urbano. La medida busca fortalecer la gestión ecosistémica urbana y apoyar la planificación territorial basada en evidencia para mejorar la resiliencia climática, biodiversidad urbana y calidad ambiental de la comuna.";"SAM";;;"Corto plazo";"Dirección de Medio Ambiente; Departamento de Áreas Verdes";"SECPLA";"Universidades; CONAF; organizaciones comunitarias; organismos técnicos especializados; establecimientos educacionales";;;;;"LOC; REG; NAC; CON";;"Levantamiento territorial y georreferenciación del arbolado urbano comunal; identificación y clasificación de especies arbóreas; evaluación de estado fitosanitario y condiciones de resiliencia climática; desarrollo de base de datos y cartografía temática en plataforma SIG; monitoreo periódico de cobertura arbórea y necesidades de manejo; actualización permanente de información territorial y fortalecimiento de herramientas de planificación y gestión ecosistémica urbana.";"• Catastro comunal de arbolado urbano elaborado. • Porcentaje de cobertura arbórea monitoreada. • Número de especies identificadas y clasificadas. • Número de actualizaciones realizadas. • Porcentaje de arbolado evaluado fitosanitariamente. • Plataforma SIG implementada y operativa. • Número de sectores monitoreados periódicamente.";"Contar con información territorial y fitosanitaria actualizada del arbolado urbano comunal para fortalecer la gestión ecosistémica, planificación territorial y resiliencia climática urbana durante la vigencia del PACCC.";"Revisado";;"COM"
"352";"San Miguel";;;"MDI";"EYD";"Implementar programas de educación ambiental con enfoque intercultural y territorial";"OE 6: Promover cambios culturales hacia estilos de vida sostenibles y resilientes. OE 7: Incorporar el cambio climático en la educación ambiental y gestión comunal.";"Diseñar e implementar programas permanentes de educación ambiental con enfoque intercultural, territorial y comunitario, orientados a fortalecer el conocimiento y la sensibilización sobre cambio climático, sostenibilidad, biodiversidad urbana, gestión de residuos, eficiencia hídrica y energética, adaptación climática y resiliencia urbana. La medida considera la incorporación de saberes locales, memoria territorial, participación comunitaria y enfoques inclusivos que promuevan la apropiación ciudadana de la acción climática local y el fortalecimiento de capacidades comunitarias para enfrentar los impactos del cambio climático.";"FC";;;"Permanente";"Dirección de Medio Ambiente; DIDECO; Dirección de Cultura";;"Establecimientos educacionales; Universidades; organizaciones comunitarias; MMA; organizaciones ambientales; actores culturales; actores territoriales locales";;;;;"LOC; CON";;"Elaboración de un programa anual de educación ambiental comunal; desarrollo de talleres, jornadas educativas y actividades territoriales; ejecución de campañas de sensibilización comunitaria; elaboración y difusión de material educativo; articulación con establecimientos educacionales, organizaciones comunitarias y actores territoriales; incorporación de contenidos asociados a cambio climático y sostenibilidad en actividades comunitarias y monitoreo periódico de cobertura y participación.";"• Número de talleres y actividades educativas realizadas. • Número de participantes. • Número de establecimientos educacionales participantes. • Material educativo elaborado y difundido. • Número de organizaciones comunitarias involucradas. • Alcance territorial y digital de campañas de sensibilización. • Número de actividades con enfoque intercultural y territorial implementadas.";"Fortalecer progresivamente la educación ambiental comunal y promover una cultura climática territorial basada en sostenibilidad, participación comunitaria y resiliencia frente al cambio climático.";"Revisado";;"COM"
"353";"San Miguel";;;"MDI";"EYD";"Difusión de buenas prácticas ambientales y climáticas en la comunidad";"OE 6: Promover cambios culturales hacia estilos de vida sostenibles y resilientes. OE 7: Incorporar el cambio climático en la educación ambiental y gestión comunal.";"Desarrollar campañas permanentes de difusión y sensibilización orientadas a promover buenas prácticas ambientales y climáticas en la comunidad, fomentando acciones relacionadas con reciclaje, compostaje, eficiencia hídrica y energética, movilidad sostenible, biodiversidad urbana, consumo responsable y adaptación al cambio climático. La medida busca fortalecer la conciencia ambiental y promover cambios culturales sostenibles mediante estrategias comunicacionales y actividades territoriales accesibles para distintos grupos etarios y organizaciones comunitarias.";"BP";;;"Permanente";"Dirección de Medio Ambiente; Unidad de Comunicaciones";"DIDECO";"establecimientos educacionales; organizaciones comunitarias; medios locales; Universidades; organizaciones ambientales";;;;;"LOC; CON; NAC";;"Diseño e implementación de campañas comunicacionales ambientales y climáticas; difusión mediante redes sociales, plataformas municipales y medios locales; instalación de señalética educativa en espacios públicos; desarrollo de actividades comunitarias y territoriales; articulación con establecimientos educacionales y organizaciones comunitarias; elaboración de material gráfico y audiovisual; monitoreo periódico de alcance territorial y participación ciudadana.";"• Número de campañas realizadas. • Alcance territorial y digital de campañas de difusión. • Número de actividades comunitarias ejecutadas. • Número de participantes en actividades de sensibilización. • Material educativo y comunicacional difundido. • Número de espacios públicos con señalética ambiental instalada. • Participación comunitaria en campañas ambientales y climáticas.";"Aumentar progresivamente la sensibilización ambiental y la adopción de buenas prácticas sostenibles y climáticas en la comunidad de San Miguel durante la vigencia del PACCC.";"Revisado";;"COM"
"354";"San Miguel";;;"MDI";"GOB";"Fortalecimiento de la participación comunitaria en iniciativas climáticas y ambientales mediante subvenciones municipales";"OE 5: Fortalecer la gobernanza climática municipal y la articulación intersectorial. OE 6: Promover cambios culturales hacia estilos de vida sostenibles y resilientes.";"Promover y fortalecer la participación activa de organizaciones comunitarias, juntas de vecinos, establecimientos educacionales y actores territoriales en iniciativas ambientales y climáticas comunales, mediante mecanismos de apoyo municipal, subvenciones, fondos concursables y fortalecimiento de redes comunitarias. La medida busca fomentar la corresponsabilidad ciudadana y la acción territorial colaborativa frente al cambio climático, fortaleciendo capacidades locales de adaptación, educación ambiental y sostenibilidad urbana.";"PP; F; FC";;;"Permanente";"DIDECO; Dirección de Medio Ambiente";"COSOC";"Organizaciones comunitarias; establecimientos educacionales; Universidades; organizaciones ambientales; actores territoriales locales";;;;;"LOC; CON; REG";;"Desarrollo de mesas territoriales y espacios participativos asociados a acción climática local; fortalecimiento de voluntariados ambientales y redes comunitarias; generación de programas de subvenciones y apoyo a iniciativas ambientales comunitarias; acompañamiento técnico a organizaciones territoriales; ejecución de jornadas comunitarias y actividades colaborativas; monitoreo periódico de participación y alcance territorial de iniciativas apoyadas.";"• Número de organizaciones participantes. • Número de iniciativas comunitarias apoyadas. • Número de actividades comunitarias desarrolladas. • Número de fondos o subvenciones entregadas. • Número de mesas territoriales y espacios participativos realizados. • Participación comunitaria en actividades climáticas y ambientales. • Cobertura territorial de iniciativas apoyadas.";"Fortalecer progresivamente la participación ciudadana y la gobernanza climática territorial mediante el apoyo y articulación de iniciativas comunitarias ambientales y climáticas en la comuna de San Miguel.";"Revisado";;"COM"
"355";"San Miguel";;;"MDI";"FIS";"Elaboración e implementación de un Plan Anual de Fiscalización Ambiental";"OE 5: Fortalecer la gobernanza climática municipal y la articulación intersectorial. OE 7: Incorporar el cambio climático en los instrumentos de gestión y planificación comunal.";"Elaborar e implementar un Plan Anual de Fiscalización Ambiental orientado a fortalecer el cumplimiento de normativas ambientales y mejorar la gestión territorial de problemáticas urbanas asociadas al deterioro ambiental y cambio climático, incluyendo gestión de residuos, control de microbasurales, ruidos molestos, emisiones contaminantes y otras situaciones que afecten la calidad ambiental y el bienestar de la comunidad. La medida busca fortalecer las capacidades institucionales de control ambiental y promover entornos urbanos más saludables, sostenibles y resilientes.";"PP";;;"Permanente";"Inspección Municipal; Dirección de Medio Ambiente";"Seguridad Pública; DLGE; Dirección Jurídica";"SEREMI de Salud; SMA; organismos sectoriales fiscalizadores";;;;;"LOC; NAC";;"Elaboración de planificación anual de fiscalización ambiental; identificación de sectores y problemáticas prioritarias; coordinación interdepartamental e interinstitucional; ejecución de operativos de fiscalización y seguimiento de denuncias ambientales; fortalecimiento de mecanismos de monitoreo territorial; generación de reportes periódicos de gestión ambiental y evaluación anual de resultados y necesidades de mejora institucional.";"• Número de fiscalizaciones ambientales realizadas. • Número de denuncias atendidas. • Número de operativos ejecutados. • Número de sectores intervenidos. • Número de microbasurales controlados o erradicados. • Número de reportes de seguimiento elaborados. • Tiempo promedio de respuesta frente a denuncias ambientales.";"Fortalecer progresivamente la gestión y fiscalización ambiental comunal, disminuyendo problemáticas ambientales urbanas y mejorando la calidad ambiental y sanitaria del territorio durante la vigencia del PACCC.";"Revisado";;"COM"
"356";"San Miguel";;;"MDI";"GOB";"Elaboración de un protocolo para eventos sustentables municipales";"OE 4: Disminuir las emisiones de GEI asociadas al consumo energético, transporte y residuos. OE 6: Promover cambios culturales hacia estilos de vida sostenibles y resilientes.";"Elaborar e implementar un protocolo municipal para eventos sustentables que incorpore criterios de sostenibilidad ambiental y acción climática en actividades organizadas o patrocinadas por el municipio, promoviendo la reducción de residuos, reciclaje, eficiencia energética, disminución de plásticos de un solo uso, movilidad sostenible y consumo responsable. La medida busca disminuir el impacto ambiental asociado a eventos y actividades masivas, fortaleciendo además la educación ambiental y la promoción de prácticas sostenibles en la comunidad.";"BP; PP";;;"Corto plazo";"Dirección de Medio Ambiente; DIDECO; Unidad de Comunicaciones";"Administración Municipal";"organizaciones comunitarias; unidades organizadoras de eventos; gestores de residuos; actores territoriales vinculados a sostenibilidad y cultura comunitaria";;;;;"LOC; NAC";;"Elaboración técnica y participativa del protocolo municipal; definición de lineamientos y estándares de sostenibilidad para eventos; validación institucional e interdepartamental; difusión interna y capacitación a unidades organizadoras de actividades; incorporación progresiva de criterios sustentables en eventos municipales y comunitarios; monitoreo periódico de cumplimiento y evaluación de reducción de impactos ambientales asociados a eventos.";"• Protocolo municipal elaborado y aprobado. • Número de eventos que incorporan criterios sustentables. • Reducción estimada de residuos generados en eventos municipales. • Número de actividades con puntos de reciclaje implementados. • Número de funcionarios y equipos organizadores capacitados. • Número de eventos que disminuyen el uso de plásticos de un solo uso. • Número de actividades con criterios de eficiencia energética y movilidad sostenible.";"Incorporar progresivamente criterios de sostenibilidad ambiental y acción climática en eventos y actividades municipales, disminuyendo impactos ambientales y promoviendo prácticas sostenibles en la comunidad durante la vigencia del PACCC.";"Revisado";;"COM"
"357";"San Miguel";;;"MDI";"EYD";"Programas de educación patrimonial ambiental y cultural";"OE 6: Promover cambios culturales hacia estilos de vida sostenibles y resilientes. OE 7: Incorporar el cambio climático en la educación ambiental y gestión comunal.";"Desarrollar programas educativos y actividades de difusión orientadas a fortalecer el vínculo entre patrimonio cultural, identidad territorial, biodiversidad urbana y acción climática local, promoviendo el reconocimiento del territorio y su valor ambiental, histórico y comunitario. La medida busca fortalecer el sentido de pertenencia territorial y la valoración de espacios urbanos, patrimonio local y ecosistemas urbanos como componentes relevantes para la resiliencia climática y sostenibilidad comunal.";"FC";;;"Mediano y largo plazo";"Dirección de Medio Ambiente; Dirección de Cultura; DIDECO";;"Establecimientos educacionales; organizaciones culturales; Universidades; organizaciones comunitarias; Ministerio de las Culturas; organizaciones ambientales locales";;;;;"LOC; CON; NAC";;"Desarrollo de talleres educativos y jornadas culturales territoriales; diseño de rutas patrimoniales ambientales y urbanas; elaboración y difusión de material educativo territorial; articulación con establecimientos educacionales, organizaciones culturales y comunitarias; desarrollo de actividades de reconocimiento del patrimonio ambiental y biodiversidad urbana; fortalecimiento de iniciativas culturales vinculadas a sostenibilidad y monitoreo periódico de participación y alcance territorial de las actividades implementadas.";"• Número de actividades patrimoniales y educativas realizadas. • Número de participantes. • Número de rutas patrimoniales desarrolladas. • Material educativo territorial elaborado y difundido. • Número de establecimientos educacionales participantes. • Número de organizaciones culturales y comunitarias involucradas. • Alcance territorial de actividades implementadas.";"Fortalecer progresivamente la identidad territorial y la conciencia ambiental comunitaria vinculada al patrimonio, sostenibilidad y acción climática local durante la vigencia del PACCC.";"Revisado";;"COM"
"358";"San Miguel";;;"MIT";"RES";"Elaboración e implementación de Ordenanza Comunal de Residuos y Economía Circular";"OE 4: Disminuir las emisiones de GEI asociadas al consumo energético, transporte y residuos.OE 5: Fortalecer la gobernanza climática municipal y la articulación intersectorial.OE 7: Incorporar el cambio climático en los instrumentos de planificación y gestión comunal.";"Elaborar e implementar una Ordenanza Comunal de Residuos y Economía Circular orientada a fortalecer la gestión sustentable de residuos sólidos urbanos, fomentar la reducción, reutilización, reciclaje y valorización de residuos, disminuir la disposición final y promover buenas prácticas ambientales y circulares a nivel comunal. La medida busca consolidar un marco normativo local que fortalezca la gobernanza climática y ambiental, promueva la corresponsabilidad ciudadana y facilite la implementación de estrategias de economía circular en la comuna.";"PP";;;"Corto plazo";"Dirección de Medio Ambiente; Asesoría Jurídica";"SECPLA; Dirección Jurídica";"recicladores de base; MMA; organizaciones comunitarias; gestores autorizados de residuos";;;;;"LOC; NAC";;"Elaboración técnica y jurídica de la propuesta normativa; revisión de normativa nacional vigente asociada a residuos y economía circular; levantamiento de diagnóstico comunal de gestión de residuos; procesos de participación ciudadana y validación institucional; coordinación interdepartamental; aprobación mediante Concejo Municipal; difusión comunitaria y fortalecimiento progresivo de mecanismos de implementación, seguimiento y fiscalización de la ordenanza.";"• Ordenanza elaborada y aprobada. • Número de acciones implementadas asociadas a la ordenanza. • Número de campañas de difusión realizadas. • Número de procesos participativos desarrollados. • Número de lineamientos o normativas complementarias implementadas. • Número de actividades de fiscalización asociadas a la ordenanza.";"Contar con un instrumento normativo comunal que fortalezca la gestión sustentable de residuos y economía circular, promoviendo la reducción de emisiones y la valorización de residuos durante la vigencia del PACCC.";"Revisado";;"COM"
"359";"San Miguel";;;"MDI";"RES";"Implementar programas de educación ambiental sobre gestión de residuos y economía circular";"OE 4: Disminuir las emisiones de GEI asociadas al consumo energético, transporte y residuos. OE 6: Promover cambios culturales hacia estilos de vida sostenibles y resilientes.";"Desarrollar programas permanentes de educación ambiental y sensibilización comunitaria sobre reducción, reutilización, reciclaje y valorización de residuos, promoviendo hábitos de consumo responsable y fortaleciendo la transición hacia una economía circular comunal. La medida busca fortalecer capacidades comunitarias y promover cambios culturales sostenibles mediante actividades educativas, campañas de sensibilización y acciones territoriales orientadas a disminuir la generación de residuos y aumentar su valorización.";"FC";;;"Permanente";"Dirección de Medio Ambiente";"DIDECO";"establecimientos educacionales; recicladores de base; organizaciones comunitarias; MMA; gestores autorizados de residuos";;;;;"CON; LOC";;"Desarrollo de talleres y jornadas de educación ambiental; ejecución de campañas de sensibilización territorial; elaboración y difusión de material educativo; articulación con establecimientos educacionales, recicladores de base y organizaciones comunitarias; promoción de prácticas de separación en origen y valorización de residuos; implementación de actividades demostrativas y monitoreo periódico de participación y cobertura territorial de los programas ejecutados.";"• Número de talleres realizados. • Número de participantes. • Número de campañas ejecutadas. • Material educativo elaborado y difundido. • Número de establecimientos educacionales participantes. • Número de organizaciones comunitarias involucradas. • Cobertura territorial de actividades de educación ambiental.";"Aumentar progresivamente la sensibilización ciudadana y fortalecer prácticas sustentables de gestión de residuos y economía circular en la comunidad de San Miguel durante la vigencia del PACCC.";"Revisado";;"COM"
"360";"San Miguel";;;"MIT";"RES";"Fortalecimiento del reciclaje en dependencias municipales";"OE 4: Disminuir las emisiones de GEI asociadas al consumo energético, transporte y residuos. OE 5: Fortalecer la gobernanza climática municipal y la articulación intersectorial.";"Implementar y fortalecer sistemas de segregación, reciclaje y valorización de residuos en dependencias municipales, promoviendo buenas prácticas institucionales asociadas a reducción, reutilización y reciclaje de materiales valorizables. La medida busca fortalecer la gestión sustentable de residuos al interior del municipio, disminuir residuos enviados a disposición final y consolidar una cultura institucional alineada con principios de sostenibilidad y economía circular.";"BP";;;"Corto plazo";"Dirección de Medio Ambiente; Administración Municipal";"asociaciones municipales; unidades municipales; departamentos municipales";"Recicladores de base; empresas gestoras autorizadas";;;;;"LOC; NAC";;"Instalación y habilitación de puntos limpios y estaciones de reciclaje internas; implementación de señalética ambiental; elaboración de protocolos de segregación y manejo de residuos; capacitación a funcionarios y funcionarias municipales; coordinación con recicladores de base y gestores autorizados; monitoreo periódico de generación y valorización de residuos institucionales y fortalecimiento progresivo de buenas prácticas ambientales en dependencias municipales.";"• Número de dependencias municipales con reciclaje implementado. • Toneladas de residuos reciclados anualmente. • Número de funcionarios capacitados. • Número de puntos limpios internos habilitados. • Porcentaje de dependencias con señalética ambiental instalada. • Reducción estimada de residuos enviados a disposición final. • Número de convenios con recicladores de base y gestores autorizados.";"Fortalecer progresivamente la gestión sustentable de residuos al interior del municipio y promover una cultura institucional basada en sostenibilidad y economía circular durante la vigencia del PACCC.";"Revisado";;"COM"
"361";"San Miguel";;;"MIT";"RES";"Fortalecimiento del reciclaje domiciliario y comunitario";"OE 4: Disminuir las emisiones de GEI asociadas al consumo energético, transporte y residuos. OE 6: Promover cambios culturales hacia estilos de vida sostenibles y resilientes.";"Fortalecer y ampliar progresivamente los programas de reciclaje domiciliario y comunitario mediante el mejoramiento de cobertura territorial, fortalecimiento de educación ambiental, incorporación de infraestructura y optimización de sistemas de recolección diferenciada y valorización de residuos reciclables. La medida busca disminuir la cantidad de residuos enviados a disposición final, aumentar las tasas de reciclaje comunal y fortalecer la participación ciudadana en procesos de economía circular y gestión sustentable de residuos.";"BP";;;"Corto, mediano y largo plazo";"Dirección de Medio Ambiente";"DIDECO";"recicladores de base; organizaciones comunitarias; gestores autorizados; MMA; sistemas de gestión Ley REP";;;;;"LOC; REG; NAC";;"Ampliación territorial de programas de reciclaje existentes; fortalecimiento de sistemas de recolección diferenciada; coordinación con recicladores de base y gestores autorizados; implementación de campañas de educación ambiental y separación en origen; habilitación de infraestructura complementaria de reciclaje; fortalecimiento logístico y operativo del sistema comunal; monitoreo periódico de cobertura territorial, participación ciudadana y toneladas valorizadas.";"• Cobertura territorial del sistema de reciclaje comunal. • Toneladas de residuos reciclados anualmente. • Número de hogares participantes. • Número de puntos de reciclaje habilitados. • Número de campañas de educación ambiental ejecutadas. • Número de recicladores de base incorporados al sistema. • Reducción estimada de residuos enviados a disposición final.";"Incrementar progresivamente la recuperación y valorización de residuos domiciliarios y comunitarios en la comuna de San Miguel, fortaleciendo la economía circular y disminuyendo emisiones asociadas al sector residuos durante la vigencia del PACCC.";"Revisado";;"COM"
"362";"San Miguel";;;"MIT";"RES";"Desarrollo e implementación de puntos limpios y puntos verdes comunales";"OE 4: Disminuir las emisiones de GEI asociadas al consumo energético, transporte y residuos. OE 5: Fortalecer la gobernanza climática municipal y la articulación intersectorial.";"Implementar infraestructura comunal para recepción, segregación y valorización de residuos reciclables mediante la habilitación progresiva de puntos limpios y puntos verdes en sectores estratégicos de la comuna, fortaleciendo el acceso de la comunidad a sistemas de reciclaje y economía circular. La medida busca mejorar la cobertura territorial de infraestructura ambiental, aumentar la valorización de residuos reciclables y disminuir la disposición final de residuos sólidos urbanos.";"IO";;;"Mediano plazo";"Dirección de Medio Ambiente; SECPLA";;"Recicladores de base; gestores autorizados; organizaciones comunitarias; empresas colaboradoras; MMA; sistemas de gestión Ley REP";;;;;"REG; NAC; LOC";;"Identificación de sectores prioritarios para instalación de infraestructura; levantamiento de diagnóstico territorial de cobertura de reciclaje; diseño y habilitación de puntos limpios y puntos verdes; instalación de equipamiento y señalética; coordinación logística para retiro, transporte y valorización de residuos; articulación con recicladores de base y gestores autorizados; campañas de educación ambiental y monitoreo periódico de uso, cobertura y toneladas valorizadas.";"• Número de puntos limpios implementados. • Número de puntos verdes habilitados. • Toneladas de residuos valorizados anualmente. • Cobertura territorial alcanzada. • Número de personas usuarias del sistema. • Número de campañas educativas asociadas. • Reducción estimada de residuos enviados a disposición final.";"Mejorar progresivamente el acceso de la comunidad a infraestructura de reciclaje y valorización de residuos, fortaleciendo la economía circular territorial y disminuyendo emisiones asociadas al sector residuos durante la vigencia del PACCC.";"Revisado";;"COM"
"363";"San Miguel";;;"MIT";"RES";"Promoción de economía circular en ferias, comercios y establecimientos comunales";"OE 4: Disminuir las emisiones de GEI asociadas al consumo energético, transporte y residuos. OE 6: Promover cambios culturales hacia estilos de vida sostenibles y resilientes.";"Promover prácticas de economía circular y reducción de residuos en ferias libres, comercios y establecimientos comunales mediante campañas de sensibilización, fortalecimiento de reutilización de materiales, reducción de plásticos de un solo uso y valorización de residuos orgánicos e inorgánicos. La medida busca fomentar modelos de producción y consumo más sostenibles a nivel territorial, fortaleciendo capacidades locales y promoviendo la transición hacia actividades económicas resilientes y bajas en emisiones.";"BP; FC";;;"Mediano y largo plazo";"Dirección de Medio Ambiente; DIDECO";;"Ferias libres; comerciantes; organizaciones comunitarias; recicladores de base; Cámara de Comercio local; gestores autorizado; programas de fomento productivo sostenible";;;;;"LOC; PRI; REG; OTR; NAC";;"Desarrollo de campañas de sensibilización y educación ambiental orientadas a ferias y comercios; generación de acuerdos voluntarios y lineamientos de sostenibilidad; acompañamiento técnico y capacitaciones a establecimientos participantes; promoción de reducción de plásticos de un solo uso y separación en origen; fortalecimiento de valorización de residuos orgánicos e inorgánicos; articulación con recicladores de base y gestores autorizados; monitoreo periódico de participación, cobertura y reducción estimada de residuos asociados a actividades económicas locales.";"• Número de ferias y establecimientos participantes. • Número de campañas y capacitaciones ejecutadas. • Reducción estimada de residuos generados. • Número de acuerdos voluntarios implementados. • Número de establecimientos que incorporan prácticas circulares. • Número de iniciativas de reducción de plásticos de un solo uso implementadas. • Participación de recicladores de base en actividades asociadas.";"Fortalecer progresivamente prácticas de economía circular y reducción de residuos en actividades económicas locales, promoviendo modelos de consumo y producción más sostenibles y resilientes en la comuna de San Miguel durante la vigencia del PACCC.";"Revisado";;"COM"
"364";"San Miguel";;;"MIT";"TYM";"Implementar campañas de movilidad sostenible y transporte sustentable";"OE 4: Disminuir las emisiones de GEI asociadas al consumo energético, transporte y residuos. OE 6: Promover cambios culturales hacia estilos de vida sostenibles y resilientes. OE 7: Incorporar el cambio climático en la educación ambiental y gestión comunal.";"Diseñar e implementar campañas permanentes de sensibilización, educación y promoción de movilidad sostenible orientadas a fomentar modos de transporte de bajas emisiones, tales como caminata, uso de bicicleta, transporte público y movilidad compartida. La medida busca promover cambios culturales y de comportamiento en la comunidad, disminuyendo progresivamente la dependencia del transporte motorizado particular y contribuyendo a la reducción de emisiones atmosféricas y gases de efecto invernadero asociados al transporte urbano.";"FC; BP";;;"Permanente";"Dirección de Medio Ambiente; Unidad de Comunicaciones; DIDECO";"SECPLA";"establecimientos educacionales; MTT; agrupaciones ciclistas; organizaciones comunitarias; actores territoriales vinculados a movilidad sostenible";;;;;"LOC; NAC";;"Desarrollo de campañas comunicacionales y material educativo sobre movilidad sustentable; ejecución de actividades comunitarias y jornadas de sensibilización territorial; difusión mediante redes sociales y plataformas municipales; articulación con establecimientos educacionales, organizaciones comunitarias y agrupaciones ciclistas; promoción de movilidad activa en actividades municipales y monitoreo periódico del alcance territorial y participación comunitaria en las campañas implementadas.";"• Número de campañas realizadas. • Número de participantes en actividades de sensibilización. • Alcance territorial y digital de campañas. • Número de actividades comunitarias ejecutadas. • Número de establecimientos educacionales participantes. • Número de alianzas con organizaciones y agrupaciones ciclistas. • Material educativo y comunicacional difundido.";"Fortalecer progresivamente la conciencia ciudadana sobre movilidad sostenible y promover cambios de hábitos de transporte hacia modos más sustentables y de bajas emisiones durante la vigencia del PACCC.";"Revisado";;"COM"
"365";"San Miguel";;;"MIT";"TYM";"Desarrollo de iniciativas de ciclovías y conectividad ciclista comunal";"OE 1: Reducir la exposición de la población a eventos climáticos extremos mediante infraestructura urbana resiliente. OE 4: Disminuir las emisiones de GEI asociadas al consumo energético, transporte y residuos. OE 7: Incorporar el cambio climático en los instrumentos de planificación y gestión comunal.";"Desarrollar iniciativas orientadas al fortalecimiento de la conectividad ciclista comunal mediante la identificación, formulación e implementación progresiva de proyectos de ciclovías e infraestructura complementaria para bicicletas, promoviendo modos de transporte de bajas emisiones y mejorando las condiciones de movilidad sustentable en la comuna. La medida contempla el desarrollo de infraestructura ciclista segura, accesible y conectada territorialmente, favoreciendo la disminución del uso de vehículos motorizados y fortaleciendo la movilidad urbana sostenible frente al cambio climático.";"IO";;;"Mediano y largo plazo";"SECPLA";"Dirección de Medio Ambiente; DOM";"SERVIU; MTT; GORE RM; organizaciones ciclistas";;;;;"LOC; REG; NAC";;"Desarrollo de diagnósticos territoriales de conectividad ciclista; identificación de ejes prioritarios para infraestructura de ciclovías; formulación y priorización de proyectos; articulación con instrumentos de planificación territorial y organismos sectoriales; ejecución progresiva de infraestructura ciclista y monitoreo periódico de cobertura y conectividad territorial alcanzada.";"• Número de proyectos de ciclovías formulados. • Kilómetros de ciclovías implementadas o mejoradas. • Sectores intervenidos con infraestructura ciclista. • Cobertura territorial de conectividad ciclista. • Número de proyectos postulados a financiamiento. • Número de actividades participativas realizadas.";"Fortalecer progresivamente la conectividad ciclista comunal y promover modos de transporte sustentable y de bajas emisiones durante la vigencia del PACCC.";"Revisado";;"COM"
"366";"San Miguel";;;"ADA";"DES";"Incorporación del enfoque de cambio climático y reducción del riesgo de desastres en la planificación territorial comunal";"OE 1: Reducir la exposición de la población a eventos climáticos extremos. OE 2: Incrementar la capacidad adaptativa del territorio mediante infraestructura resiliente y planificación territorial. OE 5: Fortalecer la gobernanza climática municipal y la articulación intersectorial. OE 7: Incorporar el cambio climático en los instrumentos de planificación y gestión comunal.";"Incorporar criterios de adaptación al cambio climático y reducción del riesgo de desastres en instrumentos de planificación territorial, diseño y evaluación de proyectos urbanos, infraestructura comunal y procesos de toma de decisiones municipales, considerando amenazas climáticas y escenarios de riesgo asociados al cambio climático. La medida busca fortalecer la resiliencia territorial comunal mediante una planificación urbana más preventiva, adaptativa e integrada frente a eventos extremos y riesgos climáticos emergentes.";"PP";;;"Corto, mediano y largo plazo";"SECPLA; DLGE; Dirección de Medio Ambiente";"DOM";"SENAPRED; GORE RM; MINVU; organismos técnicos sectoriales";;;;;"LOC; REG; NAC";;"Revisión y fortalecimiento de instrumentos de planificación territorial y gestión comunal; elaboración de lineamientos técnicos y criterios de evaluación climática; coordinación interdepartamental para incorporación del enfoque de adaptación y gestión del riesgo; integración de variables climáticas en procesos de diseño y evaluación de proyectos; articulación con organismos sectoriales y monitoreo periódico de iniciativas y procesos que incorporen criterios climáticos y de resiliencia territorial.";"• Número de instrumentos de planificación que incorporan criterios climáticos. • Número de proyectos evaluados bajo enfoque climático y de resiliencia. • Lineamientos técnicos elaborados. • Número de iniciativas municipales que incorporan variables de adaptación y gestión del riesgo. • Número de coordinaciones interinstitucionales realizadas. • Número de procesos de revisión territorial efectuados.";"Incorporar progresivamente criterios de adaptación al cambio climático y reducción del riesgo de desastres en la planificación y gestión territorial comunal durante la vigencia del PACCC.";"Revisado";;"COM"
"367";"San Miguel";;;"ADA";"DES";"Fortalecimiento de la difusión y educación comunitaria sobre gestión del riesgo y emergencias climáticas";"OE 1: Reducir la exposición de la población a eventos climáticos extremos. OE 5: Fortalecer la gobernanza climática municipal y la articulación intersectorial. OE 6: Promover cambios culturales hacia estilos de vida sostenibles y resilientes.";"Fortalecer la educación, sensibilización y difusión comunitaria respecto a prevención de riesgos, preparación territorial y respuesta ante emergencias y amenazas climáticas, promoviendo capacidades de resiliencia y adaptación comunitaria frente a eventos extremos asociados al cambio climático. La medida contempla campañas informativas, actividades educativas, simulacros y difusión territorial orientadas a fortalecer la preparación de la comunidad y promover una cultura preventiva frente a riesgos climáticos y desastres urbanos.";"FC";;;"Permanente";"DLGE; Dirección de Medio Ambiente; Unidad de Comunicaciones";"Dirección de Salud";"SENAPRED; establecimientos educacionales; juntas de vecinos; organizaciones comunitarias; organismos sectoriales";;;;;"LOC; NAC";;"Desarrollo de campañas informativas y material educativo sobre gestión del riesgo y adaptación climática; ejecución de talleres comunitarios y jornadas territoriales; realización de simulacros y actividades preventivas; difusión mediante redes sociales y plataformas municipales; articulación con establecimientos educacionales, juntas de vecinos y organizaciones comunitarias; monitoreo periódico de cobertura y participación comunitaria en actividades implementadas.";"• Número de talleres y actividades realizadas. • Número de campañas ejecutadas. • Número de simulacros desarrollados. • Número de personas participantes. • Material educativo elaborado y difundido. • Cobertura territorial de actividades implementadas. • Número de establecimientos educacionales y organizaciones participantes.";"Fortalecer progresivamente las capacidades comunitarias de preparación, respuesta y resiliencia frente a emergencias y amenazas climáticas durante la vigencia del PACCC.";"Revisado";;"COM"
"368";"San Miguel";;;"MDI";"GOB";"Integración del cambio climático en instrumentos de planificación y gestión comunal";"OE 5: Fortalecer la gobernanza climática municipal y la articulación intersectorial. OE 7: Incorporar el cambio climático en los instrumentos de planificación y gestión comunal.";"Incorporar progresivamente criterios de mitigación, adaptación y resiliencia climática en instrumentos de planificación comunal, políticas, programas, proyectos y procesos de toma de decisiones municipales, fortaleciendo la integración transversal del cambio climático en la gestión institucional y territorial comunal. La medida busca consolidar un enfoque preventivo y climáticamente informado en la planificación estratégica y desarrollo urbano comunal.";"PP";;;"Corto, mediano y largo plazo";"SECPLA; Dirección de Medio Ambiente";"DLGE; DOM; Dirección Jurídica";"GORE RM; MMA";;;;;"LOC; NAC";;"Revisión y actualización de instrumentos de planificación y gestión municipal; elaboración de lineamientos técnicos y criterios de integración climática; fortalecimiento de coordinación interdepartamental; incorporación de variables climáticas en formulación y evaluación de proyectos; fortalecimiento de capacidades institucionales y monitoreo periódico de procesos e instrumentos que incorporen criterios de mitigación y adaptación climática.";"• Número de instrumentos de planificación que incorporan criterios climáticos. • Número de lineamientos técnicos elaborados. • Número de unidades municipales participantes. • Número de proyectos evaluados bajo enfoque climático. • Número de coordinaciones interdepartamentales realizadas. • Número de procesos de actualización institucional efectuados.";"Incorporar progresivamente el enfoque climático en la planificación y gestión estratégica comunal durante la vigencia del PACCC.";"Revisado";;"COM"
"369";"San Miguel";;;"MDI";"GOB";"Elaboración de protocolo comunal para denuncias ambientales";"OE 5: Fortalecer la gobernanza climática municipal y la articulación intersectorial. OE 7: Incorporar el cambio climático en la gestión comunal y fortalecimiento institucional.";"Elaborar e implementar un protocolo comunal para la recepción, derivación, seguimiento y gestión de denuncias ambientales, fortaleciendo la coordinación institucional y la respuesta municipal frente a problemáticas ambientales urbanas y climáticas presentes en el territorio comunal. La medida busca mejorar la trazabilidad y eficiencia en la atención de denuncias ambientales y fortalecer mecanismos de fiscalización y gestión ambiental comunal.";"PP; BP";;;"Corto plazo";"Dirección de Medio Ambiente; Inspección Municipal";"Dirección Jurídica; Seguridad Pública; DLGE";"organismos sectoriales fiscalizadores";;;;;"LOC";;"Elaboración técnica y administrativa del protocolo; coordinación interdepartamental; definición de procedimientos y flujos de derivación; fortalecimiento de canales de recepción y seguimiento de denuncias; capacitación funcionaria; difusión comunitaria de canales de denuncia y monitoreo periódico de tiempos de respuesta y gestión territorial de casos ambientales.";"• Protocolo elaborado e implementado. • Número de denuncias recepcionadas y gestionadas. • Tiempo promedio de respuesta institucional. • Número de funcionarios capacitados. • Número de coordinaciones interdepartamentales realizadas. • Número de canales de denuncia habilitados.";"Fortalecer progresivamente la gestión ambiental municipal y mejorar la atención y seguimiento de problemáticas ambientales comunales durante la vigencia del PACCC.";"Revisado";;"COM"
"370";"San Miguel";;;"MIT";"GOB";"Elaboración y actualización del Inventario Comunal de Gases de Efecto Invernadero (GEI)";"OE 4: Disminuir las emisiones de GEI asociadas al consumo energético, transporte y residuos. OE 5: Fortalecer la gobernanza climática municipal y la articulación intersectorial. OE 7: Incorporar el cambio climático en los instrumentos de planificación y gestión comunal.";"Elaborar y mantener actualizado un Inventario Comunal de Gases de Efecto Invernadero (GEI) que permita identificar las principales fuentes emisoras presentes en la comuna, establecer líneas base de emisiones y fortalecer el monitoreo y seguimiento de las medidas de mitigación implementadas en el marco del PACCC. La medida busca fortalecer la toma de decisiones basada en evidencia y apoyar la planificación climática comunal mediante información técnica actualizada sobre emisiones territoriales y sectoriales.";"SAM";;;"Corto plazo";"Dirección de Medio Ambiente";"SECPLA";"MMA; Ministerio de Energía; consultoras técnicas; organismos sectoriales";;;;;"LOC; NAC";;"Recopilación y sistematización de información sectorial; coordinación interdepartamental e interinstitucional para levantamiento de datos; aplicación de metodologías de cuantificación de emisiones; elaboración de líneas base comunales; actualización periódica de emisiones por sector; elaboración de reportes técnicos y fortalecimiento de capacidades institucionales para monitoreo y seguimiento climático comunal.";"• Inventario comunal de GEI elaborado. • Número de actualizaciones realizadas. • Sectores evaluados en el inventario. • Reportes de emisiones elaborados. • Número de bases de datos sistematizadas. • Número de coordinaciones técnicas realizadas. • Número de indicadores de emisiones monitoreados.";"Contar con información técnica actualizada sobre emisiones comunales de GEI para apoyar la planificación, monitoreo y seguimiento de medidas de mitigación climática durante la vigencia del PACCC.";"Revisado";;"COM"
"371";"San Miguel";;;"MDI";"GOB";"Fortalecimiento de la gestión municipal en evaluación ambiental y cambio climático";"OE 5: Fortalecer la gobernanza climática municipal y la articulación intersectorial. OE 7: Incorporar el cambio climático en instrumentos de planificación y gestión comunal.";"Fortalecer las capacidades municipales para la evaluación ambiental y análisis técnico de proyectos e iniciativas sometidas al Sistema de Evaluación de Impacto Ambiental (SEIA), incorporando criterios de cambio climático, adaptación, mitigación y sostenibilidad territorial en procesos de revisión, observación y pronunciamiento técnico municipal. La medida busca fortalecer la gestión ambiental comunal y mejorar la integración transversal del enfoque climático en la toma de decisiones institucionales.";"PP; FC";;;"Corto y mediano plazo";"Dirección de Medio Ambiente; SECPLA";"Dirección Jurídica";"MMA; SEA; Universidades; organismos técnicos sectoriales";;;;;"LOC; NAC";;"Desarrollo de capacitaciones técnicas especializadas; elaboración de lineamientos internos y criterios de revisión ambiental y climática; fortalecimiento de coordinación interdepartamental; participación técnica en procesos de evaluación ambiental; articulación con organismos sectoriales y fortalecimiento de herramientas institucionales para análisis territorial y climático de proyectos e iniciativas comunales y regionales.";"• Número de funcionarios capacitados. • Número de informes técnicos elaborados. • Número de procesos de evaluación ambiental revisados. • Número de lineamientos técnicos elaborados. • Número de coordinaciones interinstitucionales realizadas. • Número de capacitaciones especializadas ejecutadas.";"Fortalecer progresivamente las capacidades municipales para abordar evaluación ambiental y cambio climático de manera transversal e integrada durante la vigencia del PACCC.";"Revisado";;"COM"
"372";"San Miguel";;;"MDI";"FIS";"Elaboración de protocolo interdepartamental para gestión de rucos y residuos asociados";"OE 5: Fortalecer la gobernanza climática municipal y la articulación intersectorial. OE 6: Promover entornos urbanos más sostenibles y resilientes.";"Elaborar e implementar un protocolo interdepartamental para abordar situaciones asociadas a rucos, acumulación de residuos y ocupaciones irregulares en bienes nacionales de uso público, fortaleciendo la coordinación institucional y la gestión ambiental territorial desde un enfoque preventivo, sanitario y social. La medida busca mejorar la respuesta municipal frente a problemáticas ambientales urbanas complejas, fortaleciendo mecanismos de coordinación, fiscalización, limpieza y seguimiento territorial.";"BP; PP";;;"Corto plazo";"Seguridad Pública; Dirección de Medio Ambiente";"DIDECO; Inspección Municipal; DLGE; Dirección Jurídica; Dirección de Salud";"Organismos sectoriales";;;;;"LOC";;"Coordinación interdepartamental para levantamiento de procedimientos y definición de roles institucionales; elaboración técnica y administrativa del protocolo; identificación de sectores prioritarios; ejecución de operativos conjuntos y seguimiento territorial; fortalecimiento de coordinación con servicios públicos y organismos sectoriales; monitoreo periódico de casos gestionados y evaluación de efectividad de acciones implementadas.";"• Protocolo elaborado e implementado. • Número de operativos conjuntos realizados. • Número de casos gestionados. • Número de sectores intervenidos. • Número de coordinaciones interdepartamentales efectuadas. • Reducción de puntos críticos asociados a acumulación irregular de residuos. • Tiempo de respuesta institucional frente a casos identificados.";"Fortalecer progresivamente la coordinación institucional y disminuir impactos ambientales y sanitarios asociados a ocupaciones irregulares y acumulación de residuos en el territorio comunal durante la vigencia del PACCC.";"Revisado";;"COM"
"373";"San Miguel";;;"MDI";"FIS";"Implementación de sistemas de televigilancia para prevención de microbasurales y disposición irregular de residuos";"OE 4: Disminuir las emisiones de GEI asociadas al consumo energético, transporte y residuos. OE 5: Fortalecer la gobernanza climática municipal y la articulación intersectorial.";"Implementar sistemas de televigilancia y monitoreo territorial en puntos críticos de la comuna para prevenir la formación de microbasurales, disposición irregular de residuos y otras problemáticas ambientales urbanas, fortaleciendo la fiscalización ambiental y el control territorial comunal. La medida busca mejorar la capacidad municipal de monitoreo y respuesta frente a infracciones ambientales, disminuyendo focos de contaminación y fortaleciendo la gestión ambiental urbana.";"IO; SAM";;;"Corto y mediano plazo";"Seguridad Pública; Dirección de Medio Ambiente";"Inspección Municipal; DLGE";"organizaciones comunitarias; organismos de fiscalización; organismos de seguridad territorial";;;;;"LOC; REG; NAC";;"Identificación y priorización de puntos críticos de disposición irregular de residuos; instalación progresiva de sistemas de televigilancia y monitoreo; coordinación con Seguridad Pública e Inspección Municipal; fortalecimiento de mecanismos de fiscalización y seguimiento de infracciones ambientales; monitoreo periódico de sectores intervenidos y evaluación de reducción de microbasurales y problemáticas ambientales asociadas.";"• Número de cámaras y sistemas de monitoreo instalados. • Número de puntos críticos monitoreados. • Reducción de microbasurales identificados. • Número de fiscalizaciones realizadas. • Número de infracciones detectadas. • Número de sectores intervenidos. • Tiempo de respuesta frente a denuncias ambientales.";"Disminuir progresivamente la disposición irregular de residuos y fortalecer el control y monitoreo ambiental territorial comunal durante la vigencia del PACCC.";"Revisado";;"COM"
