"ID";"Plan";"Cod";"Nombre Corto";"Eje";"Área";"Medida";"Objetivo";"Descripción";"Tipo de Medida";"Area de aplicación";"Año inicio";"Plazo ejecución";"Responsable";"Colaboradores internos";"Colaboradores externos";"Vinculación normativa";"Adecuaciones Normativas";"Tecnología, infraestructura y recursos necesarios";"Potenciales barreras y obstáculos";"Potenciales fuentes de financiamiento";"Consideraciones de Genero";"Acciones";"Indicador";"Meta";"status"
"1";"Alhue";"M-01";;"Mitigación";"Energía";"Monitoreo integral de la EEL para la acreditación y escalamiento del ""Sello Comuna Energética""";"OE1. Promover la transición hacia una matriz energética local, eficiente y baja en emisiones, impulsando la adopción de energías renovables, junto con el monitoreo continuo de la gestión energética a escala comunal.";"Implementación de un sistema integral de seguimiento, evaluación y reporte de los indicadores de la EEL. Busca garantizar el cumplimiento de las metas trazadas, visibilizar los ahorros en el consumo energético municipal y asegurar la mejora continua en la gestión energética institucional y territorial. El Gestor Energético estructurará el monitoreo anual de consumos bajo las 6 categorías del Ministerio de Energía. Este monitoreo actuará como el ""dossier de evidencias"" vinculante para someterse a evaluación ante la ASE, logrando escalar en los niveles del Sello y habilitando fondos de cofinanciamiento para la comuna.";"(SAM) Sistemas de Alerta y Monitoreo multipropósito / (PP) Políticas, planificación y gobernanza";"Comunal";"2026";"2030";"Secretaría Comunal de Planificación (SECPLA) / Oficina de Medio Ambiente/ Gestor Energético Municipal (apoyado por el Comité Energético)";"Dirección de Administración y Finanzas (DAF), Dirección de Obras Municipales (DOM)";"Agencia de Sostenibilidad Energética (ASE), Seremi de Energía RM, Asociación de Municipios Rurales (AMUR).";"Estrategia Energética Local de Alhué, Sello Comuna Energética, Ley Marco de Cambio Climático (MRV de emisiones), Plan Sectorial de Mitigación del Sector Energía, Estrategia Climática de Largo Plazo (ECLP), Certificación SCAM.";"Decreto alcaldicio que formalice las funciones del ""Comité Energético Municipal"" para que asuma también el rol de ""Comité de Certificación"", e incorporación de la obligación de emitir el Reporte Anual de Desempeño Energético.";"Software o plataforma de registro consolidado de consumos municipales, horas- hombre del Gestor Energético para reportabilidad, y apoyo del equipo directivo para garantizar la entrega de información inter-departamental.";"Dificultad para acceder, centralizar y desagregar la información de consumos desde Finanzas; y el riesgo de alta rotación de personal que afecte la continuidad del Comité Energético y el seguimiento de las metas.";"Presupuesto Municipal (operación interna HH) para la fase de monitoreo, y, posteriormente, fondos de los concursos ""Comunidad Energética"" e ""Inversión Energética Local"" de la AgenciaSE como resultado de la obtención del sello.";"El sistema de monitoreo integrará parámetros que aseguren que los fondos apalancados a través del Sello prioricen la disminución de la ""pobreza energética"" y resiliencia en localidades rurales y hogares monoparentales liderados por mujeres";"A1. Reactivación y formalización del Comité Energético como ente certificador. A2. Consolidación de la matriz de monitoreo (MRV) adaptando los indicadores locales a las 6 categorías del Sello. A3. Elaboración y presentación del ""Reporte Anual de Desempeño Energético"" (el dossier de evidencias). A4. Ingreso de antecedentes a la AgenciaSE para la acreditación/escalamiento del Sello y postulación a los fondos.";"Monitoreos ejecutados y Nivel de Sello Comuna Energética obtenido.";"Sistematizar el 100% de la información de consumo al 2026, lograr obtener el ""Sello Comuna Energética"" (Nivel Intermedio) en base a dichas evidencias al 2028, y escalar al Nivel Avanzado al año 2030, apalancando al menos 1 fondo concursable de infraestructura limpia.";
"2";"Alhue";"M-02";;"Mitigación";"Energía";"Escalamiento de fomento fotovoltaico para riego en la Agricultura Familiar Campesina";"OE1. Promover la transición hacia una matriz energética local, eficiente y baja en emisiones, impulsando la adopción de energías renovables, junto con el monitoreo continuo de la gestión energética a escala comunal.";"Programa de asistencia técnica para masificar la instalación de sistemas solares fotovoltaicos en bombas de riego agrícola, impulsando sistemas Agri-PV que propicie el doble uso de la tierra. Al potenciar los recursos que ya entrega INDAP, se reemplaza el uso de generadores a diésel, reduciendo emisiones y costos operativos para la pequeña agricultura al 2030.";"(IT) Innovación y Transferencia Tecnológica / (F) Financiamiento e instrumentos económicos";"Rural";"2026";"2030";"Dirección de Desarrollo Comunitario (DIDECO - Programa PRODESAL)";"SECPLA, Oficina de Medio Ambiente.";"INDAP, Comisión Nacional de Riego (CNR), Ministerio de Agricultura.";"Plan Sectorial de Adaptación Silvoagropecuario, Estrategia Hídrica Local (EHL) Alhué, Plan de Gestión Paisaje de Conservación.";"Focalización de las directrices de la Oficina de Desarrollo Económico Local (ODEL) hacia la postulación de proyectos con criterios de energías limpias.";"Paneles fotovoltaicos (off-grid y on-grid), inversores, bombas de agua solares, estructura de soporte, profesionales técnicos formuladores de proyectos.";"Alto costo de inversión inicial, agricultores sin derechos de agua regularizados (requisito para fondos CNR), riesgo de robo de paneles en zonas aisladas.";"Fondos INDAP, Ley de Riego N° 18.450 (CNR), FNDR del GORE RM, Fondo de Protección Ambiental (FPA).";"Bonificación o priorización en la asistencia técnica a mujeres agricultoras jefas de hogar y usuarios en pobreza energética.";"A1. Identificar déficit tecnológico en usuarios PRODESAL. A2. Formulación técnica y postulación de carpetas a INDAP/CNR. A3. Ejecución, marcha blanca y capacitación de uso.";"Sistemas de riego agrícola operando con energía solar fotovoltaica.";"Instalar y asegurar la operatividad de al menos 20 nuevos sistemas solares fotovoltaicos en la Agricultura Familiar Campesina local al año 2030.";
"3";"Alhue";"M-03";;"Mitigación";"Energía";"Piloto comunitario para Cooperativa de Energía Ciudadana";"OE1. Promover la transición hacia una matriz energética local, eficiente y baja en emisiones, impulsando la adopción de energías renovables, junto con el monitoreo continuo de la gestión energética a escala comunal.";"Conformación legal de la primera ""Cooperativa de Energía"" comunal, impulsando un proyecto piloto fotovoltaico en sedes comunitarias (ej. sector El Membrillo). Se busca sortear la falta de terrenos privados, inyectando energía a la red o al autoconsumo vecinal.";"(PP) Políticas, planificación y gobernanza / (IT) Innovación y Transferencia Tecnológica";"Periurbano / Rural";"2027";"2030";"Asesoría Jurídica Municipal / SECPLA";"Oficina de Organizaciones Comunitarias (DIDECO), Medio Ambiente";"Agencia de Sostenibilidad Energética (ASE), Seremi de Energía RM, Superintendencia de Electricidad y Combustibles (SEC), CGE.";"Estrategia Energética Local de Alhué, Ley 21.118 (Generación Distribuida para Autoconsumo), Política Energética Nacional 2050, Programa Parque Solar Comunitario.";"Permisos municipales o entrega en comodato de techumbres de infraestructura pública (sedes sociales, multicanchas) para el emplazamiento del proyecto.";"Profesionales jurídicos (abogados), paneles fotovoltaicos, inversores y medidores bidireccionales, instalación certificada (TE-1/TE-6). | 9 4";"Nula disponibilidad de grandes terrenos para granjas solares, procesos legales extensos para constituir la cooperativa, baja capacidad de las redes de transmisión locales.";"Concurso Comunidad Energética y Concurso Inversión Energética Local (Agencia SE), FNDR (Subvenciones GORE).";"Reducir la pobreza energética en comunidades rurales asiladas o vulnerables mediante el abaratamiento del costo de la energía.";"A1. Realizar asambleas de capacitación y conformación de estatutos legales. A2. Ceder techo comunitario y diseñar el piloto técnico (ej. El Membrillo). A3. Postular a fondos ASE y ejecutar instalación.";"Conformación de cooperativa energética y capacidad instalada comunitaria (kWp).";"1 Cooperativa de Energía Ciudadana conformada legalmente y 1 planta fotovoltaica piloto comunitaria operando e inyectando energía limpia al año 2030.";
"4";"Alhue";"M-04";;"Mitigación";"Residuos";"Red de recolección selectiva y disminución de plásticos comerciales";"OE2. Implementar un modelo de gestión integral y circular de los residuos sólidos a escala territorial, que minimice la disposición final en rellenos sanitarios y reduzca drásticamente las emisiones de metano.";"Implementación de rutas de reciclaje comunitario y fortalecimiento de normativas que prohíban plásticos de un solo uso en comercio local. Al disminuir drásticamente los volúmenes de desecho, se optimizan las rutas del camión recolector, ahorrando consumo de diésel.";"(BP) Buenas prácticas y gestión / (PP) Políticas, planificación y gobernanza.";"Urbano / Rural (Centros poblados y comercio local).";"2026";"2030";"Oficina de Medio Ambiente / Dirección de Obras (Inspección)";"Oficina de Desarrollo Económico Local (ODEL), Rentas y Patentes";"Sistemas de Gestión Ley REP, Cámara de Comercio de Alhué, recicladores de base, emprendedores locales de reciclaje";"Ley Marco para la Gestión de Residuos (Ley REP 20.920), Ley de Plásticos de un Solo Uso (21.368), Estrategia Ambiental Comunal";"Formulación de una Ordenanza Municipal que prohíba plásticos de un solo uso en comercios locales y ferias, con sistema de multas.";"Puntos limpios fijos y móviles, contenedores diferenciados, inspectores capacitados para fiscalización de ordenanzas y camiones recolectores adaptados. | 9 6";"Lejanía de centros de acopio regionales encarece el transporte logístico del material reciclado; escasa dotación de fiscalizadores municipales.";"Fondo para el Reciclaje (FPR del MMA), Presupuesto Municipal, FNDR 8% | Consideración de enfoque de género y/o Formalización, integración y apoyo en equipamiento a grupos de recicladores de base o emprendedores locales (a menudo mujeres) para ser operadores de la red selectiva.";;"A1. Promulgación de Ordenanza restrictiva de plásticos y difusión en el comercio. A2. Habilitación de puntos limpios y rutas de recolección selectiva. A3. Campaña ciudadana sobre economía circular. A4. Proceso de fiscalización y multas.";"Reducción de entrega de plásticos en comercios y porcentaje de reciclaje.";"Aumentar significativamente el tonelaje de reciclaje inorgánico comunal y lograr la reducción de la entrega de plásticos de un solo uso en comercios al año 2030.";
"5";"Alhue";"M-05";;"Mitigación";"Residuos";"Elaboración y sistema de monitoreo (MRV) del Plan de Gestión Integral de Residuos Sólidos Domiciliarios";"OE2. Implementar un modelo de gestión integral y circular de los residuos sólidos a escala territorial, que minimice la disposición final en rellenos sanitarios y reduzca drásticamente las emisiones de metano.";"Formulación de un plan estratégico comunal para diagnosticar la generación y establecer metas de reducción y valorización. Incorpora un mecanismo MRV anual para cuantificar las toneladas desviadas del relleno sanitario, apoyando la reducción de GEI y fomentando la economía circular al año 2030.";"(PP) Políticas, planificación y gobernanza / (SAM) Sistemas de Alerta y Monitoreo multipropósito";"Comunal";"2027";"2030";"Oficina de Medio Ambiente / Aseo y Ornato";"Secretaría Comunal de Planificación (SECPLA)";"SEREMI de Medio Ambiente RM, SUBDERE, GORE RM, Programa HuellaChile";"Estrategia Nacional de Residuos Orgánicos (ENRO), Ley REP (20.920), Plan Sectorial de Mitigación de Salud";"Actualización de la Ordenanza sobre Derechos Municipales (Título V asociado a residuos) o creación de una Ordenanza de Gestión Integral de Residuos.";"Consultoría experta, software o plataforma de registro de emisiones (ej. HuellaChile), encuestadores, balanzas o registros de pesaje";"Falta de datos históricos precisos, resistencia inicial de la comunidad al cambio de hábitos de segregación, escaso presupuesto municipal operativo.";"SUBDERE (Programa Nacional de Residuos Sólidos), FNDR del GORE RM, Presupuesto Municipal.";"Fomentar la participación activa de lideresas vecinales y recicladoras de base en los talleres de diagnóstico y validación comunitaria del Plan.";"A1. Elaborar el diagnóstico de residuos. A2. Formulación y aprobación municipal del PGIRSD. A3. Diseño e implementación de plataforma MRV de tonelajes. A4. Reporte anual a HuellaChile.";"Porcentaje de implementación del Plan de Gestión de Residuos y sistema MRV.";"1 Plan de Gestión Integral de Residuos operando y 1 mecanismo MRV institucionalizado reportando la reducción de GEI comunal anualmente al 2030.";
"6";"Alhue";"M-06";;"Mitigación";"Residuos";"Planta de compostaje comunal y red de chipeadoras vecinales";"OE2. Implementar un modelo de gestión integral y circular de los residuos sólidos a escala territorial, que minimice la disposición final en rellenos sanitarios y reduzca drásticamente las emisiones de metano.";"Construcción de infraestructura local para procesar orgánicos y podas agrícolas in situ. Esto previene quemas ilegales, erradica el carbono negro y evita drásticamente emisiones de metano en rellenos y el CO2 derivado del transporte de carga a otras comunas.";"(IO) Infraestructura y Obras Físicas / (IT) Innovación y Transferencia Tecnológica";"Comunal";"2027";"2030";"SECPLA / Oficina de Medio Ambiente";"Aseo y Ornato, DIDECO (PRODESAL)";"Ministerio del Medio Ambiente, INDAP, Juntas de Vecinos, Sector privado local (mineras, viñas)";"Estrategia Nacional de Residuos Orgánicos (metas a 2040), Plan Sectorial de Mitigación de Salud (Medida 1: Valorización de Residuos Orgánicos)";"Promulgación de multas severas en Ordenanza Municipal contra quienes ejecuten quemas clandestinas o botaderos ilegales.";"Terreno acondicionado, chipeadoras de alta capacidad, volteadoras para compost, control de lixiviados, palas mecánicas, personal técnico operador. | 1 0 0";"Alto costo de inversión de capital inicial, riesgo de malos olores u oposición vecinal por mala operación técnica de la planta, y la mantención de los equipos.";"Fondo de Protección Ambiental (FPA) especial, Programa de Mejoramiento de Barrios (PMB - SUBDERE), FNDR.";"Distribuir el compost final gratuitamente a pequeños agricultores vulnerables de la comuna y mujeres jefas de hogar con huertos, fortaleciendo su seguridad alimentaria.";"A1. Formulación de prefactibilidad y búsqueda de terreno. A2. Postulación a fondos públicos (PMB/FNDR). A3. Adquisición de chipeadoras y construcción de canchas de compostaje. A4. Educación comunitaria y marcha blanca.";"Toneladas de residuos orgánicos y podas valorizadas en origen.";"1 planta de compostaje comunal operativa y una red de chipeadoras evitando las quemas ilegales y valorizando orgánicos in situ al 2030.";
"7";"Alhue";"M-07";;"Mitigación";"Transporte y movilidad";"Plan de desarrollo de infraestructura ciclo-inclusiva y rutas seguras con arborización nativa";"OE3. Fomentar el cambio tecnológico hacia la electromovilidad y el traspaso modal hacia formas de movilidad activa bajas en emisiones a nivel comunal e intercomunal.";"Construcción de una red de ciclovías y sendas peatonales que incorpora desde su diseño la plantación estratégica de árboles nativos. Esta obra integral fomenta la movilidad activa y segura (libre de emisiones), reduciendo la exposición de los vecinos a accidentes viales y a las altas temperaturas estivales gracias a la provisión de sombra, potenciando a la vez los corredores biológicos locales. Conexiones estratégicas: a) Hacienda Alhué-San Alfonso, b) Ignacio Carrera Pinto-Barrancas de Pichi, c) El Asiento-Talami, d) Estero Carén-Loncha.";"(IO) Infraestructura y Obras Físicas / (PP) Políticas y planificación / (SbN) Soluciones Basadas en la Naturaleza";"Comunal / Rural (Conectividad entre localidades de Alhué)";"2027 (Inicia con estudios de diseño e ingeniería que integren la variable paisajística)";"2030 (Construcción por etapas)";"Secretaría Comunal de Planificación (SECPLA) / Dirección de Obras Municipales (DOM)";"Oficina de Medio Ambiente, Oficina de Inspección y Fiscalización";"Ministerio de Obras Públicas (MOP - Dirección de Vialidad), Ministerio de Transportes y Telecomunicaciones (SECTRA), GORE RM, MINVU";"Plan Sectorial de Mitigación y Adaptación (PSMA) Transportes, Estrategia Nacional de Movilidad Sostenible";"Incorporación de esta red en la actualización del Plan Regulador Comunal (PRC) y en el Plan de Inversiones en Infraestructura de Movilidad y Espacio Público (PIIMEP) de Alhué.";"Maquinaria para obras civiles (estabilización/pavimentación), plantas nativas provenientes del vivero municipal, sistemas de riego eficiente o de emergencia para los primeros años, señalética vial reflectante y luminarias solares peatonales.";"Restricciones normativas o demoras en la autorización del MOP (Vialidad) para intervenir fajas fiscales aledañas a rutas principales; estrés hídrico extremo que dificulte la sobrevivencia de los árboles plantados durante los primeros 3 años.";"FNDR del GORE RM, Programa de Mejoramiento Urbano (PMU - SUBDERE tipología Vialidad), y fondos del Ministerio de Transportes.";"Las rutas seguras, arborizadas y bien iluminadas benefician de manera directa a mujeres, niños, niñas y personas mayores, quienes son los usuarios más frecuentes del modo peatonal en la ruralidad. Reduce su percepción de inseguridad vial frente a camiones y protege su salud de golpes de calor durante traslados obligatorios.";"A1. Desarrollo de los estudios de ingeniería de detalle y paisajismo (integrando el espacio para raíces y riego). A2. Gestión de servidumbres y permisos con Vialidad MOP. A3. Postulación a fuentes de financiamiento (FNDR/PMU). A4. Ejecución de las obras civiles y forestación. A5. Plan de mantención y riego municipal.";"Kilómetros de infraestructura ciclo-inclusiva arborizada construida.";"Diseñar y construir al menos 5 kilómetros de rutas seguras y ciclo-inclusivas que cuenten con arborización nativa integral al año 2030, conectando localidades rurales estratégicas.";
"8";"Alhue";"M-08";;"Mitigación";"Transporte y movilidad";"Impulsar la instalación de red de estaciones de carga pública para vehículos eléctricos";"OE3. Fomentar el cambio tecnológico hacia la electromovilidad y el traspaso modal hacia formas de movilidad activa bajas en emisiones a nivel comunal e intercomunal.";"Fortalecer la colaboración y alianzas público- privadas para la implementación de electroterminales en puntos estratégicos de la comuna. Es el requisito habilitante para el recambio paulatino de las flotas municipales (buses), potenciar el transporte privado limpio e impulsar el turismo de bajas emisiones.";"(IO) Infraestructura y Obras Físicas / (IT) Innovación Tecnológica";"Urbano (Villa Alhué y centros poblados)";"2027";"2030";"SECPLA / Oficina de Medio Ambiente";"Dirección de Obras Municipales (DOM), Oficina de Turismo";"Ministerio de Energía, Agencia de Sostenibilidad Energética (Agencia SE), Empresas privadas (ej. Copec Voltex, CGE)";"Estrategia Nacional de Electromovilidad, Estrategia Energética Local (EEL) de Alhué";"Permisos de concesión o uso de Bienes Nacionales de Uso Público (BNUP) para estacionamientos exclusivos de recarga eléctrica.";"Cargadores eléctricos rápidos y semirrápidos, aumento de capacidad en subestaciones locales, señalética vial.";"Capacidad límite de la red de transmisión eléctrica local en Alhué; alto costo de los equipos para el erario municipal.";"Inversión privada directa, Agencia SE (Programa Ponle Energía), FNDR.";"Asegurar que las estaciones de carga cuenten con diseño de accesibilidad universal e iluminación adecuada para la seguridad nocturna.";"A1. Identificación de sitios fiscales factibles. A2. Firma de convenio público-privado o licitación. A3. Instalación y certificación SEC de los cargadores.";"Estaciones de carga pública operativas";"Habilitar al menos 2 estaciones de carga rápida de acceso público operativas en la comuna al 2030.";
"9";"Alhue";"M-09";;"Mitigación";"Transporte y movilidad";"Transición a electromovilidad en buses municipales e incentivo privado local";"OE3. Fomentar el cambio tecnológico hacia la electromovilidad y el traspaso modal hacia formas de movilidad activa bajas en emisiones a nivel comunal e intercomunal.";"Reemplazo gradual de vehículos municipales actuales (educación/salud/flotilla municipal) por eléctricos, utilizando la red de carga (M-08). Paralelamente, se podrá promover la formalización de convenios o acuerdos (APL u otros afines) para que el sector minero y agrícola electrifique sus flotas operativas.";"(IT) Innovación y Transferencia Tecnológica / (PP) Políticas y gobernanza";"Comunal";"2027";"2030";"Administración Municipal / SECPLA";"Dirección de Administración y Finanzas (Adquisiciones), Medio Ambiente";"Codelco (Div. El Teniente), Minera Florida, Agencia SE, GORE RM";"ECLP (Meta 6.4 de transporte público/flotas limpias), PSMA Transportes";"Inclusión de estándares de ""compras públicas sustentables"" y fomento de vehículos de bajo impacto en bases de licitación municipal.";"Adquisición de buses eléctricos, conexión a las estaciones de carga (M16), capacitación técnica a conductores y mecánicos municipales.";"Alto costo de adquisición de vehículos eléctricos (capex) respecto al diésel; lejanía de servicios técnicos especializados.";"Fondo de Apoyo Regional (FAR) de la Ley N° 20.696, FNDR GORE RM, aportes privados (RSE minería)";"La priorización del reemplazo de los buses escolares y de traslado de pacientes del CESFAM impacta directamente en reducir la exposición a contaminantes locales (material particulado) de niños y adultos mayores.";"A1. Levantar catastro de vida útil de buses actuales. A2. Postular a recambio de flota en GORE/FAR. A3. Firmar mesas de acuerdo con mineras para exigir renovación en sus servicios contratados.";"Porcentaje de buses municipales eléctricos y acuerdos privados.";"Electrificar el 50% de la flota de buses o vehículos de servicio municipal al 2030 y suscribir al menos 2 convenios de reducción de emisiones logísticas con la industria privada local.";
"10";"Alhue";"M-10";;"Mitigación";"Transporte y movilidad";"Optimización y electrificación de la red de transporte público interurbano";"OE3. Fomentar el cambio tecnológico hacia la electromovilidad y el traspaso modal hacia formas de movilidad activa bajas en emisiones a nivel comunal e intercomunal.";"El municipio liderará la demanda vecinal para rediseñar los recorridos interurbanos (garantizando horarios y frecuencias permanentes) y gestionará subsidios del MTT para integrar progresivamente buses eléctricos interurbanos, desincentivando el auto privado.";"(PP) Políticas, planificación y gobernanza";"Intercomunal / Regional";"2028";"2030";"Oficina de Inspección y Fiscalización/ SECPLA";"Dirección de Desarrollo Comunitario (DIDECO)";"MTT (División de Transporte Público Regional - DTPR), GORE RM, Operadores de transporte privado local, Juntas de Vecinos";"PSMA Transportes (Medida: Electromovilidad - Transporte público regiones), Ley de Subsidio al Transporte Público (N° 20.378)";"Desarrollo de un Plan de Movilidad Local validado por participación ciudadana.";"Mesas técnicas de negociación con el Ministerio de Transportes, infraestructura de recarga de gran capacidad, buses de estándar ""Red"" interurbano.";"Alhué no controla la licitación del transporte intercomunal (tuición del MTT); resistencia de operadores de buses actuales a modernizar sus flotas.";"Subsidios del MTT, Fondo de Apoyo Regional (FAR), Subsidios de zonas aisladas";"Establecer tarifas rebajadas y coberturas de recorridos matutinos que se ajusten a las necesidades de las mujeres (quienes suelen realizar más viajes de cuidado) y estudiantes, mejorando el acceso equitativo a servicios fuera de la comuna.";"A1. Diagnóstico participativo de necesidades de traslado con DIDECO. A2. Establecer mesa técnica con DTPR (MTT) para rediseño de perímetro de exclusión o subsidios. A3. Adjudicación e implementación progresiva de flota de alto estándar/eléctrica.";"Reducción de emisiones de GEI por transporte público interurbano.";"Establecer un nuevo contrato de subsidio con el MTT que garantice al menos el 70% de la cobertura de horarios críticos comunitarios e introduzca al menos un 20% de flota interurbana eléctrica o híbrida al 2030.";
"11";"Alhue";"M-11";;"Mitigación";"Sumideros de carbono";"Plan de Infraestructura Verde en edificaciones para eficiencia energética";"OE4. Incrementar los sumideros de carbono y reducir el consumo energético local implementando Soluciones Basadas en la Naturaleza (SbN) e infraestructura verde, promoviendo esquemas de compensación de emisiones.";"Implementación de techos, muros verdes y reforestación por núcleos (SbN) en el entorno de edificios públicos e industriales. Actúan como micro-sumideros de carbono y reducen la temperatura local (isla de calor), disminuyendo directamente la demanda de energía estacionaria para climatización.";"(SbN) Soluciones Basadas en la Naturaleza / (IO) Infraestructura y Obras Físicas";"Urbano (Edificios públicos, educativos o de salud).";"2026";"2029";"Secretaría Comunal de Planificación (SECPLA) / Dirección de Obras Municipales (DOM)";"Oficina de Medio Ambiente";"Ministerio de Energía, Agencia de Sostenibilidad Energética (Agencia SE), Seremi Minvu RM";"Estrategia Energética Local (EEL), Estrategia Climática de Largo Plazo (ECLP), Plan Sectorial de Mitigación de Edificación y Ciudades";"Modificación de las bases de licitación de infraestructura pública para exigir criterios de envolvente térmica verde y paisajismo sustentable";"Especies xerófitas de bajo requerimiento hídrico, sustratos de retención de humedad, sistemas de riego por goteo automatizado, sensores de T° interior/exterior.";"Restricciones de capacidad estructural en edificios públicos antiguos para soportar carga de techos verdes; altos costos iniciales de instalación (CAPEX).";"Fondo Nacional de Desarrollo Regional (FNDR), Programa de Mejoramiento Urbano (PMU - SUBDERE), Fondo de Acceso a la Energía (FAE)";"Priorizar la infraestructura verde en escuelas y el CESFAM comunal para reducir la exposición de niños, mujeres (principales cuidadoras) y adultos mayores al estrés térmico durante olas de calor.";"A1. Auditoría térmica y estructural a edificios críticos. A2. Diseño de ingeniería y postulación a PMU/FNDR. A3. Ejecución y recepción de obras verdes.";"Superficie de infraestructura verde instalada y ahorro energético.";"Implementar infraestructura verde funcional en al menos 3 edificios públicos estratégicos al año 2029, reduciendo su consumo en energía para climatización en un 15%.";
"12";"Alhue";"M-12";;"Mitigación";"Sumideros de carbono";"Programa integral de restauración ecosistémica y reforestación melífera en corredores biológicos";"OE4. Incrementar los sumideros de carbono y reducir el consumo energético local implementando Soluciones Basadas en la Naturaleza (SbN) e infraestructura verde, promoviendo esquemas de compensación de emisiones.";"Programa de restauración activa y pasiva enfocado en recuperar la biomasa nativa en corredores biológicos mediante el uso de especies melíferas adaptadas a la sequía. Esta Solución Basada en la Naturaleza (SbN) maximiza la captura de CO2, reduce la fragmentación, protege fuentes hídricas y, simultáneamente, asegura el sustento floral para la resiliencia productiva de las cooperativas apícolas locales al 2030.";"(SbN) Soluciones Basadas en la Naturaleza / (PP) Políticas, planificación y gobernanza";"Comunal / Rural (Áreas degradadas y Paisaje de Conservación)";"2026";"2030 (con monitoreo de sobrevivencia a largo plazo)";"Oficina de Medio Ambiente";"Secretaría Comunal de Planificación (SECPLA), Dirección de Desarrollo Comunitario (PRODESAL)";"ONG Kintu, CONAF, Ministerio del Medio Ambiente, Proyecto GEF Corredores Biológicos de Montaña";"Contribución Determinada a Nivel Nacional (NDC) en su meta de manejo y recuperación de bosques nativos, Plan Sectorial de Adaptación Silvoagropecuario y alineación directa con la Medida 6 del PARCC de la Región Metropolitana (""Restaurar ecológicamente la";"Inclusión de los corredores biológicos a restaurar como ""Áreas de Protección de Valor Natural"" en la futura actualización del Plan Regulador Comunal (PRC) y el PLADECO.";"Herramientas de Sistemas de Información Geográfica (SIG) para el diseño del corredor, habilitación de banco de semillas y vivero municipal con biotipos locales, sistemas de riego de emergencia y protectores forestales.";"Alto riesgo de mortalidad de la vegetación replantada debido a la megasequía estructural; incendios forestales recurrentes que devoren los polígonos en restauración; y presiones por parcelaciones o uso ganadero no regulado.";"Fondo de Protección Ambiental (FPA), Fondo de Conservación del Bosque Nativo (Ley 20.283), y fondos derivados de la medida M14 (Compensación Industrial Privada), Fundación para la Innovación Agraria (FIA)";"Focalizar geográficamente la restauración en las microcuencas que abastecen a los sistemas de Agua Potable Rural (APR) locales. Al proteger la fuente hídrica mediante SbN, se reduce directamente la vulnerabilidad sanitaria de la comunidad y se alivia la sobrecarga de labores de cuidado (históricamente feminizadas) exacerbadas por la escasez de agua. Vincular la reforestación melífera al rescate de herbolaria y plantas medicinales, saberes tradicionalmente custodiados por mujeres rurales (""huerteras"" y apicultoras), fortaleciendo su autonomía económica.";"A1. Diagnóstico espacial y priorización de áreas de conectividad junto a apicultores. A2. Recolección genética y propagación de especies melíferas en vivero. A3. Ejecución de la plantación mediante técnica de núcleos. A4. Monitoreo plurianual de biomasa, sobrevivencia vegetal y secuestro de carbono.";"Superficie de bosque esclerófilo bajo restauración efectiva y tasa de sobrevivencia vegetal.";"Consolidar la restauración ecosistémica de al menos 20 hectáreas estratégicas con flora melífera nativa, logrando una tasa de sobrevivencia superior al 75% al año 2030.";
"13";"Alhue";"M-13";;"Mitigación";"Sumideros de carbono";"Sistema de incentivos por servicios ecosistémicos para compensación industrial";"OE4. Incrementar los sumideros de carbono y reducir el consumo energético local implementando Soluciones Basadas en la Naturaleza (SbN) e infraestructura verde, promoviendo esquemas de compensación de emisiones.";"Mecanismo de gobernanza mediante el cual empresas locales de alta emisión o gran demanda energética (minería y agroindustria) financian la creación o mantención de corredores biológicos comunitarios o privados. Permite compensar sus emisiones localmente y asegurar el éxito financiero de los sumideros.";"(F) Financiamiento e instrumentos económicos / (PP) Políticas, planificación y gobernanza";"Comunal / Rural (Interacción público- privada)";"2028";"2030";"Alcaldía / SECPLA";"Oficina de Desarrollo Económico Local (ODEL), Oficina de Medio Ambiente";"Empresas privadas (Codelco, Minera Florida, Viñas), Agencia de Sustentabilidad y Cambio Climático (ASCC), ONG Kintu";"CLP (Sistemas de compensación de emisiones), Acuerdos de Producción Limpia (APL) territorial, Plan de Gestión ""Paisaje de Conservación""";"Elaboración de un reglamento o bases a nivel municipal para la valorización de servicios ecosistémicos y canalización de fondos de Responsabilidad Social Empresarial (RSE).";"Mesas de negociación intersectorial (abogados, técnicos ambientales), mecanismos contables MRV (Monitoreo, Reporte y Verificación) para asegurar que el carbono capturado es real y adicional.";"Resistencia inicial de las empresas a destinar fondos a compensaciones de estándar alto; complejidad jurídica para asegurar la trazabilidad y que la compensación ocurra obligatoriamente dentro del territorio comunal de Alhué.";"Inversión privada directa (Fondos de compensación exigidos por el SEIA, impuestos verdes o RSE voluntaria de las mineras/agroindustrias)";"Orientar los corredores biológicos financiados por privados hacia la protección específica de las cabeceras de cuencas que proveen de agua a los Sistemas de Servicios Sanitarios Rurales (SSR/APR) de la comuna, asegurando el recurso vital para la comunidad y aliviando la carga de cuidados asociada a la escasez.";"A1. Levantamiento del portafolio municipal de ""sitios aptos"" para compensación. A2. Firma de Acuerdos de Producción Limpia (APL) territoriales con ASCC y privados. A3. Inyección de fondos privados, ejecución en terreno y reporte anual.";"Financiamiento industrial apalancado y hectáreas nativas bajo mecanismo de compensación.";"Conformar al menos 1 Mesa de Compensación Industrial activa y lograr que la minería/agroindustria financie la mantención efectiva de al menos 1 corredor biológico estratégico como sumidero corporativo al año 2030.";
"14";"Alhue";"A-01";;"Adaptación";"Agua";"Sistema de monitoreo, reporte y actualización de la Estrategia Hídrica Local (EHL)";"OE1. Garantizar la seguridad hídrica comunal, priorizando el abastecimiento para consumo humano y la mantención de los ecosistemas locales.";"Implementación de una plataforma oficial y revisiones semestrales de los indicadores de la EHL de Alhué. Garantiza la evaluación del cumplimiento de la cartera de proyectos hídricos comunales, transparentando los datos a la ciudadanía y facilitando su actualización obligatoria cada tres años.";"(SAM) Sistemas de Alerta y Monitoreo multipropósito / (PP) Políticas, planificación y gobernanza";"Comunal";"2026";"2030";"Secretaría Comunal de Planificación (SECPLA) / Medio Ambiente";"Dirección de Desarrollo Comunitario (DIDECO)";"Agencia de Sustentabilidad y Cambio Climático (ASCC), GORE RM, Dirección General de Aguas (DGA)";"Estrategia Hídrica Local de Alhué (EHL 2024-2034), Plan de Acción Regional de Cambio Climático (PARCC RM)";"Decreto alcaldicio que formalice el funcionamiento y responsabilidades para el seguimiento de la EHL.";"Software de gestión y visualización de datos abiertos (plataforma web), horas hombre (profesionales municipales capacitados en gestión hídrica).";"Limitada capacidad de personal municipal para el seguimiento constante; falta de datos actualizados entregados por otros servicios públicos.";"Presupuesto Municipal (operativo), FNDR (GORE RM)";"Garantizar que los reportes incluyan variables del acceso al agua en sistemas APR (Agua Potable Rural) liderados por mujeres, reduciendo su vulnerabilidad.";"A1. Designación de equipo responsable. A2. Habilitación de plataforma digital municipal. A3. Generación de informes semestrales de avance.";"Porcentaje de avance y cumplimiento de la EHL";"100% de las medidas de la EHL monitoreadas anualmente y 1 actualización completa del instrumento ejecutada al año 2029.";
"15";"Alhue";"A-02";;"Adaptación";"Agua";"Programa de fiscalización de extracciones irregulares, venta y suministro de agua mediante camiones aljibe";"OE1. Garantizar la seguridad hídrica comunal, priorizando el abastecimiento para consumo humano y la mantención de los ecosistemas locales.";"Establecimiento de un sistema de monitoreo municipal en coordinación con la DGA y Carabineros, para identificar, denunciar y sancionar la extracción ilegal de agua desde cauces o pozos. Regula el mercado de venta y distribución de agua mediante un catastro de camiones aljibe.";"(PP) Políticas, planificación y gobernanza / (SAM) Sistemas de Alerta y Monitoreo multipropósito";"Comunal";"2026";"2030";"Dirección de Obras Municipales (Inspección) / Medio Ambiente";"Asesoría Jurídica Municipal, Oficina de Emergencias.";"Dirección General de Aguas (DGA), Carabineros, Seremi de Salud RM";"Código de Aguas (atribuciones DGA), EHL Alhué";"Creación de una Ordenanza Municipal que regule el tránsito y venta de agua de camiones aljibe en la comuna.";"Drones para monitoreo de cauces, vehículos 4x4 para inspectores, inspectores municipales capacitados en normativa hídrica.";"El municipio no tiene facultad sancionatoria directa sobre usurpación de aguas (solo la DGA/Tribunales); escasez de dotación de inspectores municipales.";"Presupuesto Municipal, cobro de patentes comerciales, multas";"Proteger directamente las cuencas que alimentan a los sistemas APR de consumo humano, priorizando la subsistencia de familias rurales vulnerables.";"A1. Promulgación de ordenanza de camiones aljibe. A2. Establecer canal de denuncias seguro. A3. Realizar operativos conjuntos de fiscalización con la DGA.";"Operativos de fiscalización hídrica realizados";"Ejecutar al menos 12 fiscalizaciones integradas anuales y empadronar al 100% de los camiones aljibe que operan comercialmente en la comuna al 2028.";
"16";"Alhue";"A-03";;"Adaptación";"Agua";"Mesa de Gobernanza para Acuerdos de Producción Limpia (APL) Hídrica territorial";"OE1. Garantizar la seguridad hídrica comunal, priorizando el abastecimiento para consumo humano y la mantención de los ecosistemas locales.";"Conformación de una mesa territorial que articule al sector público y privado (minería, viñas y agroindustria). El objetivo es adherir estratégicamente a las empresas locales a un APL Hídrico, fijando metas de eficiencia, recirculación y apoyo comunitario al año 2030.";"(PP) Políticas, planificación y gobernanza / (BP) Buenas Prácticas";"Comunal / Industrial";"2027";"2030";"Alcaldía / SECPLA";"Oficina de Desarrollo Económico Local (ODEL), Medio Ambiente";"Agencia de Sustentabilidad y Cambio Climático (ASCC), Codelco, Minera Florida, Agroindustrias";"Estrategia Hídrica Local (EHL), Certificado Azul (ASCC)";"Formalización de convenios o memorandos de entendimiento municipal-privado.";"Profesionales facilitadores para mesas de diálogo, estándares de ""Certificado Azul"", auditorías hídricas en las empresas.";"Resistencia del sector minero o agrícola para transparentar sus consumos reales; desconfianza histórica de la comunidad hacia la industria.";"Autofinanciamiento empresarial (RSE y metas APL), fondos ASCC para gobernanza";"Establecer dentro del APL que las empresas cofinancien mejoras de eficiencia hídrica en escuelas o postas rurales (población vulnerable) como medida de compensación territorial.";"A1. Convocatoria a la gran industria de Alhué. A2. Firma del APL Territorial con la ASCC. A3. Implementación de medidas intraprediales por parte de los privados. A4. Auditoría y certificación.";"Empresas locales adheridas al APL y Certificado Azul.";"Lograr que al menos 3 de las grandes industrias de la comuna (ej. mineras, viñas) firmen el APL y certifiquen su reducción de huella hídrica al año 2030.";
"17";"Alhue";"A-04";;"Adaptación";"Agua";"Piloto residencial de captación de aguas lluvias y grises con sistema de copago vecinal";"OE1. Garantizar la seguridad hídrica comunal, priorizando el abastecimiento para consumo humano y la mantención de los ecosistemas locales.";"Piloto municipal para implementar sistemas de reutilización hídrica (aguas grises y lluvia) en viviendas rurales vulnerables. Incorpora un esquema de copago vecinal para garantizar corresponsabilidad, mantenimiento a largo plazo y autonomía hídrica comunitaria frente a la sequía.";"(IT) Innovación Tecnológica / (F) Financiamiento e instrumentos económicos";"Rural (Comunidades vulnerables/aisladas)";"2027";"2030";"SECPLA / DIDECO";"Oficina de Medio Ambiente, Organizaciones Comunitarias";"GORE RM (Fondo de Agua), SEREMI Salud (Autorizaciones), Juntas de Vecinos";"EHL (iniciativas de reciclaje de aguas grises), Ley 21.075 (Aguas Grises)";"Aprobación de un reglamento municipal que regule el fondo, las bases de postulación y las cuotas de copago del beneficio.";"Canaletas, bajadas, estanques acumuladores, biofiltros para aguas grises, bombas de bajo consumo, asistencia técnica para la instalación.";"lto costo de los filtros de aguas grises; falta de mantención de los sistemas por parte de los vecinos tras la instalación inicial; trámites burocráticos ante Seremi de Salud.";"Fondo Nacional de Desarrollo Regional (FNDR), aportes directos de los beneficiarios (copago).";"Ponderar con mayor puntaje en las bases de postulación a hogares monoparentales liderados por mujeres (jefas de hogar) rurales, aliviando la carga de conseguir agua de forma manual.";"A1. Diseño técnico e ingeniería del kit domiciliario. A2. Aprobación del reglamento de copago en Concejo. A3. Postulación vecinal y ejecución de obras. A4. Capacitación a las familias en mantención.";"Sistemas hídricos domiciliarios operativos bajo esquema de copago.";"Implementar exitosamente el programa piloto dotando de autonomía parcial a 30 viviendas rurales bajo modalidad de corresponsabilidad al 2030.";
"18";"Alhue";"A-05";;"Adaptación";"Agua";"Transición agroecológica y fomento de cultivos de bajo requerimiento hídrico";"OE1. Garantizar la seguridad hídrica comunal, priorizando el abastecimiento para consumo humano y la mantención de los ecosistemas locales.";"Programa de reconversión agrícola enfocado en la agricultura familiar. Subsidia y entrega asistencia técnica para reemplazar cultivos exóticos o de alta demanda hídrica por especies agroecológicas y de secano, adaptando estructuralmente la matriz productiva a la megasequía.";"(FC) Fortalecimiento de Capacidades / (F) Financiamiento e instrumentos económicos";"Rural (Agricultura Familiar Campesina)";"2028";"2030";"Dirección de Desarrollo Comunitario (Programa PRODESAL)";"Oficina de Desarrollo Económico Local (ODEL), Medio Ambiente";"INDAP, Fundación para la Innovación Agraria (FIA), Comisión Nacional de Riego (CNR)";"Plan Sectorial de Adaptación Silvoagropecuario, Plan ""Paisaje de Conservación""";"Focalización de los lineamientos estratégicos de PRODESAL Alhué hacia la agroecología comunal.";"Profesionales agrónomos especializados en agroecología, entrega de semillas/plantines endémicos, sistemas de retención de humedad en suelo (mulch, polímeros).";"Alta resistencia cultural de los agricultores tradicionales para abandonar los cultivos históricos (pérdida de identidad percibida); incertidumbre sobre la rentabilidad comercial de los nuevos cultivos.";"Presupuesto INDAP, fondos de la Ley de Riego N° 18.450 (con enfoque en Soluciones Basadas en la Naturaleza), Gobierno Regional.";"Priorizar y bonificar a mujeres campesinas en la transición, resguardando saberes tradicionales y calendarios de siembra ancestrales, lo cual asegura su soberanía alimentaria y económica.";"A1. Levantamiento de agricultores interesados. A2. Plan de diseño intrapredial agroecológico. A3. Adquisición y siembra de nuevos cultivos. A4. Acompañamiento comercial desde la ODEL para los nuevos productos.";"Superficie agrícola en transición hacia bajo requerimiento hídrico.";"Reconvertir al menos 15 hectáreas de la pequeña agricultura familiar hacia cultivos de bajo requerimiento hídrico o manejo agroecológico al año 2030, asegurando su resiliencia productiva.";
"19";"Alhue";"A-06";;"Adaptación";"Cultura e identidad";"Recuperación del museo y espacios de encuentro socioambiental";"OE2. Fortalecer la resiliencia comunitaria mediante la educación socioambiental continua, el rescate intergeneracional del patrimonio biocultural campesino y el codiseño ciudadano de normativas locales.";"Rehabilitación estructural y funcional del museo local y espacios recreativos en localidades rurales. Estas zonas actuarán como refugios climáticos, centros de educación no formal y polos de resguardo de la identidad territorial, facilitando la cohesión comunitaria en torno a la conservación.";"(IO) Infraestructura y Obras Físicas / (FC) Fortalecimiento de Capacidades";"Comunal";"2026";"2028";"Secretaría Comunal de Planificación (SECPLA) / Oficina de Cultura";"Dirección de Obras Municipales (DOM), Medio Ambiente";"Ministerio de las Culturas, las Artes y el Patrimonio, GORE RM, ONG Kintu";"Plan Municipal de Cultura de Alhué, Plan de Gestión ""Paisaje de Conservación""";"Actualización del PLADECO para priorizar la inversión en infraestructura cultural resiliente.";"Materiales de construcción sustentable, aislación térmica, mobiliario museográfico, profesionales en arquitectura y patrimonio.";"Altos costos de restauración patrimonial (ej. adobe); largos tiempos de tramitación en el Consejo de Monumentos Nacionales si aplica.";"Fondo Nacional de Desarrollo Regional (FNDR), Programa de Mejoramiento Urbano (PMU - SUBDERE), Ley de Donaciones Culturales.";"Garantizar que los espacios recuperados cuenten con accesibilidad universal y sean seguros para mujeres, niños y adultos mayores, sirviendo como refugios durante eventos de calor extremo.";"A1. Diseño de arquitectura y especialidades. A2. Postulación a fondos públicos (FNDR/PMU). A3. Ejecución de obras y habilitación museográfica. A4. Apertura a la comunidad con programa de actividades.";"Espacios socioambientales y patrimoniales recuperados y operativos.";"Recuperar y poner en valor operativo el Museo Local y al menos 2 espacios de encuentro socioambiental en sectores rurales al año 2028.";
"20";"Alhue";"A-07";;"Adaptación";"Cultura e identidad";"Programa escolar transversal de líderes climáticos y cultura responsable";"OE2. Fortalecer la resiliencia comunitaria mediante la educación socioambiental continua, el rescate intergeneracional del patrimonio biocultural campesino y el codiseño ciudadano de normativas locales.";"Intervención curricular integrada de manera transversal en los establecimientos educacionales de la comuna. Empodera a niños y jóvenes como agentes de cambio, insertando contenidos de adaptación, eficiencia hídrica y sustentabilidad en diversas asignaturas, fomentando una identidad de protección ambiental desde la educación formal.";"(FC) Fortalecimiento de Capacidades / (PP) Políticas, planificación y gobernanza";"Comunal (Establecimientos educacionales)";"2026";"2030";"Dirección de Administración de Educación Municipal (DAEM)";"Oficina de Medio Ambiente";"Ministerio de Educación (MINEDUC), Ministerio del Medio Ambiente (Programa SNCAE)";"Estrategia de Desarrollo de Capacidades y Empoderamiento Climático (ACE), Plan Anual de Desarrollo Educativo Municipal (PADEM)";"Incorporación obligatoria de la variable de ""Sustentabilidad y Cambio Climático"" en el PADEM de Alhué.";"Profesionales en pedagogía ambiental, material didáctico contextualizado a la ruralidad de Alhué, horas de planificación docente.";"Resistencia o falta de tiempo de los docentes por sobrecarga laboral para integrar nuevos contenidos curriculares.";"Subvención Escolar Preferencial (SEP), Fondo de Protección Ambiental (FPA) línea colegios.";"Fomentar liderazgos equitativos entre niños y niñas, asegurando que las vocerías de los comités ambientales escolares sean paritarias.";"A1. Capacitación docente en cambio climático. A2. Modificación de los Proyectos Educativos Institucionales (PEI). A3. Inserción de contenidos en asignaturas. A4. Obtención o mejora de certificación SNCAE.";"Establecimientos con currículum ambiental integrado y certificación SNCAE.";"Lograr que el 100% de los establecimientos públicos de Alhué integren el currículum climático de forma transversal y alcancen el Nivel de Excelencia en el SNCAE al 2030.";
"21";"Alhue";"A-08";;"Adaptación";"Cultura e identidad";"Rescate intergeneracional de saberes campesinos para la resiliencia";"OE2. Fortalecer la resiliencia comunitaria mediante la educación socioambiental continua, el rescate intergeneracional del patrimonio biocultural campesino y el codiseño ciudadano de normativas locales.";"Creación de espacios de diálogo y transferencia práctica de conocimientos entre adultos mayores y juventudes locales. Su objetivo es documentar y aplicar prácticas ancestrales de uso sustentable de tierra y agua, mitigando la pérdida de patrimonio inmaterial y fortaleciendo la resiliencia rural.";"(FC) Fortalecimiento de Capacidades / (BP) Buenas Prácticas";"Comunal";"2027";"2030";"Dirección de Desarrollo Comunitario (DIDECO: Oficina Adulto Mayor y Juventud)";"Oficina de Cultura, Oficina de Medio Ambiente";"Clubes de Adulto Mayor, Unión Comunal, ONG Kintu, INDAP (PRODESAL)";"Política Nacional de Desarrollo Rural, Plan Municipal de Cultura (Línea de Patrimonio e Identidad)";"Directrices anuales de la DIDECO para asignación de subvenciones a organizaciones sociales.";"Facilitadores comunitarios (sociólogos/antropólogos), equipos de grabación audiovisual (para documentar la memoria oral), transporte para adultos mayores.";"Dificultad de movilidad de los adultos mayores en sectores rurales aislados; desinterés inicial de los jóvenes.";"FNDR (Cultura/Social 8%), SENAMA, Presupuesto Municipal (DIDECO).";"Visibilizar específicamente el rol histórico de las mujeres campesinas (""huerteras"", ""recolectoras"", ""cantoras""), rescatando sus saberes en soberanía alimentaria y herbolaria medicinal.";"A1. Identificación y contacto con adultos mayores cultores. A2. Realización de jornadas de ""encuentro intergeneracional"" (mateadas/talleres). A3. Edición de material documental (libro o video) de saberes locales.";"Participantes en espacios de transferencia intergeneracional y documentos generados.";"Realizar al menos 4 encuentros intergeneracionales masivos al año y generar 1 archivo documental histórico de resiliencia campesina al 2030.";
"22";"Alhue";"A-09";;"Adaptación";"Cultura e identidad";"Ruta de la memoria patrimonial y educación sustentable";"OE2. Fortalecer la resiliencia comunitaria mediante la educación socioambiental continua, el rescate intergeneracional del patrimonio biocultural campesino y el codiseño ciudadano de normativas locales.";"Diseño e implementación de circuitos interpretativos sustentables (turismo de bajo impacto) que conecten hitos construidos y naturales de Alhué. Incorpora señalética ecológica basada en los saberes rescatados (A- 08), fomentando el arraigo territorial, la conservación del paisaje y la identidad climática.";"(IO) Infraestructura y Obras Físicas / (FC) Fortalecimiento de Capacidades.";"Comunal";"2028";"2030";"Oficina de Turismo (DIDECO) / SECPLA";"Oficina de Cultura, Medio Ambiente";"SERNATUR, Consejo de Monumentos Nacionales, ONG Kintu, Cámara de Turismo Local";"Plan de Gestión ""Paisaje de Conservación"", Estrategia Nacional de Turismo Sostenible";"Actualización del Plan de Desarrollo Turístico (PLADETUR) incorporando circuitos resilientes al clima.";"Señalética construida con maderas certificadas o materiales reciclados locales, códigos QR con audios de relatos campesinos, senderos de bajo impacto.";"Vandalismo o daño a la señalética; conflictos por acceso a hitos ubicados en terrenos de propiedad privada.";"FNDR GORE RM (Turismo), Subsecretaría de Turismo, SERCOTEC.";"Fomentar que el desarrollo económico derivado de la ruta (guías turísticos, artesanía, gastronomía en los paraderos) beneficie directamente a agrupaciones de mujeres emprendedoras de la comuna.";"A1. Trazado participativo de la ruta con la comunidad. A2. Diseño y fabricación de señalética ecológica. A3. Instalación e inauguración. A4. Capacitación a guías locales sobre la narrativa de la ruta.";"Kilómetros de circuitos interpretativos habilitados y guías capacitados.";"Habilitar 1 Ruta de la Memoria Patrimonial intercomunicando al menos 10 hitos socioambientales críticos y capacitar al menos 10 guías locales al año 2030.";
"23";"Alhue";"A-10";;"Adaptación";"Cultura e identidad";"Actualización de ordenanzas para el desarrollo sustentable y el buen vivir";"OE2. Fortalecer la resiliencia comunitaria mediante la educación socioambiental continua, el rescate intergeneracional del patrimonio biocultural campesino y el codiseño ciudadano de normativas locales.";"Proceso de co-diseño ciudadano (junto a familias, educadores y jóvenes) para revisar, redactar y actualizar normativas municipales que regulen prácticas sustentables locales. Esta medida consolida institucionalmente la conciencia ambiental generada, reduciendo la vulnerabilidad estructural comunal mediante el cumplimiento de acuerdos sociales obligatorios.";"(PP) Políticas, planificación y gobernanza";"Comunal";"2029 (Una vez madurada la educación y valorización previa)";"2030";"Asesoría Jurídica / Oficina de Medio Ambiente";"DIDECO (Organizaciones Comunitarias), DOM";"Comité Ambiental Comunal (CAC), Unión Comunal de Juntas de Vecinos";"SCAM Nivel Intermedio/Excelencia, Ordenanza de Participación Ciudadana de Alhué";"Modificación o creación de ordenanzas ambientales (ej. protección de flora melífera, gestión de residuos, ruidos, protección de quebradas).";"Asesores jurídicos ambientales, espacios para cabildos o asambleas resolutivas, difusión masiva (radios, RRSS).";"Que el co-diseño derive en ordenanzas jurídicamente inviables; falta de inspectores municipales posteriores para fiscalizar la normativa creada.";"Presupuesto Municipal (Gestión interna, sin requerir grandes inversiones de capital).";"Asegurar paridad de género y representación de todas las localidades rurales aisladas en las mesas ciudadanas de redacción de las ordenanzas.";"A1. Convocatoria a asambleas de co-diseño normativo. A2. Redacción técnica y jurídica de los borradores. A3. Aprobación en el Concejo Municipal. A4. Marcha blanca y educación ciudadana sobre las nuevas reglas.";"Ordenanzas sustentables co-diseñadas y promulgadas.";"Promulgar al menos 2 nuevas ordenanzas participativas enfocadas en sustentabilidad y buen vivir (ej. protección del paisaje o recurso hídrico) operativas al año 2030.";
"24";"Alhue";"A-11";;"Adaptación";"Ecosistemas y biodiversidad";"Actualización normativa territorial para la protección de servicios ecosistémicos";"OE3. Proteger, restaurar y revertir la degradación de los ecosistemas terrestres del Paisaje de Conservación de Alhué, implementando Soluciones Basadas en la Naturaleza (SbN).";"Integración de criterios de conservación climática en los Instrumentos de Planificación Territorial (IPT) y ordenanzas locales. Su objetivo es dotar al municipio de herramientas para fiscalizar parcelaciones irregulares y restringir obras en zonas de recarga de acuíferos y alto valor ecosistémico.";"(PP) Políticas, planificación y gobernanza";"Comunal (énfasis en áreas de recarga y valor ecológico)";"2026";"2028";"Secretaría Comunal de Planificación (SECPLA) / Asesoría Jurídica";"Dirección de Obras Municipales (DOM)";"SEREMI de Vivienda y Urbanismo (MINVU), Ministerio del Medio Ambiente, SAG, GORE RM";"Ley Marco de Cambio Climático (integración en IPTs), Plan Regulador Metropolitano de Santiago (PRMS), Plan ""Paisaje de Conservación""";"Incorporación de áreas de restricción en la elaboración del Plan Regulador Comunal (PRC) y creación de Ordenanza de Protección de Quebradas.";"Sistemas de Información Geográfica (SIG), asesoría jurídica experta en derecho urbanístico y ambiental.";"Fuerte presión y lobby del sector inmobiliario asociado a loteos rurales; lentitud en la aprobación de modificaciones al PRMS por parte de estamentos sectoriales.";"Presupuesto Municipal (HH), FNDR (Asistencia Técnica para IPT).";"Proteger las zonas de recarga de acuíferos asegura indirectamente la continuidad del agua en los sistemas APR, aliviando la carga de conseguir agua manual que recae desproporcionadamente sobre mujeres rurales.";"A1. Levantamiento técnico de zonas de alto valor ecosistémico y recarga. A2. Redacción de ordenanzas y propuestas de modificación de IPT. A3. Aprobación en Concejo Municipal y tramitación sectorial.";"Instrumentos normativos y de planificación actualizados con criterios climáticos.";"Contar con al menos 1 ordenanza operativa de protección de servicios ecosistémicos y/o propuesta de elaboración PRC al 2028.";
"25";"Alhue";"A-12";;"Adaptación";"Ecosistemas y biodiversidad";"Programa de tenencia responsable de mascotas para resguardo de la fauna silvestre";"OE3. Proteger, restaurar y revertir la degradación de los ecosistemas terrestres del Paisaje de Conservación de Alhué, implementando Soluciones Basadas en la Naturaleza (SbN).";"Programa integral de educación, esterilización masiva y fiscalización de mascotas (perros/gatos). Busca reducir los ataques, el impacto depredador y la transmisión de enfermedades zoonóticas a la fauna silvestre vulnerable, manteniendo el equilibrio ecológico.";"(FC) Fortalecimiento de Capacidades / (BP) Buenas Prácticas";"Periurbano / Rural (Zonas de interfaz con el bosque nativo)";"2026";"2030";"Administración Municipal (Oficina de Inspección Municipal) / Medio Ambiente";"DIDECO (Organizaciones Comunitarias para difusión)";"SUBDERE (Programa Mascota Protegida), SAG, ONG Kintu, Agrupaciones animalistas locales";"Ley N° 21.020 de Tenencia Responsable (Ley Cholito), Plan de Gestión Paisaje de Conservación de Alhué";"Modificación de la Ordenanza Municipal de Tenencia de Mascotas endureciendo multas por animales de libre deambular en zonas de amortiguación ecológica.";"Clínicas veterinarias móviles, microchips, lectores de chip para inspectores municipales, jaulas trampas éticas (para captura de asilvestrados coordinado con SAG).";"Arraigo cultural rural de tener perros ""sueltos""; resistencia ciudadana al pago de multas por infracción a la ordenanza.";"Programa Tenencia Responsable de Animales de Compañía (PTRAC - SUBDERE), FNDR 8%.";"La reducción de zoonosis y mordeduras de perros asilvestrados mejora la seguridad en el desplazamiento peatonal de niños/as y mujeres que transitan por senderos rurales.";"A1. Endurecer ordenanza municipal de inspección. A2. Campañas de esterilización y chipeo gratuitas en zonas críticas. A3. Fiscalización y multas por parte de Inspección Municipal. A4. Educación en escuelas.";"Mascotas esterilizadas y fiscalizaciones en zonas rurales.";"Esterilizar al menos al 60% de la población canina/felina de los sectores rurales críticos colindantes a áreas protegidas y realizar 10 operativos de fiscalización anuales al 2030.";
"26";"Alhue";"A-13";;"Adaptación";"Ecosistemas y biodiversidad";"Banco comunitario de semillas nativas y red de guardianes del patrimonio";"OE3. Proteger, restaurar y revertir la degradación de los ecosistemas terrestres del Paisaje de Conservación de Alhué, implementando Soluciones Basadas en la Naturaleza (SbN).";"Habilitación de un banco de semillas y vivero municipal administrado por ""guardianes"" comunitarios. Su objetivo es salvaguardar genotipos locales (forestales, hortícolas y frutales) adaptados a la escasez hídrica, asegurando el material vegetal para la restauración comunal y la soberanía alimentaria comunitaria.";"(SbN) Soluciones Basadas en la Naturaleza / (FC) Fortalecimiento de Capacidades";"Comunal";"2027";"2030";"DIDECO (Oficina de Desarrollo Económico Local - ODEL / PRODESAL)";"Oficina de Medio Ambiente";"Instituto de Investigaciones Agropecuarias (INIA), INDAP, ONG Kintu, Unión Comunal de Adultos Mayores (para traspaso de saberes)";"Plan Sectorial de Adaptación Silvoagropecuario, Estrategia Nacional de Biodiversidad";"Incorporación de la Red de Guardianes de Semillas en los programas de subsidio local apoyados por DIDECO.";"Vivero municipal aclimatado (sombreadero), equipos de refrigeración/desecación para el banco de semillas, sustratos, herramientas agrícolas.";"Pérdida de la viabilidad de las semillas por cortes de energía prolongados o mala manipulación técnica comunitaria.";"Fondo de Protección Ambiental (FPA), Fundación para la Innovación Agraria (FIA), Presupuesto Municipal.";"Tradicionalmente, la custodia y selección de semillas ha sido un rol femenino campesino (huerteras, curadoras). La medida visibiliza, capacita y entrega recursos directamente a estas mujeres, fortaleciendo su autonomía económica y soberanía alimentaria.";"A1. Identificación y capacitación de cuidadores/guardianes locales. A2. Construcción física del banco de semillas y vivero conjunto. A3. Campañas de recolección en terreno. A4. Intercambio de semillas (trafkintu) y propagación.";"Variedades genéticas conservadas y plantas propagadas";"Resguardar al menos 30 genotipos adaptados al clima local (nativos y alimentarios) y producir 2.000 plantas de bajo requerimiento hídrico anualmente al 2030.";
"27";"Alhue";"A-14";;"Adaptación";"Ecosistemas y biodiversidad";"Plan de control de especies exóticas y recambio vegetal adaptativo";"OE3. Proteger, restaurar y revertir la degradación de los ecosistemas terrestres del Paisaje de Conservación de Alhué, implementando Soluciones Basadas en la Naturaleza (SbN).";"Ejecución de planes para identificar, controlar y reemplazar progresivamente flora exótica invasora o de alto requerimiento hídrico en áreas verdes municipales, sustituyéndolas por especies del Banco de Semillas local (A-13) de baja demanda hídrica, adaptando el paisaje a la megasequía. Este instrumento podrá servir como iniciativa y modelo de adopción voluntaria en otros entornos más allá del ámbito municipal.";"(SbN) Soluciones Basadas en la Naturaleza / (IO) Infraestructura Física (Verde)";"Urbano / Periurbano (Áreas públicas y cursos de agua)";"2028 (A la espera de los primeros insumos de A- 13)";"2030";"Dirección de Medio Ambiente / Aseo y Ornato (DOM)";"SECPLA";"CONAF, SAG, ONG Kintu";"Estrategia Hídrica Local (EHL) de Alhué, Plan de Acción Regional de Cambio Climático (PARCC RM - Línea de Arborización Eficiente)";"Modificación del Anexo de Áreas Verdes en licitaciones municipales para exigir exclusividad de flora xerófita o nativa local.";"Maquinaria de tala y destronque, plantas cultivadas localmente (A-13), sistemas de riego tecnificado por goteo transitorio, chipeadoras para hacer mulch con las especies extraídas.";"Rechazo vecinal por la percepción visual estética inicial (reemplazo de pasto o árboles grandes conocidos por especies nativas más rústicas).";"PMU (SUBDERE - Mejoramiento urbano), FNDR (GORE RM), Presupuesto municipal de Aseo y Ornato.";"Garantizar que el nuevo diseño de áreas verdes xerófitas no genere puntos ciegos (arbustos muy altos) para mantener la visibilidad y seguridad del desplazamiento de mujeres y disidencias en espacios públicos.";"A1. Catastro botánico y cálculo de requerimientos hídricos. A2. Educación y sensibilización vecinal sobre el cambio de estética de la plaza. A3. Extracción de exóticas y preparación de suelo. A4. Plantación de especies de reemplazo y monitoreo de prendimiento.";"Superficie de áreas verdes reconvertidas y ahorro hídrico estimado";"Reemplazar y adaptar al 100% las especies de alto consumo de agua en al menos 3 grandes plazas públicas o bienes nacionales de uso público de la comuna al año 2030, mejorando la seguridad hídrica local.";
"28";"Alhue";"A-15";;"Adaptación";"Gestión del riesgo de desastres";"Monitoreo y actualización participativa de Instrumentos GRD";"OE4. Reducir la vulnerabilidad de la población frente a amenazas socioambientales mediante el fortalecimiento de la gobernanza institucional, la fiscalización preventiva y el equipamiento de la primera respuesta comunitaria.";"Monitoreo y actualización constante de los planes de emergencia, evacuación y Reducción del Riesgo de Desastres (RRD). Mediante un codiseño con la comunidad, se definirán y señalizarán rutas seguras, zonas de seguridad y albergues frente a inundaciones e incendios forestales.";"(PP) Políticas, planificación y gobernanza / (SAM) Sistemas de Alerta y Monitoreo";"Comunal";"2026";"2030";"Oficina de Emergencia Municipal (Administración Municipal)";"SECPLA, DIDECO (Organizaciones Comunitarias).";"SENAPRED, GORE RM, Bomberos de Alhué";"Ley N° 21.364 (Sistema Nacional de Prevención y Respuesta ante Desastres), Plan Comunal para la RRD (PCRRD)";"Decretos que oficialicen las nuevas rutas de evacuación en el Plan Comunal de Emergencias.";"Sistemas de Información Geográfica (SIG), señalética reflectante y fotoluminiscente para rutas, facilitadores comunitarios.";"Falta de terrenos fiscales aptos para establecer zonas de seguridad fuera de las áreas de amenaza, requiriendo negociar servidumbres con privados.";"Presupuesto Municipal, FNDR, fondos de SENAPRED.";"Las rutas de evacuación y albergues deben codiseñarse considerando la movilidad reducida de adultos mayores y personas con discapacidad, asegurando rampas y accesos universales.";"A1. Mesas territoriales de diagnóstico de riesgo. A2. Trazado técnico de rutas y albergues. A3. Instalación de señalética. A4. Difusión masiva.";"Instrumentos GRD actualizados y localidades señalizadas";"Actualizar el 100% de los instrumentos GRD exigidos por ley y señalizar rutas seguras en al menos 5 localidades rurales críticas al 2027.";
"29";"Alhue";"A-16";;"Adaptación";"Gestión del riesgo de desastres";"Implementación y fiscalización de ordenanzas municipales preventivas";"OE4. Reducir la vulnerabilidad de la población frente a amenazas socioambientales mediante el fortalecimiento de la gobernanza institucional, la fiscalización preventiva y el equipamiento de la primera respuesta comunitaria.";"Formulación, aplicación y fiscalización de normativas locales para prevenir riesgos socioambientales. Regula estrictamente la obligación de mantener cortafuegos en predios privados y sanciona las quemas no autorizadas para reducir la probabilidad de incendios forestales.";"(PP) Políticas, planificación y gobernanza / (BP) Buenas Prácticas";"Periurbano / Rural";"2026";"2028";"Administración Municipal (Oficina de Inspección Municipal)";"Asesoría Jurídica, Oficina de Medio Ambiente";"CONAF, Carabineros de Chile, Juzgado de Policía Local";"Ley de Bosque Nativo, Plan Nacional de Prevención de Incendios (CONAF), PACCC Alhué";"Creación de la ""Ordenanza Municipal de Prevención de Incendios y Cortafuegos"" y actualización de la ordenanza de Medio Ambiente.";"Vehículos para inspectores municipales, drones para detectar quemas ilegales, talonarios de infracción, campaña radial de difusión de multas.";"Arraigo cultural campesino a la quema de rastrojos; escasez de dotación de inspectores municipales para cubrir la gran extensión territorial de Alhué.";"Presupuesto Municipal (operación interna), recaudación por multas.";"Los incendios en la interfaz urbana afectan drásticamente a las viviendas sociales y asentamientos irregulares. Evitarlos protege directamente el patrimonio de familias vulnerables y mujeres jefas de hogar.";"A1. Redacción jurídica de la ordenanza. A2. Aprobación en Concejo Municipal. A3. Campaña educativa de ""marcha blanca"". A4. Despliegue de patrullajes de fiscalización.";"Ordenanzas promulgadas y fiscalizaciones ejecutadas";"Promulgar 1 nueva Ordenanza de Prevención de Incendios en 2026 y ejecutar al menos 15 operativos de fiscalización anuales en sectores críticos al 2028.";
"30";"Alhue";"A-17";;"Adaptación";"Gestión del riesgo de desastres";"Programa de fiscalización preventiva del tendido eléctrico comunal y fajas de seguridad";"OE4. Reducir la vulnerabilidad de la población frente a amenazas socioambientales mediante el fortalecimiento de la gobernanza institucional, la fiscalización preventiva y el equipamiento de la primera respuesta comunitaria.";"Programa de inspección municipal del mantenimiento del tendido eléctrico y despeje de fajas de seguridad. El municipio levantará catastros de riesgo y derivará denuncias formales a la empresa eléctrica y a la SEC para prevenir incendios forestales y asegurar la continuidad del suministro ante eventos extremos.";"(SAM) Sistemas de Alerta y Monitoreo / (PP) Políticas, planificación y gobernanza.";"Comunal / Rural (Zonas de interfaz y bosque)";"2026";"2030";"Administración Municipal (Oficina de Inspección) / Oficina de Emergencia";"Oficina de Medio Ambiente, Asesoría Jurídica";"Superintendencia de Electricidad y Combustibles (SEC), CONAF, SENAPRED, Empresa eléctrica distribuidora (ej. CGE)";"Plan Comunal de Reducción del Riesgo de Desastres (PCRRD), Ley General de Servicios Eléctricos";"Modificación de la ordenanza de medio ambiente y emergencias para establecer procedimientos claros de levantamiento de actas de riesgo eléctrico en la vía pública.";"Drones para inspección de tendido en zonas de difícil acceso, vehículos 4x4, aplicación móvil o software para registro georreferenciado de denuncias.";"El municipio no tiene potestad directa para intervenir la red ni multar a la empresa eléctrica (es atribución exclusiva de la SEC); demoras de la empresa distribuidora en ejecutar los despejes solicitados.";"Presupuesto Municipal (operación regular de inspectores) o coordinación con otras instituciones.";"Evitar los cortes de energía protege directamente el funcionamiento de los Sistemas Sanitarios Rurales (APR), asegurando el agua potable y aliviando la carga de labores domésticas en escenarios de emergencia para mujeres rurales.";"A1. Levantamiento de puntos críticos mediante patrullaje de inspección. A2. Notificación y mesa de trabajo con la empresa eléctrica local. A3. Derivación de denuncias formales a la SEC por incumplimiento de fajas de seguridad.";"Inspecciones de riesgo eléctrico realizadas y derivadas";"Ejecutar al menos 2 patrullajes preventivos anuales (previo al verano y al invierno) cubriendo el 100% de las rutas críticas, y lograr el despeje efectivo del 80% de las anomalías reportadas al 2030.";
"31";"Alhue";"A-18";;"Adaptación";"Gestión del riesgo de desastres";"Gestión de portafolio de proyectos para financiamiento en RRD";"OE4. Reducir la vulnerabilidad de la población frente a amenazas socioambientales mediante el fortalecimiento de la gobernanza institucional, la fiscalización preventiva y el equipamiento de la primera respuesta comunitaria.";"Estructuración de un banco de proyectos municipales con rentabilidad social y climática, orientados a apalancar fondos externos (FNDR, PMU, SUBDERE). Busca aumentar el presupuesto local para financiar obras estructurales de reducción de riesgos y resiliencia climática.";"F) Financiamiento e instrumentos económicos / (FC) Fortalecimiento de Capacidades";"Comunal";"2026";"2030";"Secretaría Comunal de Planificación (SECPLA)/ Unidad de Licitación y Proyectos";"Dirección de Obras Municipales (DOM), Oficina de Emergencia";"GORE RM, SUBDERE, MIDESO (Desarrollo Social), Asociación Chilena de Municipalidades (AChM)";"Sistema Nacional de Inversiones (SNI), Plan Comunal para la Reducción del Riesgo de Desastres";"Inclusión formal de la cartera de proyectos RRD priorizados en el Plan de Desarrollo Comunal (PLADECO) y en el Presupuesto Municipal anual.";"Profesionales formuladores de proyectos capacitados en financiamiento climático, asesorías de ingeniería para diseño de prefactibilidad, software de evaluación económica.";"Complejidad burocrática y largos tiempos de espera para obtener la Recomendación Satisfactoria (RS) del Ministerio de Desarrollo Social; alta competencia regional por los fondos FNDR.";"Royalty Minero, Asistencia Técnica SUBDERE, Presupuesto Municipal.";"Los proyectos priorizados en el portafolio deberán integrar enfoques de vulnerabilidad, asegurando que las obras de mitigación protejan primariamente a las localidades con mayor índice de pobreza multidimensional y aislamiento en la comuna.";"A1. Identificación y priorización de obras de riesgo en la comuna. A2. Diseño de ingeniería y arquitectura de los proyectos. A3. Ingreso de proyectos al Banco Integrado de Proyectos (BIP) o plataformas de SUBDERE. A4. Adjudicación de fondos.";"Proyectos de RRD formulados y fondos externos apalancados";"Contar con un portafolio permanente de al menos 4 proyectos de infraestructura RRD diseñados, y lograr apalancar financiamiento externo para la ejecución de al menos 2 obras mayores al año 2030.";
"32";"Alhue";"A-19";;"Adaptación";"Gestión del riesgo de desastres";"Fortalecimiento y equipamiento de brigadas comunitarias de primera respuesta";"OE4. Reducir la vulnerabilidad de la población frente a amenazas socioambientales mediante el fortalecimiento de la gobernanza institucional, la fiscalización preventiva y el equipamiento de la primera respuesta comunitaria.";"Programa masivo de capacitación a toda la comunidad en primeros auxilios, RCP, uso de extintores y supervivencia. A partir de esto, se conformarán y equiparán brigadas vecinales preparadas para actuar tempranamente como apoyo logístico y de primera respuesta a Bomberos ante emergencias y desastres.";"(FC) Fortalecimiento de Capacidades / (BP) Buenas prácticas";"Comunal";"2027";"2030";"DIDECO (Organizaciones Comunitarias) / Oficina de Emergencia";"Departamento de Salud, DAEM";"Cuerpo de Bomberos de Alhué, SENAPRED, Cruz Roja, Juntas de Vecinos";"Programa CERT (Equipos Comunitarios de Respuesta a Emergencias) de SENAPRED.";"Incorporación del programa de brigadas en el Plan de Capacitación Anual de DIDECO.";"Kits de emergencia comunitaria (radios VHF, extintores, botiquines trauma, herramientas manuales), instructores certificados (salud/bomberos).";"Alta rotación o pérdida de motivación de los voluntarios vecinales a lo largo del tiempo; que las brigadas excedan su rol de apoyo y asuman riesgos temerarios.";"Fondo Nacional de Desarrollo Regional (FNDR 8% Comunitario), Subvenciones municipales.";"Fomentar la integración paritaria de mujeres en las brigadas comunitarias, rompiendo estereotipos de género en roles de rescate y emergencia, empoderándolas como líderes de resiliencia barrial.";"A1. Campaña de reclutamiento comunitario. A2. Ciclo de talleres prácticos (RCP, fuego, evacuación). A3. Entrega de kits de emergencia. A4. Simulacros conjuntos con Bomberos.";"Personas capacitadas y brigadas comunitarias operativas";"Capacitar a 200 vecinos en herramientas de supervivencia y conformar/equipar al menos 4 brigadas comunitarias en zonas rurales aisladas al año 2030.";
"33";"Alhue";"A-20";;"Adaptación";"Gestión del riesgo de desastres";"Creación y puesta en marcha de Unidad/Dirección Municipal de GRD";"OE4. Reducir la vulnerabilidad de la población frente a amenazas socioambientales mediante el fortalecimiento de la gobernanza institucional, la fiscalización preventiva y el equipamiento de la primera respuesta comunitaria.";"Medida a mediano plazo para elevar la actual Oficina de Emergencia a una Unidad o Dirección jerarquizada que unifique la Reducción de Riesgos con la gestión ambiental. Asegurará presupuesto permanente y personal técnico especializado para implementar políticas de resiliencia.";"(PP) Políticas, planificación y gobernanza";"Comunal (Estructura interna municipal)";"2028";"2030";"Alcaldía / Administración Municipal";"SECPLA, Dirección de Administración y Finanzas (RRHH)";"SUBDERE (Subsecretaría de Desarrollo Regional), SENAPRED";"Ley Orgánica Constitucional de Municipalidades, Ley 21.364, Ley Marco de Cambio Climático 21.455";"Modificación del Reglamento de Organización Interna (Reglamento Interno) de la Municipalidad y ampliación de la Planta Municipal.";"Presupuesto corriente para contratación de profesionales (ingenieros, prevencionistas, geógrafos), oficinas equipadas, sistemas de telecomunicaciones.";"Limitaciones presupuestarias estructurales del municipio para crear nuevas direcciones y contratar personal de planta; burocracia extensa para modificar el reglamento interno.";"Presupuesto Municipal estructural, Royalty Minero, Programa de Fortalecimiento Municipal (SUBDERE). | 1 5 4";"Establecer criterios de paridad de género en los concursos públicos para la contratación de la jefatura y los profesionales técnicos de la nueva Dirección.";"A1. Estudio de factibilidad técnica y financiera. A2. Presentación y aprobación de modificación de planta/reglamento en Concejo Municipal. A3. Asignación de presupuesto anual. A4. Concurso público e instalación del equipo.";"Nombre del | Unidad GRD formalizada y presupuesto asignado";"Formalizar jurídica y operativamente la nueva Dirección/Unidad de Gestión del Riesgo de Desastres, dotada de al menos 3 profesionales técnicos especializados, al año 2030.";
"34";"Alhue";"A-21";;"Adaptación";"Infraestructura crítica";"Evaluación y monitoreo de infraestructura crítica expuesta a riesgos climáticos";"OE5. Asegurar la continuidad de los servicios esenciales y salvaguardar la vida humana mediante el monitoreo, protección y refuerzo resiliente de la infraestructura comunal (vial, sanitaria, hídrica y de emergencia).";"Levantamiento de un catastro geoespacial y programa de evaluación periódica del estado de vulnerabilidad de la infraestructura crítica (caminos, puentes, redes eléctricas). Permite focalizar las inversiones preventivas frente a amenazas de remociones en masa, incendios forestales y temporales.";"(SAM) Sistemas de Alerta y Monitoreo multipropósito / (PP) Políticas, planificación y gobernanza";"Comunal";"2026";"2028 (Primera fase de catastro), continuo hasta 2030";"Secretaría Comunal de Planificación (SECPLA) / Dirección de Obras Municipales (DOM)";"Oficina de Emergencia Municipal";"Ministerio de Obras Públicas (Vialidad), SENAPRED, GORE RM, empresas de servicios básicos (ej. CGE)";"Plan Comunal para la Reducción del Riesgo de Desastres (PCRRD), Plan Sectorial de Adaptación de Infraestructura";"Incorporación de la variable de ""riesgo climático"" en el Plan de Inversiones en Infraestructura de Movilidad y Espacio Público (PIIMEP) y PLADECO.";"Sistemas de Información Geográfica (SIG), uso de drones para inspección de puentes y quebradas, profesionales topógrafos e ingenieros civiles.";"Gran parte de las vías críticas son rutas enroladas bajo tuición del MOP, lo que limita la capacidad de intervención directa del municipio; escasez de personal para monitoreo continuo.";"Presupuesto Municipal (Horas Hombre), Fondo Nacional de Desarrollo Regional (FNDR), Asistencia técnica SUBDERE.";"El catastro identificará rutas de evacuación críticas para localidades rurales aisladas, priorizando el mantenimiento de puentes que aseguren el traslado seguro de personas mayores, gestantes y niños en emergencias.";"A1. Levantamiento topográfico y digitalización SIG. A2. Priorización de puntos críticos y mesa de trabajo con MOP/Vialidad. A3. Postulación de cartera de proyectos preventivos.";"Porcentaje de infraestructura crítica evaluada";"100% de la infraestructura crítica vial y de servicios básicos catastrada y con evaluación de vulnerabilidad concluida al año 2028.";
"35";"Alhue";"A-22";;"Adaptación";"Infraestructura crítica";"Refuerzo estructural y resguardo de Sistemas Sanitarios Rurales (SSR)";"OE5. Asegurar la continuidad de los servicios esenciales y salvaguardar la vida humana mediante el monitoreo, protección y refuerzo resiliente de la infraestructura comunal (vial, sanitaria, hídrica y de emergencia).";"Ejecución de obras de protección (cortafuegos, soterramiento) y refuerzo estructural en la infraestructura de los SSR (ex APR) frente a sequías e incendios. Asegura fuentes de respaldo y redes de emergencia para garantizar el suministro ininterrumpido de agua potable rural.";"(IO) Infraestructura y Obras Físicas";"Rural (Localidades con abastecimiento autónomo)";"2027";"2030";"Dirección de Obras Municipales (DOM)";"SECPLA, Oficina de Medio Ambiente / DIDECO (Organizaciones Comunitarias)";"Dirección de Obras Hidráulicas (DOH - MOP), GORE RM, Comités y Cooperativas de SSR locales";"Estrategia Hídrica Local (EHL) de Alhué, Ley de Servicios Sanitarios Rurales (N° 20.998)";"Decretos municipales de servidumbre o comodato que faciliten la rápida intervención o ampliación de las zonas de protección de pozos.";"Estanques de acumulación de material ignífugo, tuberías de HDPE soterradas, bombas de extracción de respaldo, construcción de cortafuegos perimetrales.";"Depleción estructural de las napas subterráneas por la megasequía que inutilice las obras de infraestructura; demoras en la regularización de terrenos privados donde se emplazan los pozos.";"DOH (Programa de Agua Potable Rural), Programa de Mejoramiento de Barrios (PMB - SUBDERE), FNDR.";"Los cortes de suministro de agua impactan directamente en el aumento del trabajo doméstico y de cuidado no remunerado, históricamente feminizado. Asegurar la resiliencia del APR alivia esta carga en las mujeres rurales.";"A1. Diagnóstico de vulnerabilidad estructural en los comités SSR. A2. Diseño de ingeniería de refuerzo y protección contra incendios. A3. Postulación a fondos DOH/PMB. A4. Ejecución y recepción de obras.";"Sistemas Sanitarios Rurales con obras de resiliencia ejecutadas";"Al menos 70% de los Sistemas Sanitarios Rurales de Alhué cuentan con infraestructura reforzada y autonomía frente a emergencias climáticas al año 2030.";
"36";"Alhue";"A-23";;"Adaptación";"Infraestructura crítica";"Modernización y equipamiento de centros operativos de emergencia";"OE5. Asegurar la continuidad de los servicios esenciales y salvaguardar la vida humana mediante el monitoreo, protección y refuerzo resiliente de la infraestructura comunal (vial, sanitaria, hídrica y de emergencia).";"Mejoramiento de la infraestructura física, capacidad logística y dotación tecnológica de los cuarteles de Bomberos y recintos de Carabineros de Alhué. Asegura una primera respuesta rápida, segura y sostenida frente a la propagación de incendios forestales, aluviones y cortes de ruta.";"(IO) Infraestructura y Obras Físicas / (FC) Fortalecimiento de capacidades";"Comunal";"2028";"2030";"SECPLA/ DOM";"Oficina de Emergencia Municipal / Administración Municipal";"Cuerpo de Bomberos de Alhué, Carabineros de Chile, SENAPRED, GORE RM";"Plan Comunal de Emergencias, Política Nacional para la Reducción del Riesgo de Desastres 2020-2030";"Actualización del Plan Anual de Inversiones Municipal para priorizar el cofinanciamiento de equipamiento de primera respuesta.";"Sistemas de radiocomunicaciones redundantes (VHF/UHF), vehículos 4x4 forestales, piscinas de acumulación rápida de agua, Equipos de Protección Personal (EPP) normados.";"Altos costos de los carros bomba e insumos especializados; largos procesos burocráticos para obtener Recomendación Satisfactoria (RS) en el Sistema Nacional de Inversiones (MIDESO).";"Fondo Nacional de Desarrollo Regional (FNDR - Circular 33), Junta Nacional de Cuerpos de Bomberos, Subvenciones municipales.";"Los proyectos de remodelación de infraestructura en cuarteles incluirán obligatoriamente acomodaciones equitativas (baños y dormitorios segregados), fomentando y facilitando la integración de mujeres bomberas y rescatistas en la comuna.";"A1. Levantamiento de brechas de infraestructura y equipamiento con Bomberos/Carabineros. A2. Formulación de proyectos y postulación a FNDR. A3. Adjudicación, compra de equipamiento y ejecución de remodelaciones.";"Cuarteles de respuesta de emergencia modernizados";"El 100% de los cuarteles de Bomberos locales y puntos de control policial logran ser modernizados y equipados para soportar temporadas críticas de emergencias climáticas al 20230";
"37";"Alhue";"A-24";;"Adaptación";"Infraestructura crítica";"Piloto y gestión externa de respaldo energético continuo en salud y educación";"OE5. Asegurar la continuidad de los servicios esenciales y salvaguardar la vida humana mediante el monitoreo, protección y refuerzo resiliente de la infraestructura comunal (vial, sanitaria, hídrica y de emergencia).";"Formulación de proyectos para dotar de soporte energético emergente (generadores híbridos, fomentando el uso de sistemas fotovoltaicos) a CESFAM, postas y escuelas. Debido a restricciones presupuestarias municipales a corto plazo, el enfoque inicial será el diseño y apalancamiento de fondos 100% externos, garantizando la operatividad de albergues y centros vitales ante apagones.";"(IT) Innovación Tecnológica / (IO) Infraestructura y Obras Físicas";"Comunal";"2028 (Fase de auditorías y formulación a fondos)";"2030 (Ejecución piloto)";"SECPLA/ DOM";"Departamento de Salud Municipal / DAEM";"Ministerio de Energía, Agencia de Sostenibilidad Energética (Agencia SE), GORE RM, MINSAL";"Plan Sectorial de Mitigación y Adaptación del Sector Energía, Estrategia Energética Local (EEL) de Alhué, Plan Comunal de Salud";"Inclusión formal de requerimientos de autonomía energética en los próximos Planes Anuales de Desarrollo Educativo Municipal (PADEM) y Planes de Salud Comunal.";"Paneles fotovoltaicos (sistemas híbridos on-grid/off-grid con bancos de baterías), grupos electrógenos insonorizados de encendido automático, inversores, certificación SEC TE-4.";"Alta inversión de capital inicial (CAPEX) requerida, lo que justifica la búsqueda de fondos externos; necesidad de capacidad técnica local especializada para el mantenimiento de baterías y generadores a largo plazo.";"Fondo de Acceso a la Energía (FAE - MinEnergía), Concurso Comunidad Energética, FNDR, Fondos de Infraestructura MINSAL.";"Mantener la operatividad del CESFAM y postas resguarda la cadena de frío de vacunas infantiles e insumos críticos, y la habilitación de escuelas como albergues iluminados previene vulneraciones a la seguridad personal de mujeres y niños desplazados durante temporales o incendios.";"A1. Realizar auditorías de carga eléctrica crítica en CESFAM y escuelas seleccionadas. A2. Diseñar la ingeniería de detalle y postular a fondos MIDESO/FAE. A3. Adjudicación, ejecución y puesta en marcha del piloto sin cofinanciamiento municipal directo.";"Proyectos de respaldo energético formulados y/o ejecutados";"Obtener diseño y financiamiento externo para el 100% de los centros críticos (salud) al 2029, logrando la implementación física de al menos un (1) piloto funcional (ej. en el CESFAM principal) con autonomía comprobable al año 2030.";
"38";"Alhue";"A-25";;"Adaptación";"Salud";"Capacitación epidemiológica y control de enfermedades zoonóticas y vectoriales";"OE6. Disminuir los riesgos físicos y psicosociales derivados de los impactos climáticos, fortaleciendo la vigilancia epidemiológica frente a nuevas zoonosis y capacitando a la comunidad y a la red asistencial para una respuesta temprana.";"Facilitar y garantizar el cumplimiento de las capacitaciones obligatorias del MINSAL para el personal de salud sobre enfermedades vectoriales (ej. dengue, hanta, chagas) exacerbadas por el cambio climático. En paralelo, el municipio adoptará una fuerte labor de difusión y sensibilización comunitaria para la prevención e identificación temprana.";"(FC) Fortalecimiento de Capacidades / (SAM) Sistemas de Alerta y Monitoreo";"Comunal";"2026";"2030";"Departamento de Salud Municipal";"Oficina de Medio Ambiente (Zoonosis), DIDECO";"MINSAL, SEREMI de Salud RM, SAG";"PSA Salud (Medida: Fortalecimiento de la capacidad de respuesta frente a vectores), Reglamento Sanitario Internacional";"Actualización de la Ordenanza Municipal de Zoonosis y Tenencia Responsable.";"Plataformas digitales de capacitación del MINSAL, insumos para toma de muestras en el CESFAM, material de difusión comunitaria.";"Sobrecarga laboral del personal de atención primaria (APS) que dificulta la asistencia a capacitaciones; baja percepción de riesgo en la comunidad frente a vectores ""nuevos"" (como el Aedes aegypti).";"Presupuesto de capacitación MINSAL, fondos municipales.";"Capacitar a las mujeres jefas de hogar y dirigentas vecinales, quienes históricamente gestionan el saneamiento intradomiciliario, convirtiéndolas en monitoras clave para evitar aguas estancadas (criaderos de mosquitos).";"A1. Asegurar la inscripción y participación del personal en cursos MINSAL. A2. Elaborar cápsulas radiales y talleres comunitarios sobre desmalezado y eliminación de aguas estancadas. A3. Reporte oportuno de casos sospechosos a la SEREMI.";"Funcionarios capacitados y campañas de sensibilización vectorial.";"Lograr que el 100% del personal clínico estratégico reciba actualización epidemiológica según norma MINSAL, y ejecutar al menos 3 talleres preventivos comunitarios anuales al 2030.";
"39";"Alhue";"A-26";;"Adaptación";"Salud";"Estructuración y fortalecimiento del programa de asistencia psicosocial ante emergencias y desastres";"OE6. Disminuir los riesgos físicos y psicosociales derivados de los impactos climáticos, fortaleciendo la vigilancia epidemiológica frente a nuevas zoonosis y capacitando a la comunidad y a la red asistencial para una respuesta temprana.";"Estructuración formal, mantención y fortalecimiento de un programa de contención y acompañamiento psicológico para emergencias y desastres en general. Abarca el antes, durante y después del evento, asegurando la actualización constante de información, la habilitación de atención en línea (telesalud/telemedicina) para zonas aisladas o de riesgo, y la difusión de material psicoeducativo hacia la población para fomentar la resiliencia mental comunitaria.";"(PP) Políticas, planificación y gobernanza / (FC) Fortalecimiento de Capacidades / (IT) Innovación Tecnológica";"Comunal";"2027";"2028 (Formulación del protocolo e inicio de atenciones online), activo y continuo hasta 2030.";"Departamento de Salud Municipal (Equipo de Salud Mental del CESFAM)";"Oficina de Emergencia, DIDECO, Oficina de Comunicaciones";"Mesa Técnica Intersectorial de Salud Mental en GRD (MINSAL - SENAPRED), Servicio de Salud Metropolitano";"Plan Comunal de Emergencia, Ley 21.364 (SENAPRED), Plan Sectorial de Adaptación de Salud (Medida N°8 de prestaciones en línea)";"Inserción de un ""Anexo Psicosocial"" vinculante dentro del Plan Comunal para la Reducción del Riesgo de Desastres (PCRRD) y el Plan de Salud Comunal.";"Plataforma digital segura para atención psicológica online (videollamadas/líneas telefónicas exclusivas), repositorio web con información psicoeducativa actualizada, vehículos para despliegue en terreno, psicólogos y trabajadores sociales.";"Brecha de conectividad digital en zonas rurales de Alhué que dificulte la atención online; estigmatización existente en torno a la solicitud de apoyo en salud mental.";"Presupuesto Municipal de Salud (Cápita), reasignación de horas de programas de salud mental del Servicio de Salud Metropolitano.";"Las mujeres, niños/as y personas mayores suelen presentar mayores índices de vulnerabilidad psicológica tras la pérdida de viviendas o medios de subsistencia rural (ej. pérdida de cultivos/animales). La atención (online y presencial) priorizará la contención familiar y evitará el traslado físico innecesario de personas con movilidad reducida.";"A1. Redactar el protocolo oficial de acción psicosocial dividiendo roles para el antes (preparación), durante (contención temprana) y después (seguimiento de trauma). A2. Diseñar, actualizar periódicamente y difundir material psicoeducativo en redes municipales. A3. Habilitar y promover la plataforma de atención psicosocial online/telefónica. A4. Despliegue de los equipos en terreno y/o activación de atenciones virtuales ante la ocurrencia del desastre.";"Protocolo psicosocial estructurado y atenciones (presenciales/online) realizadas.";"Contar con 1 protocolo oficial de asistencia psicosocial estructurado para todas las fases del desastre y habilitar el 100% de la capacidad de atención de salud mental en modalidad online/telefónica para emergencias al año 2028.";
"40";"Alhue";"A-27";;"Adaptación";"Salud";"Promoción de alimentación sostenible y jardines comunitarios saludables (Fase 2).";"OE6. Disminuir los riesgos físicos y psicosociales derivados de los impactos climáticos, fortaleciendo la vigilancia epidemiológica frente a nuevas zoonosis y capacitando a la comunidad y a la red asistencial para una respuesta temprana.";"Fomento de huertos, jardines comunitarios y programas de educación en alimentación sostenible para reducir la vulnerabilidad alimentaria y promover estilos de vida saludables. Se ejecutará como una segunda etapa, estrictamente asociada a la habilitación previa de proyectos de reutilización de aguas grises o captación de aguas lluvias (Medida A-04) para garantizar su viabilidad hídrica.";"(BP) Buenas Prácticas / (FC) Fortalecimiento de Capacidades";"Comunal";"2028";"2030 (Condicionado a la fase 1 de captación de aguas)";"Departamento de Salud (Programa Promoción de Salud), DIDECO (PRODESAL)";"Oficina de Medio Ambiente, DIDECO";"FOSIS (Programa Autoconsumo), INDAP, INTA, Establecimientos educacionales.";"PSA Salud (Medida: Promoción de la alimentación saludable y sostenible), Guías Alimentarias para Chile, Plan Comunal de Promoción de la Salud.";"Focalización de recursos del programa de ""Promoción de Salud"" municipal hacia la mantención de huertos comunitarios e intervenciones en escuelas.";"Conexión a sistemas de riego desde estanques de aguas grises (A-04), semillas, sustrato, herramientas agrícolas menores, nutricionistas y agrónomos (PRODESAL).";"Fracaso de los huertos por falta de agua si no se sincroniza correctamente con la fase 1; abandono de los jardines comunitarios por falta de compromiso vecinal a mediano plazo.";"Fondo de Intervenciones Locales (Promoción MINSAL), FPA (Fondo de Protección Ambiental), FOSIS.";"Empoderar a grupos de mujeres (tradicionalmente encargadas de las huertas de traspatio) proporcionándoles semillas e insumos que fortalezcan la soberanía alimentaria de sus familias y generen redes de apoyo comunitario.";"A1. Identificar las juntas de vecinos o postas que ya cuentan con reciclaje de agua (Fase 1). A2. Diseño y construcción del huerto piloto comunitario. A3. Talleres de cocina saludable y cultivo con nutricionistas y agrónomos.";"Huertos comunitarios habilitados con agua reutilizada y talleres de alimentación.";"Habilitar al menos 3 huertos comunitarios sostenibles (conectados a sistemas de aguas grises/lluvias) y ejecutar un programa anual de educación en alimentación sostenible al 2030.";
"41";"Alhue";"MX-01";;"Mixto";"Transversal";"Adhesión institucional y reporte continuo en el Programa HuellaChile para certificación de emisiones";"OE1. Institucionalizar la gobernanza climática municipal en Alhué para proteger ecosistemas, impulsar la descarbonización y el desarrollo local.";"Formalización de la inscripción municipal en la plataforma HuellaChile del Ministerio del Medio Ambiente. Permite cuantificar, reportar y verificar anualmente la huella de carbono corporativa. Incluye el diseño de planes de reducción internos para avanzar en la obtención de los sellos de cuantificación, reducción y neutralidad institucional al 2030.";"(SAM) Sistemas de Alerta y Monitoreo / (PP) Políticas, planificación y gobernanza";"Comunal (Institucional Municipal)";"2026";"2030";"Oficina de Medio Ambiente";"Secretaría Comunal de Planificación (SECPLA), Dirección de Administración y Finanzas (DAF)";"Ministerio del Medio Ambiente (Programa HuellaChile)";"Ley Marco de Cambio Climático, Estrategia Climática de Largo Plazo (Meta de adhesión municipal a HuellaChile), Certificación SCAM";"Decreto alcaldicio que designe responsables técnicos para el levantamiento de datos anuales del inventario corporativo.";"Profesionales capacitados en cuantificación de GEI, uso de la plataforma digital HuellaChile.";"Dispersión de la información de compras y facturas dentro del municipio, lo que dificulta el cálculo exacto del inventario el primer año.";"Presupuesto Municipal (Gestión interna sin costo de plataforma, solo Horas Hombre).";"Conformar el equipo de cuantificación de emisiones municipal asegurando paridad de género, fomentando el liderazgo femenino en la gestión climática técnica.";"A1. Inscripción oficial en plataforma. A2. Recopilación de datos de consumo. A3. Cálculo y verificación del primer inventario. A4. Elaboración de plan de reducción.";"Sellos HuellaChile obtenidos.";"Obtener el sello de ""Cuantificación"" en 2028 y alcanzar el sello de ""Reducción"" al año 2030.";
"42";"Alhue";"MX-02";;"Mixto";"Transversal";"Incorporación de criterios de sustentabilidad y ciclo de vida en adquisiciones municipales";"OE1. Institucionalizar la gobernanza climática municipal en Alhué para proteger ecosistemas, impulsar la descarbonización y el desarrollo local.";"Inserción de criterios obligatorios de eficiencia energética, ahorro hídrico (compras azules) y economía circular en el nuevo ""Manual de Procedimiento de Adquisiciones"". Al ser las compras dependientes de los requerimientos de cada unidad, la medida responsabiliza a cada dirección solicitante de aplicar los criterios climáticos antes de cursar la compra.";"(PP) Políticas, planificación y gobernanza / (BP) Buenas Prácticas";"Comunal (Institucional Municipal)";"2026";"2027 (Elaboración y marcha blanca del manual)";"Dirección de Administración y Finanzas (Unidad de Adquisiciones) / Administración Municipal";"Todas las unidades requirentes del municipio, SECPLA, Asesoría Jurídica";"Dirección ChileCompra (Mercado Público), Ministerio del Medio Ambiente";"Política Nacional de Compras Públicas Sustentables, Certificación SCAM Nivel Excelencia";"Aprobación vía Decreto Alcaldicio del nuevo ""Manual de Procedimiento de Adquisiciones"" incluyendo el anexo de compras verdes.";"Capacitación legal a los formuladores de bases de licitación, bases tipo estandarizadas con ponderación de puntaje por sustentabilidad.";"Los productos sustentables suelen tener un costo inicial (CAPEX) más alto, lo que puede generar resistencia en unidades con presupuesto ajustado, ignorando el ahorro a lo largo del ciclo de vida.";"Presupuesto municipal regular (redireccionamiento del gasto existente hacia alternativas limpias).";"Otorgar puntaje adicional en las bases de licitación a proveedores locales que posean el ""Sello Empresa Mujer"" en Mercado Público, fomentando la economía circular femenina en la comuna.";"A1. Redacción del capítulo de sustentabilidad en el nuevo manual. A2. Aprobación y publicación del manual. A3. Capacitación a todas las jefaturas requirentes. A4. Inclusión de los criterios en al menos 3 licitaciones grandes.";"Licitaciones públicas con criterios de sustentabilidad";"Lograr que el 100% de las unidades requirentes apliquen el manual y que al menos el 50% de las compras públicas mayores incluyan criterios de economía circular o eficiencia al 2030.";
"43";"Alhue";"MX-03";;"Mixto";"Transversal";"Actualización climática de la Ordenanza Apícola y certificación sustentable";"OE1. Institucionalizar la gobernanza climática municipal en Alhué para proteger ecosistemas, impulsar la descarbonización y el desarrollo local.";"Modificación de la ordenanza vigente para proteger la flora nativa frente a la tala y la parcelación abusiva (mitigación). La normativa actualizada regulará la carga de colmenas y apoyará la certificación orgánica de cooperativas apícolas locales, asegurando su resiliencia comercial ante amenazas como la sequía.";"(PP) Políticas, planificación y gobernanza";"Rural / Áreas de conservación";"2026";"2028";"Oficina de Medio Ambiente";"PRODESAL, ODEL, Asesoría Jurídica";"SAG, Cooperativas Apícolas de Alhué (ej. Asoc. de Apicultores con Conciencia)";"Ley Apícola N° 21.489, Plan de Gestión Paisaje de Conservación";"Modificación y promulgación en el Concejo Municipal de la Nueva Ordenanza Apícola con criterios de Cambio Climático.";"Asesoría jurídica y ambiental, sellos de certificación orgánica/Rainforest Alliance para la miel local.";"Resistencia de apicultores foráneos (trashumantes) a las nuevas regulaciones de ingreso de colmenas; alta dificultad para fiscalizar la tala ilegal de flora melífera en predios privados grandes.";"FIA (Fundación para la Innovación Agraria), Presupuesto municipal.";"Proteger la actividad apícola resguarda directamente una economía de pequeña escala (agricultura familiar) que es altamente compatible con el trabajo de cuidado y ruralidad femenina.";"A1. Mesa de trabajo con PRODESAL y cooperativas apícolas. A2. Redacción técnica y jurídica de la modificación. A3. Aprobación en Concejo y publicación. A4. Postulación de apicultores a certificación orgánica.";"Ordenanza actualizada y productores certificados";"Contar con la ordenanza apícola climatizada vigente al año 2027 y lograr que al menos 1 cooperativa apícola local obtenga certificación sustentable al 2030.";
"44";"Alhue";"MX-04";;"Mixto";"Transversal";"Modelos cooperativos para el manejo ganadero sustentable en laderas";"OE1. Institucionalizar la gobernanza climática municipal en Alhué para proteger ecosistemas, impulsar la descarbonización y el desarrollo local.";"Capacitación y articulación de arrieros locales en técnicas de pastoreo sustentable, holístico y silvopastoril. Organizar el pastoreo previene la sobrecarga animal extensiva, frena la erosión del suelo, facilita la regeneración natural de la cubierta vegetal e incrementa la infiltración hídrica.";"(FC) Fortalecimiento de capacidades / (BP) Buenas prácticas";"Rural (Laderas del Cordón de Cantillana / Paisaje de Conservación)";"2028";"2030";"PRODESAL / ODEL";"Oficina de Medio Ambiente";"ONG Kintu, SAG, INDAP, Agrupaciones de arrieros y ganaderos de Alhué.";"Plan Sectorial de Adaptación Silvoagropecuario, Estrategia Nacional de Desarrollo Rural.";"Incorporación de pautas de carga animal máxima en los planes de manejo apoyados por la ODEL.";"Cercos móviles eléctricos, abrevaderos estratégicos para guiar al ganado, molinos para procesamiento de vaina de espino (quirinca) como forraje suplementario, veterinarios y agrónomos.";"Cultura arriera fuertemente arraigada a la costumbre de dejar ""animales sueltos"" sin límites, generando resistencia inicial a modelos de pastoreo rotativo o delimitado.";"INDAP (Programa Praderas y Praderas Suplementarias), FIA, FNDR.";"Proteger los suelos de la erosión en las cuencas altas asegura la recarga de los pozos APR de las comunidades más vulnerables ubicadas en el fondo del valle.";"A1. Mesa de trabajo y catastro con arrieros. A2. Diseño de plan de pastoreo rotativo. A3. Entrega de insumos (cercos/molinos) a la cooperativa. A4. Capacitación y monitoreo de la regeneración del suelo.";"Ganaderos capacitados y superficie bajo manejo holístico";"Conformar 1 modelo asociativo o cooperativa ganadera con al menos 15 arrieros implementando manejo sustentable en 100 hectáreas de ladera al 2030.";
"45";"Alhue";"MX-05";;"Mixto";"Transversal";"Campaña de posicionamiento ecoturístico ""Alhué"" y circuitos de bajas emisiones desde Santiago";"OE1. Institucionalizar la gobernanza climática municipal en Alhué para proteger ecosistemas, impulsar la descarbonización y el desarrollo local.";"Campaña de imagen que posiciona a Alhué como un ""Destino Regenerativo"". A través de alianzas público-privadas, se diseñarán circuitos e infraestructura para tours (asociado a medida A- 09) desde Santiago utilizando electromovilidad. Esto descarboniza el traslado turístico, conecta los Santuarios de la Naturaleza y provee medios de vida alternativos frente a la sequía.";"(F) Financiamiento e instrumentos económicos / (PP) Planificación";"Comunal / Intercomunal (Conexión Santiago - Alhué)";"2029";"2030";"Oficina de Turismo (DIDECO)";"SECPLA, Oficina de Medio Ambiente, Cultura";"SERNATUR, Cámara de Turismo y Comercio de Alhué, Agencia de Sostenibilidad Energética, Tour Operadores de Santiago.";"Plan Sectorial de Adaptación y Mitigación de Turismo, Plan de Desarrollo Turístico (PLADETUR).";"Aprobación del PLADETUR con foco exclusivo en Turismo de Intereses Especiales (TIE) de Bajas Emisiones.";"Red de electrolineras o cargadores eléctricos de acceso público (mencionados en la Estrategia Energética Local), material de marketing digital de alto estándar, guías locales bilingües.";"Infraestructura vial deficiente en los accesos (Cuesta Alhué); baja oferta actual de operadores con flota eléctrica capaz de realizar el recorrido sin recargas intermedias.";"Fondo Nacional de Desarrollo Regional (FNDR Turismo), SERCOTEC, Inversión Privada.";"La cadena de valor del turismo rural (gastronomía, artesanía, hospedaje) está altamente feminizada. Posicionar la comuna aumenta directamente los ingresos de agrupaciones de mujeres emprendedoras.";"A1. Diseño de la marca ""Alhué Regenerativo"". A2. Firma de alianzas con operadores de transporte limpio en Santiago. A3. Lanzamiento de la campaña de marketing. A4. Medición de huella de carbono de los turistas.";"Alianzas de transporte limpio y visitantes al ecoturismo local";"Establecer 2 circuitos turísticos oficiales operando 100% con electromovilidad desde Santiago y aumentar en un 20% el flujo de ecoturismo de intereses especiales al año 2030.";
"46";"Calera de Tango";"1.1.1";;"Medios de Implementación";"1.1. Herramientas municipales para la acción climática";"1.1.1. Insertar en el PLADECO la temática de cambio climático";"1. Potenciar las capacidades municipales para la adaptación y mitigación ante el cambio climático";"Incorporar dentro de las líneas del PLADECO el trabajo y planificación elaborada en el presente PACCC.";;;;"2025";"SECPLA";"SECPLA, Unidad de Medio Ambiente";"Consultora externa";"PACCC, PLADECO";;"No aplica";;"Presupuesto municipal.";;;"PLADECO actualizado con temática de cambio climático incluida";;
"47";"Calera de Tango";"1.1.2";;"Medios de Implementación";"1.1. Herramientas municipales para la acción climática";"1.1.2. Mejorar y actualizar el Plan de Emergencia";"1. Potenciar las capacidades municipales para la adaptación y mitigación ante el cambio climático";"Actualizar el Plan de Emergencia existente, incluyendo dentro de su contenido la variable de cambio climático para una mejor gestión y preparación ante el riesgo de desastres.";;;;"2025";"Unidad de Emergencia";"Dirección de Gestión del Riesgo de Desastres, Dirección de Aseo, Ornato y Medio Ambiente, Bomberos, Concejo Municipal";"SENAPRED";"Plan de Emergencia comunal, PLADECO";;"SIG";;"Presupuesto municipal, PREMIR";;;"Plan de emergencia actualizado";;
"48";"Calera de Tango";"1.1.3";;"Medios de Implementación";"1.1. Herramientas municipales para la acción climática";"1.1.3. Incluir criterios de cambio climático en instrumentos de gestión municipal";"1. Potenciar las capacidades municipales para la adaptación y mitigación ante el cambio climático";"Incorporar la variable de cambio climático en la Ordenanza Ambiental municipal y en las licitaciones de compras de productos y servicios.";;;;"2026";"Dirección de Aseo, Ornato y Medio Ambiente, Dirección de Administración y Finanzas";"Dirección de Administración y Finanzas, Dirección de Aseo, Ornato y Medio Ambiente, Direcciones municipales, Encargado Jurídico, Concejo Municipal";;"Ordenanza municipal de protección al medio ambiente, bases de licitaciones actuales";;"No aplica";;"Presupuesto municipal";;;"N° de criterios de cambio climático incluidos en licitaciones; Ordenanza de protección ambiental incluye cambio climático (mediante nuevo título o al menos un artículo dentro de título)";;
"49";"Calera de Tango";"1.2.1";;"Medios de Implementación";"1.2. Capacitación funcionaria";"1.2.1. Programa de capacitación funcionaria en gestión de riesgo de desastres y cambio climático a nivel local";"1. Potenciar las capacidades municipales para la adaptación y mitigación ante el cambio climático";"Potenciar las competencias internas del municipio para contar con funcionarios informados y empoderados en temáticas sobre cambio climático.";;;;"2026";"Dirección de Aseo, Ornato y Medio Ambiente";"Dirección de Aseo, Ornato y Medio Ambiente";"Academia, centros de investigación, ONGs afines; Seremi de Medio Ambiente, INDAP, CONAF, Seremi de energía, SENAPRED";"PLADECO, PMG, SCAM";;"No aplica";;"Presupuesto municipal, convenios con centros de estudios";;;"N° funcionarios capacitados; N° de talleres y charlas realizadas";;
"50";"Calera de Tango";"1.2.2";;"Medios de Implementación";"1.2. Capacitación funcionaria";"1.2.2. Ciclo de charlas sobre adaptación y mitigación del cambio climático a nivel local";"1. Potenciar las capacidades municipales para la adaptación y mitigación ante el cambio climático";"Desarrollar un ciclo de talleres, charlas y conversatorios para funcionarios municipales respecto a acciones relacionadas con al menos las nueve áreas temáticas propuestas por la DAOMA.";;;;"2026";"Dirección de Aseo, Ornato y Medio Ambiente";"Dirección de Aseo, Ornato y Medio Ambiente";"Academia, centros de investigación, ONGs afines; Seremi de Medio Ambiente, INDAP, CONAF, Seremi de energía, SENAPRED";"PLADECO, PMG, SCAM";;"No aplica";;"Presupuesto municipal, convenios con centros de estudios";;;"N° funcionarios capacitados; N° de talleres y charlas realizadas";;
"51";"Calera de Tango";"2.1.1";;"Medios de Implementación";"2.1. Educación formal";"2.1.1. Incluir al Plan de Educación de los colegios el cambio climático";"2. Educar a la comunidad para una participación consciente, activa y coordinada ante los desafíos que plantea el cambio climático a nivel local";"Establecer dentro del Plan Anual de Educación de los colegios, talleres extracurriculares que refuercen los conocimientos de los alumnos respecto al cambio climático y sus efectos a nivel local.";;;;"2026";"Dirección de Aseo, Ornato y Medio Ambiente";"Dirección de Aseo, Ornato y Medio Ambiente; Unidades Técnicas Pedagógicas (UTP) de los colegios; Docentes";"Servicio local de educación pública (SLEP Del Pino)";"Malla curricular de los colegios";;"No aplica";;"SLEP El Pino";;;"Plan de educación de los colegios incluye materias extracurriculares sobre cambio climático; N° de docentes capacitados en la temática";;
"52";"Calera de Tango";"2.1.2";;"Medios de Implementación";"2.1. Educación formal";"2.1.2. Ciclo de charlas a Unidades Operativas Comunales";"2. Educar a la comunidad para una participación consciente, activa y coordinada ante los desafíos que plantea el cambio climático a nivel local";"Educar a pequeños productores agrícolas, campesinos y sus familias, respecto a los impactos que el cambio climático tiene sobre sus medios de vida y desarrollo local, considerando el alto porcentaje de actividad agrícola de la comuna, con apoyo del programa PRODESAL.";;;;"2027";"Encargado PRODESAL";"Encargado PRODESAL del Departamento de Fomento Productivo; Dirección de Aseo, Ornato y Medio Ambiente, CONAF; Empresas y productores locales";"Agencia de Sustentabilidad y Cambio Climático";"No aplica";;"No aplica";;"Presupuesto municipal, PRODESAL";;;"N° Unidades Operativas Comunales capacitadas; N° de charlas realizadas";;
"53";"Calera de Tango";"2.2.1";;"Medios de Implementación";"2.2. Concientización y difusión del cambio climático";"2.2.1. Campañas de difusión y concientización sobre cambio climático y realidad local";"2. Educar a la comunidad para una participación consciente, activa y coordinada ante los desafíos que plantea el cambio climático a nivel local";"Realizar una campaña anual a través de diferentes medios de comunicación local (página web, radio, boletines, afiches, puntos informativos en colegios, negocios, etc.) respecto a: qué es el cambio climático, cómo afecta a nivel local, qué implicancias tiene a futuro y qué acciones puede tomar la comunidad para aminorar sus impactos.";;;;"2026";"Dirección de Aseo, Ornato y Medio Ambiente; Encargado de Comunicaciones municipal";"Dirección de Aseo, Ornato y Medio Ambiente; Encargado de Comunicaciones municipal; Privados";;"PLADECO, PACCC";;"Medios de comunicación definidos para la medida";;"Presupuesto municipal";;;"N° medios de difusión utilizados; Cumplimiento de las campañas anuales de difusión";;
"54";"Calera de Tango";"2.2.2";;"Medios de Implementación";"2.2. Concientización y difusión del cambio climático";"2.2.2. Fomentar la participación ciudadana";"2. Educar a la comunidad para una participación consciente, activa y coordinada ante los desafíos que plantea el cambio climático a nivel local";"Programar anualmente al menos dos sesiones del CAC para discutir y planificar acciones comunitarias que apunten a la adaptación y mitigación del cambio climático, con el objeto de fortalecer los canales establecidos por el SCAM y dar énfasis al mejoramiento de hábitos y conciencia ambiental dentro de los diferentes actores comunales.";;;;"2025; 2026; 2027";"Director DAOMA; Dirección de Aseo, Ornato y Medio Ambiente";"Dirección de Aseo, Ornato y Medio Ambiente; Comité Ambiental Comunal - CAC";;"PACCC, SCAM";;"Dependiente de las medidas y acciones que se planteen en las sesiones programadas del CAC";;"Presupuesto municipal, FPA, RSE, otros aportes";;;"N° talleres realizados; Cumplimiento de programaciones anuales; N° iniciativas surgidas desde el CAC";;
"55";"Calera de Tango";"3.1.1";;"Medios de Implementación";"3.1. Continuidad plan de acción “Pucarás del Maipo”";"3.1.1. Formar monitores para educar sobre ecosistemas locales";"3. Fomentar la recuperación, protección y conservación de los ecosistemas y recursos naturales locales";"Realizar una formación de monitores para educar a la comunidad sobre ecosistemas locales, con especial énfasis en conocimientos sobre el cerro Chena y Lonquén.";;;;"2027";"Dirección de Aseo, Ornato y Medio Ambiente";"Dirección de Aseo, Ornato y Medio Ambiente";;"Plan de acción “Pucarás del Maipo”";;"No aplica";;"Presupuesto municipal, FNDR";;;"N° monitores formados";;
"56";"Calera de Tango";"3.1.2";;"Medios de Implementación";"3.1. Continuidad plan de acción “Pucarás del Maipo”";"3.1.2. Fiscalizar actividades comerciales vinculadas a los ecosistemas locales";"3. Fomentar la recuperación, protección y conservación de los ecosistemas y recursos naturales locales";"Vigilar la recolección, extracción y comercialización de flora autóctona y endémica para detener su reducción.";;;;"2026";"Dirección de Aseo, Ornato y Medio Ambiente - Municipalidad";"Dirección de Aseo, Ornato y Medio Ambiente - Municipalidad; Ciudadania";"PDI; Carabineros; CONAF; SAG";"Plan de acción “Pucarás del Maipo”, Ordenanza Ambiental y de Arbolado Urbano";;"No aplica";;"Presupuesto municipal ̧ postulación a fondos nacionales e internacionales.";;;"N° de fiscalizaciones realizadas";;
"57";"Calera de Tango";"3.2.1";;"Medios de Implementación";"3.2. Asociatividad Pro- Ecosistemas";"3.2.1. Establecer convenios con la academia";"3. Fomentar la recuperación, protección y conservación de los ecosistemas y recursos naturales locales";"Firmar convenios para el desarrollo de estudios sobre ecosistemas locales, para diagnosticar su cantidad y estado de vulnerabilidad.";;;;"2026; 2028";"Dirección de Aseo, Ornato y Medio Ambiente";"Dirección de Aseo, Ornato y Medio Ambiente; Encargado Juridico";"Academias";"No aplica";;"SIG";;"FNDR, RSE (empresas), academias (convenio)";;;"N° convenios firmados; N° estudios realizados";;
"58";"Calera de Tango";"3.2.2";;"Medios de Implementación";"3.2. Asociatividad Pro- Ecosistemas";"3.2.2. Establecer convenios con el sector privado";"3. Fomentar la recuperación, protección y conservación de los ecosistemas y recursos naturales locales";"Generar convenios, donaciones y ejecución de RSE con empresas privadas, para fomentar acciones concretas en pro de la recuperación y conservación de los ecosistemas locales.";;;;"2026; 2028";"Dirección de Aseo, Ornato y Medio Ambiente";"Dirección de Aseo, Ornato y Medio Ambiente; Encargado Juridico";"Empresas privadas (área de comunicaciones, medio ambiente, relaciones públicas u otra)";"No aplica";;"No aplica";;"Financiamiento privado, presupuesto municipal";;;"N° convenios firmados; N° intervenciones realizadas";;
"59";"Calera de Tango";"3.2.3";;"Medios de Implementación";"3.2. Asociatividad Pro- Ecosistemas";"3.2.3. Establecer convenio con Asociación de Canalistas del Maipo (ACM)";"3. Fomentar la recuperación, protección y conservación de los ecosistemas y recursos naturales locales";"Establecer convenios con la ACM para diagnosticar el estado de los canales de la comuna y su operatividad comparativa en el tiempo, con apoyo de la academia y otros actores públicos o privados.";;;;"2028";"ACM; Dirección de Aseo, Ornato y Medio Ambiente";"Dirección de Aseo, Ornato y Medio Ambiente; Encargado Juridico";"Asociación de Canalistas del Maipo";"No aplica";;"Estaciones de medición del estado de los canales, SIG";;"Financiamiento privado (ACM u otro), presupuesto municipal, FNDR";;;"N° estudios de monitoreo y seguimiento a canales realizados; N° comparaciones temporales realizadas";;
"60";"Nunoa";"M-28";;"Adaptación";"FORTALECIMIENTO DE LA GOBERNANZA CLIMÁTICA MUNICIPAL E INCREMENTO DE INSTANCIAS DE PARTICIPACIÓN CIUDADANA EN LOS PROCESOS DE CAMBIO:";"Programa de actualización de ordenanzas, reglamentos e instrumentos de gestión municipal con participación ciudadana.";"Actualizar de manera participativa, en consonancia con la experiencia cotidiana de las vecinas y vecinos, el cuerpo de herramientas técnicas y jurídicas de las que dispone el municipio para desarrollar sus funciones en materia de gestión Medioambiental, contemplando las últimas actualizaciones de la Ley en la materia.";"Se propone fortalecer y actualizar nuestra normativa comunal conforme a las últimas modificaciones proporcionadas por el ingreso de nuevos cuerpos legales en materia de medioambiente, contemplando la necesidad de adaptar la gestión municipal a los nuevos desafíos que presenta el cambio climático.";;;;"Mediano plazo";;;;;;;;"Presupuesto municipal";;;;;
"61";"Nunoa";"M-29";;"Adaptación";"FORTALECIMIENTO DE LA GOBERNANZA CLIMÁTICA MUNICIPAL E INCREMENTO DE INSTANCIAS DE PARTICIPACIÓN CIUDADANA EN LOS PROCESOS DE CAMBIO:";"Programa de Asambleas Comunales de Medioambiente.";"Institucionalizar la figura anual de una asamblea de medioambiente, en el día del medioambiente, como forma deliberativa de la sociedad civil para proponer, diseñar y articular planes, proyectos, programas y acciones de ejecución conjunta con el municipio en temáticas medioambientales.";"Se pretende estimular la gestión medioambiental desde un sentido de deber ciudadano para con la comuna a través de la apropiación de instancias de trabajo y coordinación vinculantes entre municipio y miembros de la sociedad civil de manera abierta.";;;;"Corto Plazo";;;;;;;;"Presupuesto municipal";;;;;
"62";"Nunoa";"M-30";;"Adaptación";"FORTALECIMIENTO DE LA GOBERNANZA CLIMÁTICA MUNICIPAL E INCREMENTO DE INSTANCIAS DE PARTICIPACIÓN CIUDADANA EN LOS PROCESOS DE CAMBIO:";"Programa de inserción municipal dentro de programas de certificación nacionales e internacionales.";"Incrementar la capacidad municipal para cumplir con estándares nacionales e internacionales en materia de gestión sostenible de recursos.";"Se estimular una transformación interna, a nivel municipal, para adaptar sus componentes estructurales y su orgánica a modelos de gestión sostenible, por medio de la incorporación del municipio en diferentes instancias de certificación y medición como Smart City Chile y WWF entre otros.";;;;"Largo plazo";;;;;;;;"Presupuesto municipal, fuentes de financiamiento externo.";;;;;
"63";"Nunoa";"M-31";;"Adaptación";"FORTALECIMIENTO DE LA GOBERNANZA CLIMÁTICA MUNICIPAL E INCREMENTO DE INSTANCIAS DE PARTICIPACIÓN CIUDADANA EN LOS PROCESOS DE CAMBIO:";"Instalar comités ambientales en las unidades vecinales de la comuna.";"Apoyar en la organización y articulación de una red organizada de actores vecinales, capaces de identificar problemáticas e ideas soluciones, con capacidad para postular a fondos y alinearse a la gestión municipal en materia de medioambiente.";"Se pretende avanzar hacia el fortalecimiento de una red institucional de vecinas y vecinos dentro del todo el territorio con la autonomía necesaria para abordar y solucionar situaciones medioambientales con el apoyo y asesoría de la municipalidad.";;;;"Mediano plazo";;;;;;;;"Presupuesto municipal";;;;;
"64";"Nunoa";"M-32";;"Mitigación";;"Programa de gestión Matriz Hídrica Municipal.";"Conforme a los datos de consumo municipal, tanto de sus dependencias como de sus puntos de riego en áreas verdes, construir un piloto de matriz hídrica para el control del uso del recurso. A fin de disminuir el consumo global municipal de agua.";"Se plantea, establecer un control minucioso del consumo de agua municipal en sus distintos puntos, estableciendo medidas de mitigación para aquellos en donde se detecte sobreconsumo, uso irregular u otra situación que no se alinea al objetivo de utilización sostenible del recurso. Se pretende ampliar esta matriz a colegios municipales y sedes vecinales.";;;;"Corto Plazo";;;;;;;;"Presupuesto municipal y fuentes de financiamiento externo";;;;;
"65";"Nunoa";"M-33";;"Mitigación";;"Programa de reducción municipal de consumo de energías fósiles";"Se busca mejorar la infraestructura municipal por medio de la implementación de una serie de adaptaciones tales como: 1) Instalación de paneles solares en todas sus dependencias. 2) Impermeabilización de oficinas e instalación de mecanismos de calefacción basados en energías renovables. 3) Reducción de flota vehicular con base en consumo de diésel o petróleo y aumento de flota con base en consumo electro o híbrido.";"Se busca reducir directamente la huella de carbono municipal en su gestión cotidiana. Se pretende ampliar esta medida a colegios municipales y sedes vecinales.";;;;"Largo Plazo";;;;;;;;"Presupuesto municipal y fuentes de financiamiento externo.";;;;;
"66";"Nunoa";"M-34";;"Mitigación";;"Programa de Apoyo a la obtención de Energías Renovables";"Se compromete la gestión de convenios con productores sostenibles expertos en energías renovables, para ofrecer facilidades a las vecinas y vecinos en la instalación de paneles fotovoltaicos y otras alternativas de ahorro energético domiciliario, con el fin de estimular el aporte vecinal a la matriz energética comunal.";"Se pretende formar alianzas y convenios con expertos para lograr facilitar la implementación mecanismos de ahorro con base en energías renovables a los vecinos de la comuna. Se pretende ampliar esta matriz a colegios municipales y sedes vecinales.";;;;"Corto Plazo";;;;;;;;"Presupuesto municipal y fuentes de financiamiento externo";;;;;
"67";"Nunoa";"M-35";;"Mitigación";"PLANIFICACIÓN Y GESTIÓN ENERGÉTICA, CON FOCO EN LA ADMINISTRACIÓN EFICIENTE DEL RECURSO HÍDRICO";"Evaluación de Compra de Derechos de Agua para uso y rehabilitación de napas y canales.";"Evaluar acciones que permitan la rehabilitación de cursos de agua y napas comunales.";"Se plantea evaluar la compra de derechos de agua del Canal San Carlos para la articulación de procesos de rehabilitación de cursos de agua y napas dentro de la comuna. Se pretende ampliar esta matriz a colegios municipales y sedes vecinales.";;;;"Largo Plazo";;;;;;;;"Presupuesto municipal y fuentes de financiamiento externo";;;;;
"68";"Nunoa";"M-36";;"Mitigación";"INFRAESTRUCTURA SOSTENIBLE Y CAMBIO CLIMÁTICO";"Programa de implementación y acondicionamiento de Ciclovías comunales";"Se pretende aumentar la posibilidad de uso de medios de transporte no contaminantes a partir de la implementación de nuevas ciclovías y reacondicionamiento de aquellas que se usan en la actualidad";"Se pretende ampliar los km de ciclovía para dotar a la comuna de mayores facilidades para transporte no contaminante.";;;;"Largo Plazo";;;;;;;;"Presupuesto municipal y fuentes de financiamiento externo.";;;;;
"69";"Nunoa";"M-37";;"Mitigación";"INFRAESTRUCTURA SOSTENIBLE Y CAMBIO CLIMÁTICO";"Implementación de transporte comunal gratuito para vecinas y vecinos eléctrico.";"Se incentivar el uso de medios de transporte sin emisiones de co2, con facilidad para que las vecinas y vecinos de la comuna puedan desplazarse sin necesidad del uso de automóvil o locomoción colectiva no adaptada al cambio climático.";"Compra o licitación de flota de vehículos de transporte urbano eléctrico.";;;;"Largo Plazo.";;;;;;;;"Presupuesto municipal y fuentes de financiamiento externo.";;;;;
"70";"Nunoa";"M-38";;"Adaptación";"INFRAESTRUCTURA SOSTENIBLE Y CAMBIO CLIMÁTICO";"Implementación de puntos de recaptación de aguas lluvias a nivel comunal.";"Implementar medidas para la recaptación de aguas lluvias en bien nacional de uso público para aprovechamiento del recurso hídrico, así como la experimentación con la irrigación de canales secos dentro de la comuna, con el fin de reabastecer napas subterráneas.";"Se pretende implementar medidas de reabastecimiento de suelos e instalación de infraestructura destinada a la recaptación de agua. Esta medida contempla el incentivo de pilotos en cedes vecinales y colegios.";;;;"Largo Plazo.";;;;;;;;"Presupuesto municipal y fuentes de financiamiento externo.";;;;;
"71";"Nunoa";"M-39";;"Mitigación";"INFRAESTRUCTURA SOSTENIBLE Y CAMBIO CLIMÁTICO";"Programa de despeje y rehabilitación de infraestructura crítica comunal";"Implementar acciones de detección e intervención de puntos de conflicto entre basura aérea, cámaras de seguridad, red eléctrica y otros servicios y arbolado urbano.";"A partir del diagnóstico municipal proporcionado por seguridad ciudadana, alumbrado público y la ciudadanía, se pretende trabajar en conjunto con empresas de servicios para optimizar la relación entre nuestra infraestructura urbana critica en caso de desastres naturales y nuestro arbolado urbano.";;;;"Corto a Mediano Plazo";;;;;;;;"Presupuesto municipal y fuentes de financiamiento externo.";;;;;
"72";"Nunoa";"M-40";;"Mitigación";"INFRAESTRUCTURA SOSTENIBLE Y CAMBIO CLIMÁTICO";"Mesa comunal de gestión y prevención de desastres.";"Establecer planes comunales acotados a sectores socialmente comprometidos para prevención, control e intervención en caso de desastres naturales.";"A partir del diagnóstico municipal proporcionado por seguridad ciudadana, alumbrado público y la ciudadanía, se pretende trabajar articular una mesa de trabajo con participación ciudadana para la elaboración de Planes, programas y protocolos de intervención y subsanación de condiciones de riesgo en sectores de la comuna comprometidos.";;;;"Corto a Mediano Plazo.";;;;;;;;"Presupuesto municipal y fuentes de financiamiento externo.";;;;;
"73";"Nunoa";"M-41";;"Adaptación";"INCREMENTO Y CONSERVACIÓN DEL PATRIMONIO ARBÓREO, NUESTRAS ÁREAS VERDES Y LA BIODIVERSIDAD EN GENERAL";"Diseño de Plan Director de Arbolado Urbano";"Considerando que la fortaleza comunal para disminuir nuestras emisiones se relaciona directamente con la conservación y el incremento de nuestro patrimonio arbóreo, se plantea como objetivo establecer bases técnicas y alianzas estratégicas con universidades, Estado y otros municipios de la región, para elaborar un plan de arbolado urbano de largo plazo que se oriente a: 1) Incrementar el número de plantaciones anuales, con foco en sectores identificados como zonas de calor. 2) Selección de especies que reúnan los criterios, en términos de maximizar beneficios ecosistémicos con bajo recurso hídrico de mantenimiento, resistencia a la presencia de insectos y otros vectores, entre otros.";"El incremento y la planificación del proceso de incorporación de nuevos individuos, así como su elección, se comprende como una labor altamente técnica y científica, la que debe dialogar a la vez con la experiencia de un hábitat urbano, las más de las veces, poco adaptativo. Por esta razón, se han iniciado procesos de acercamiento a la academia y a la experiencia de otros municipios para rescatar lecciones y articular, en base a la información contenida en el catastro de arbolado un Plan Director que Impulse el incremento del patrimonio arbóreo.";;;;"Largo plazo";;;;;;;;"Presupuesto municipal y fuentes de financiamiento externo.";;;;;
"74";"Nunoa";"M-42";;"Mitigación";"INCREMENTO Y CONSERVACIÓN DEL PATRIMONIO ARBÓREO, NUESTRAS ÁREAS VERDES Y LA BIODIVERSIDAD EN GENERAL";"Creación de un catastro de áreas verdes y zonas de intervención con paisajismo táctico.";"Se pretende diagnosticar el estado de las áreas verdes comunales con criterios de actualización de tecnologías para enfrentar el cambio climático con: 1) Incremento de riego tecnificado. 2) Evaluación de nuevas especies con criterio de bajo requerimiento hídrico. 3) Habilitación de puntos de hidratación. 4) Investigación y desarrollo vecinal de nuevos espacios verdes. 5) Articulación vecinal para creación de jardines sustentables en puntos críticos de desecho de residuos domiciliarios.";"Se pretende avanzar desde un modelo centrado en la mantención del área verde a uno dinámico que incorpora actores desde la sociedad civil en un proceso de investigación, desarrollo y aplicación de nuevas técnicas de creación de estos espacios, así como su uso para soluciones contingente frente a diversas problemáticas sanitarias.";;;;"Largo plazo";;;;;;;;"Presupuesto municipal y fuentes de financiamiento externo.";;;;;
"75";"Nunoa";"M-43";;"Adaptación";"ECONOMÍA CIRCULAR BASADA EN LA GESTIÓN ESTRATÉGICA DE LOS RESIDUOS DOMICILIARIOS";"Crear y disponibilizar un catastro de proveedores sostenibles certificados.";"Estimular y apoyar el desarrollo de redes de proveedores de servicios y bienes acreditados como sostenibles y su identificación por parte de la ciudadanía, a través de alianzas e incentivos por medio de nuestra tarjeta vecino.";"Se pretende estimular el aumento de la exigencia por parte de los consumidores hacia los productores, tomando como eje el carácter sostenible de la producción de sus insumos. Asimismo, se pretende difundir y desmitificar la exclusividad de este tipo de mercados.";;;;"Largo plazo";;;;;;;;"Presupuesto municipal";;;;;
"76";"Nunoa";"M-44";;"Mitigación";"ECONOMÍA CIRCULAR BASADA EN LA GESTIÓN ESTRATÉGICA DE LOS RESIDUOS DOMICILIARIOS";"Impulsar eventos y ferias de emprendimiento verde a nivel comunal";"Estimular y apoyar el desarrollo de emprendimientos sostenibles dentro de la comuna, a través de plataformas de difusión municipal y actividades afines.";"Se pretende estimular un mercado local sostenible de productores, que permita ampliar la oferta de bienes y servicios creados a partir de una perspectiva carbono neutral.";;;;"Largo plazo";;;;;;;;"Presupuesto municipal y fuentes de financiamiento externo.";;;;;
"77";"Nunoa";"M-45";;"Mitigación";"ECONOMÍA CIRCULAR BASADA EN LA GESTIÓN ESTRATÉGICA DE LOS RESIDUOS DOMICILIARIOS";"Establecer alianzas con proveedores para la reutilización de residuos no contemplados en la actualidad por la Ley REP";"Aumentar la oferta de residuos susceptibles de ser reciclados a nivel comunal";"Si bien la Ley REP ha designado a los GRANSIC para ejecutar el servicio de recolección de residuos susceptibles de ser reciclados, esta aun no avanza hacia la recolección de la totalidad de todos los materiales. En esta línea, se pretende generar convenios de recolección con proveedores para maximizar el potencial de recuperación de residuos a nivel comunal.";;;;"Largo plazo";;;;;;;;"Presupuesto municipal y fuentes de financiamiento externo.";;;;;
"78";"Nunoa";"M-46";;"Adaptación";"ECONOMÍA CIRCULAR BASADA EN LA GESTIÓN ESTRATÉGICA DE LOS RESIDUOS DOMICILIARIOS";"Crear un Programa de educación ambiental con apoyo de diversos actores de la sociedad civil.";"Maximizar la capacidad educativa comunal en materia de medioambiente.";"Se busca crear un programa de educación y difusión de contenido medioambiental que permita identificar: 1) Contenidos relevantes. 2) Focos y audiencias. 3) Relatores o facilitadores dentro de la red comunal. 4) Plataformas de difusión. Que permita un intercambio de conocimientos y acciones en la materia, además de propiciar el apoyo institucional a las acciones más relevantes.";;;;"Largo plazo";;;;;;;;"Presupuesto municipal y fuentes de financiamiento externo.";;;;;
"79";"Nunoa";"M-47";;"Adaptación";"ECONOMÍA CIRCULAR BASADA EN LA GESTIÓN ESTRATÉGICA DE LOS RESIDUOS DOMICILIARIOS";"Laboratorio de Iniciativas Sociales sostenibles";"Se plantea la necesidad de apoyar ideas de todo orden de escala e impacto emanadas de la sociedad civil en materia de resolución de problemáticas medioambientales, con apoyo municipal en todas sus etapas y estados de desarrollo";"Apoyar el desarrollo de la iniciativa local para la resolución de problemas medioambientales, mediante la asesoría, apoyo en la captación de recursos y la puesta en práctica de ideas que se alinean a la misión de este plan.";;;;"Largo plazo";;;;;;;;"Presupuesto municipal y fuentes de financiamiento externo.";;;;;
"80";"Nunoa";"M-48";;"Mitigación";"PROTECCIÓN COMUNAL Y FISCALIZACIÓN DEL COMPROMISO AMBIENTAL DEL PRIVADO EN LA COMUNA.";"Crear Unidad de fiscalización Municipal de Proyectos comunales";"Fortalecer la institucionalidad municipal para abordar de manera transversal y sostenible los impactos asociados gestión de proyectos urbanos, proponiendo mejores condiciones de compensación en las resoluciones de calificación de impacto ambiental, así como apoyar a la organización ciudadana para la defensa de su patrimonio natural y social.";"Se plantea la relevancia de crear una oficina municipal que oficie como contraparte municipal y de la ciudadanía ante el Servicio de Evaluación Medioambiental y las empresas que proponen proyectos urbanísticos en Ñuñoa, con el fin de asegurar y garantizar un estándar sostenible en la implementación, como en la generación de medidas compensatorias por causa de externalidades e impactos asociados a su construcción.";;;;"Corto plazo";;;;;;;;"Presupuesto municipal";;;;;
"81";"Vitacura";"M-49";;"Mitigación";"GESTIÓN DE RESIDUOS.";"1.1. Potenciar el sistema de reciclaje inorgánico comunal.";;"Fortalecimiento continuo del sistema de reciclaje inorgánico domiciliario, aumentando la adherencia de los vecinos; mejorando la gestión de residuos en las dependencias municipales y aumentando la usabilidad del punto limpio comunal. Para ello, se impulsarán diversas acciones comunicacionales y educativas dirigida a vecinos y funcionarios municipales, con el objetivo de aumentar el reciclaje inorgánico comunal.";;;;"2030";"DMAO";"DSI";"Empresa ReSimple";;;;"• Barrera cultural: dificultad en el cambio de hábitos de los vecinos. • Depender de un gestor único como ReSimple.";"Costo municipal";;;"% de residuos inorgánicos reciclados";"15%";
"82";"Vitacura";"M-50";;"Mitigación";"GESTIÓN DE RESIDUOS.";"1.2. Potenciar el sistema de reciclaje orgánico domiciliario.";;"Promoción y expansión del sistema de reciclaje orgánico, ampliando la participación ciudadana y la cantidad de residuos reciclados mediante diversas estrategias como, la valorización de ramas y podas, campañas educativas y de sensibilización, así como la entrega de kits de compostaje a hogares, comercios y establecimientos educacionales. Todo ello, con el objetivo de aumentar el reciclaje orgánico a nivel comunal.";;;;"2030";"DMAO";"DSI; Dirección de comunicaciones";"Empresa gestión de residuos";;;;"• Costo elevado del contrato de los residuos orgánicos. • Desinformación de los vecinos, dificultad en el cambio hábitos. • Instalación de largo plazo";"Costo municipal";;;"% de residuos orgánicos";"8%";
"83";"Vitacura";"M-51";;"Adaptación";"GESTIÓN DE RESIDUOS.";"1.3. Mercado sustentable.";;"El Mercado Sustentable es una actividad mensual que conecta a la comunidad con emprendedores y organizaciones dedicadas a la economía circular. Ofrece una experiencia integral y consciente, donde se reciben residuos difíciles de reciclar —no aceptados en puntos limpios convencionales— y se promueven hábitos sustentables. Además de reciclar, tiene como objetivo informar y educar a los visitantes sobre acciones clave para el medio ambiente como reducir, reparar, reutilizar y regenerar.";;;;"2030";"DSI";"DMAO; Dirección de comunicaciones";"Empresa productora";;;;"• Restricción presupuestaria. • Lograr una renovación continua de emprendedores y organizaciones. • Que pierda novedad en los temas que se exponen.";"Costo municipal";;;"% de visitas anual";"30%";
"84";"Vitacura";"M-52";;"Mitigación - Adaptación";"MOVILIDAD SUSTENTABLE";"2.1. Sistema de ciclo-movilidad compartido (Tres comunas).";;"Consolidar un sistema de transporte integrado, accesible y sustentable que facilite la conexión entre distintos modos de transporte, con el objetivo de incentivar la movilidad activa y el uso del transporte público. Esto permitirá promover desplazamientos seguros y de bajas emisiones, fortaleciendo la movilidad intercomunal.";;;"2026";"2030";"SECPLA";"DAU Tránsito y Transporte Público Seguridad Pública";"DTPM, GORE, Empresas privadas, otras Municipalidades";;;;"• Dificultades de coordinación con comunas vecinas. • Dificultades de fiscalización y ordenamiento de los vehículos sin estación (dockless) en el espacio público. • Dependerá de la contratación e implementación de tecnología idónea para medir el impacto.";"Sistema de concesiones y/o permisos precarios.";;;"% de aumento en viajes en ciclos";"10%";
"85";"Vitacura";"M-53";;"Mitigación";"MOVILIDAD SUSTENTABLE";"2.2. Red de ciclovías y pasarelas ciclos y peatones.";;"Consolidar una red integral de 47 km de ciclovías y pasarelas interconectadas, priorizando la conexión entre áreas residenciales, centros educativos, estaciones de transporte público y zonas comerciales, en concordancia con el Plan de Ciclovías y el Plan de Pasarelas. El objetivo es desincentivar el uso de vehículos impulsados por combustibles fósiles.";;;;"2030";"DAU (anteproyecto) SECPLA (desarrollo)";"DOM Dirección de Tránsito";"MINVU, MTT, GORE, desarrolladores inmobiliarios, consultores externos.";;;;"#¿NOMBRE?";"Dependerá de la etapa de desarrollo de cada anteproyecto.";;;"% de red construida de ciclovías";"50% (25 km total)";
"86";"Vitacura";"M-54";;"Mitigación - Adaptación";"MOVILIDAD SUSTENTABLE";"2.5. Campaña de comunicación movilidad sostenible.";;"Campaña de sensibilización sobre movilidad sostenible dirigida a los vecinos de Vitacura, cuyo objetivo es promover prácticas, técnicas y alternativas de transporte sustentable, como la movilidad activa, el uso de bicicletas, el transporte público y los vehículos eléctricos. La iniciativa busca fortalecer la conciencia ambiental, desincentivar el uso de vehículos a combustión y fomentar una participación activa de la comunidad en la construcción de una ciudad más limpia, eficiente y sustentable.";;;;"2027";"DSI";"DAU Dirección de comunicaciones";"MINVU, MTT, GORE, Startups, Consultores externos.";;;;"#¿NOMBRE?";"Costo municipal, Gobierno regional.";;;"N° de actividades educativas";"10 actividades";
"87";"Vitacura";"M-55";;"Adaptación";"INFRAESTRUCTURA VERDE";"3.1. Plan Director de Arbolado Urbano.";;"Implementación gradual de un plan de arborización en islas de calor urbanas (ICU) dentro del espacio público, con el objetivo de mitigar las altas temperaturas mediante la generación de sombra. Esta iniciativa también busca reducir la contaminación ambiental y acústica, retener el material particulado en suspensión y fomentar la biodiversidad, además de aportar valor estético al entorno. En conjunto, estas acciones contribuyen significativamente a mejorar la calidad de vida de la población.";;;"2024";"2030";"DMAO";"DSI DINC Dirección de Tránsito";;;;;"Muerte de árboles por factores externos o climáticos.";"Costo municipal.";;;"Nuevos árboles plantados entre 2024-2030";"3000 árboles";
"88";"Vitacura";"M-56";;"Adaptación";"INFRAESTRUCTURA VERDE";"3.2. Certificación de jardines biodiversos.";;"La certificación de jardines biodiversos promueve prácticas de manejo sustentable, respaldadas por evidencia científica, que buscan potenciar la biodiversidad en jardines privados, balcones y terrazas de la comuna. A través de asesorías y actividades de sensibilización, se invita a los vecinos a contribuir desde sus propios espacios a la conservación de la flora y fauna nativa, fomentando la conciencia ambiental y consolidando un movimiento ciudadano de embajadores de la biodiversidad. El objetivo es convertir cada jardín en un refugio para la naturaleza, integrando a la comunidad en la protección del entorno local.";;;"2024";"2030";"DSI";"DMAO";"Organismo Certificador Jardín Botánico Chagual";;;;"#¿NOMBRE?";"Costo municipal.";;;"N° de hogares certificados";"120 certificaciones";
"89";"Vitacura";"M-57";;"Adaptación";"INFRAESTRUCTURA VERDE";"3.3. Implementación corredores biológicos.";;"Recambio de vegetación en áreas verdes mediante la incorporación de especies de bajo consumo hídrico, junto con la creación de corredores biológicos como parte del Plan de Infraestructura Verde. Estas acciones buscan adaptar los espacios públicos al cambio climático, optimizar el uso del agua e incorporar biodiversidad, conectando distintas áreas verdes y proporcionando refugio y alimento a insectos y aves. De esta forma, se fortalece la resiliencia urbana mediante soluciones basadas en la naturaleza, garantizando la continuidad de los procesos ecológicos y la diversidad biológica.";;;;"2030";"SECPLA DMAO";"DSI DINC Dirección de Tránsito";;;;;"#¿NOMBRE?";"Costo municipal.";;;"N° de Corredores biológicos ejecutados";"7 corredores";
"90";"Vitacura";"M-58";;"Adaptación";"INFRAESTRUCTURA VERDE";"3.4. Educación a la comunidad sobre cuidado y mantención de áreas verdes.";;"Las actividades educativas, como talleres prácticos, recorridos interpretativos y proyectos participativos, tienen como objetivo fomentar la conciencia ambiental y fortalecer el vínculo de las comunidades con la naturaleza en entornos urbanos. A través de estas experiencias, se busca promover colectivamente un futuro más verde, resiliente y comprometido con la sostenibilidad.";;;;"2030";"DSI";"DMAO";;;;;"Dificultad de la medición de impacto en los hábitos que se instalan en las comunidades.";"Costo municipal.";;;"N° de actividades educativas con intervención comunitaria en plazas y parques realizadas en la comuna";"20 actividades";
"91";"Vitacura";"M-59";;"Mitigación";"EFICIENCIA ENERGÉTICA.";"4.1. Cambio de luminaria LED en espacios públicos.";;"Se continuará con el programa de recambio de luminarias en los espacios públicos de la comuna, reemplazando aquellas que aún utilizan sodio u otras tecnologías obsoletas por sistemas de iluminación LED. El objetivo es mejorar la eficiencia energética, optimizar el uso de los recursos municipales y avanzar hacia un modelo de alumbrado público más moderno y sostenible.";;;;"2030";"DINC";"SECPLA";"Ministerio de Energía Ministerio de Medio Ambiente SEC";;;;"Disponibilidad presupuestaria.";"Costo municipal.";;;"% de luminarias LED instaladas en espacios públicos";"100% del alumbrado público";
"92";"Vitacura";"M-60";;"Mitigación";"EFICIENCIA ENERGÉTICA.";"4.2. Flota vehicular municipal eléctrica.";;"Mantenimiento de la flota vehicular eléctrica del municipio de Vitacura, con el objetivo de reducir las emisiones de gases de efecto invernadero (GEI) y promover la electromovilidad.";;;;"2028";"DAF";"SECPLA";"Ministerio de Energía - Agencia de sustentabilidad";;;;"#¿NOMBRE?";"Costo municipal";;;"% de vehículos eléctricos de la flota total";"100%";
"93";"Vitacura";"M-61";;"Adaptación";"EFICIENCIA ENERGÉTICA.";"4.3. Campaña de comunicación en el uso eficiente de energía.";;"Campaña de sensibilización sobre el uso eficiente de la energía, dirigida a los sectores residencial y comercial, que difundirá prácticas, técnicas y tecnologías para reducir el consumo y mejorar el rendimiento energético. La iniciativa incluirá beneficios concretos, como descuentos en productos de eficiencia energética a través de la tarjeta VITA. El objetivo es fortalecer la conciencia ambiental, fomentar el ahorro energético y promover la participación activa de la comunidad en la construcción de un territorio más sustentable.";;;"2025";"2030";"DSI";"Dirección de Comunicaciones";"Ministerio de Energía - Agencia de sustentabilidad - SEC- SISS, DGA, Seremi RM";;;;"#¿NOMBRE?";"Costo municipal";;;"Nº de Campaña realizadas";"5 (1 anual)";
"94";"Vitacura";"M-62";;"Mitigación";"EFICIENCIA HÍDRICA.";"5.1. Riego tecnificado en áreas verdes.";;"Renovación tecnológica de los sistemas de riego en las áreas verdes de la comuna, incorporando tecnologías más eficientes e inteligentes. El objetivo principal es reducir significativamente el consumo de agua municipal y garantizar una gestión hídrica más sustentable para nuestras zonas verdes.";;;;"2030";"DMAO";"SECPLA DINC";"SISS-DGA";;;;"Disponibilidad presupuestaria.";"Costo municipal";;;"% de m2 de parques y plazas con riego tecnificado";"85%";
"95";"Vitacura";"M-63";;"Mitigación";"EFICIENCIA HÍDRICA.";"5.2. Reutilización de aguas grises en dependencias municipales.";;"Implementar proyecto piloto de reutilización de aguas grises para el riego de áreas verdes en edificios municipales.";;;;"2030";"DINC";"SECPLA DMAO";"MINVU, SISS, Seremi RM";;;;"1. Disponibilidad presupuestaria. 2.Definición de proyecto, que funcione para ciertas dependencias.";"Costo municipal";;;"N° de piloto ejecutado";"2 pilotos";
"96";"Vitacura";"M-64";;"Adaptación";"EFICIENCIA HÍDRICA.";"5.3. Estudio hidrológico e hidrogeológico de la comuna.";;"El estudio permitirá evaluar la disponibilidad y calidad de los recursos hídricos, anticipar su impacto en los proyectos y desarrollar estrategias que aseguren su uso sostenible. Además, resulta fundamental para proteger los acuíferos y ecosistemas acuáticos, garantizando su conservación a largo plazo.";;;;"2027";"DSI";"DMAO SECPLA";"SISS-DGA-Seremi RM";;;;"#¿NOMBRE?";"Costo municipal";;;"Estudio realizado";"Estudio terminado y validado";
"97";"Vitacura";"M-65";;"Adaptación";"EFICIENCIA HÍDRICA.";"5.4. Campaña de comunicación en el uso eficiente del agua.";;"Campaña de sensibilización sobre el uso eficiente del recurso hídrico dirigida a los vecinos de Vitacura (sectores residencial y comercial). Esta campaña especificará prácticas, técnicas y tecnologías para mejorar la eficiencia hídrica. El objetivo es fortalecer la conciencia ambiental, fomentar el ahorro de agua a nivel privado y promover la participación activa de la comunidad en la construcción de un territorio más sustentable.";;;;"2030";"DSI";"Dirección de Comunicaciones";"SISS-DGA- Seremi RM";;;;"1.-Disponibilidad presupuestaria. 2.- Participación e interés de los vecinos.";"Costo municipal";;;"Nº de Campaña realizadas";"5 (1 anual)";
"98";"Vitacura";"M-66";;"Adaptación";"REDUCCIÓN DE RIESGOS ANTE EFECTO CLIMÁTICO";"6.1. Estudio de riesgo de quebradas en Cordón Manquehue.";;"Estudio orientado a identificar los riesgos asociados a las quebradas del Cordón Manquehue, tales como aluviones, deslizamientos y remociones en masa. Su objetivo es reducir los impactos sobre la población, la infraestructura y el medio ambiente, fortaleciendo la resiliencia del territorio frente a eventos naturales.";;;;"2027";"DSI";"DINC";"SENAPRED";;;;"Disponibilidad presupuestaria";"Costo municipal";;;"Estudio realizado";"1 estudio terminado y validado";
"99";"Vitacura";"M-67";;"Adaptación";"GOBERNANZA FORTALECIMIENTO INSTITUCIONAL";"7.1 Educación sustentable en la comunidad escolar";;"El programa de educación ambiental para colegios y jardines infantiles contempla una serie de actividades formativas adaptadas a cada nivel educativo. Entre ellas se incluyen talleres, recorridos guiados, proyectos participativos y material pedagógico, con un enfoque en temáticas como reciclaje, biodiversidad, eficiencia energética, cambio climático y cuidado del agua. Su objetivo es fortalecer la conciencia ambiental desde la primera infancia, promoviendo hábitos sostenibles y fomentando una comunidad escolar comprometida con el desarrollo sustentable del territorio.";;;;"2030";"DSI";"SECPLA Dirección de educación y salud DECOM";"Colegios públicos y privados y jardines infantiles de la comuna";;;;"Adaptar los programas sin que afecten la malla curricular del establecimiento educacional";"Costo Municipal.";;;"% Participación establecimientos educacionales";"60%";
"100";"Vitacura";"M-68";;"Adaptación";"GOBERNANZA FORTALECIMIENTO INSTITUCIONAL";"7.2 Capacitación interna municipal";;"Estrategia de capacitación interna dirigida a los funcionarios municipales, mediante un plan estructurado que contemple una serie de acciones formativas en temáticas ambientales clave, tales como eficiencia energética e hídrica, energías renovables no convencionales (ERNC), gestión de residuos, biodiversidad urbana, movilidad sostenible y nuevas tecnologías aplicadas al medioambiente. El objetivo es fortalecer las competencias técnicas del equipo municipal y promover una cultura organizacional más consciente y comprometida con la sostenibilidad.";;;;"2030";"DSI";"Dirección de personas DMAO DAU";"Ministerio de Energía - Agencia de sustentabilidad - SEC- SISSSeremias RM-MTT";;;;"#¿NOMBRE?";"Costo Municipal.";;;"% de participación municipal en las capacitaciones anuales";"90%";
"101";"Vitacura";"M-69";;"Adaptación";"GOBERNANZA FORTALECIMIENTO INSTITUCIONAL";"7.3 Ordenanza Reciclaje.";;"Promulgación de ordenanza de reciclaje para Vitacura, para fiscalización y notificación en domicilios, comercios, etc., que estén sujetos al programa de reciclaje municipal.";;;;"2027";"DMAO DSI";"Dirección jurídica Dirección de Control Dirección de seguridad";;;;;"#¿NOMBRE?";"Costo Municipal.";;;"Creación de la ordenanza";"Ordenanza, aprobada por concejo y decretada";
"102";"Vitacura";"M-70";;"Adaptación";"GOBERNANZA FORTALECIMIENTO INSTITUCIONAL";"7.4 Plataforma interactiva Pública - Huella de Carbono Familiar";;"Implementar una plataforma virtual interactiva y de acceso público orientada a la comunidad para informarse sobre energía y agua, como también, medir, visualizar y reducir la huella de carbono personal.";;;;"2030";"DSI";"Dirección de Comunicaciones";"SISS-SEC-Ministerio de Medio Ambiente";;;;"#¿NOMBRE?";"Costo Municipal.";;;"Creación de plataforma";"Plataforma publicada en medios digitales";
"103";"Macul";"M-71";;;"FORTALECER LA EDUCACIÓN AMBIENTAL, LA GOBERNANZA CLIMÁTICA Y LA CULTURA DE LA SUSTENTABILIDAD A NIVEL COMUNAL";"Plan educativo preescolar";"Educación ambiental formal y comunitaria";;;;;"2026";;;;;;;;;;;;;
"104";"Macul";"M-72";;;"FORTALECER LA EDUCACIÓN AMBIENTAL, LA GOBERNANZA CLIMÁTICA Y LA CULTURA DE LA SUSTENTABILIDAD A NIVEL COMUNAL";"Plan educativo escolar";"Educación ambiental formal y comunitaria";;;;;"2026";;;;;;;;;;;;;
"105";"Macul";"M-73";;;"FORTALECER LA EDUCACIÓN AMBIENTAL, LA GOBERNANZA CLIMÁTICA Y LA CULTURA DE LA SUSTENTABILIDAD A NIVEL COMUNAL";"Plan educativo comunitario";"Educación ambiental formal y comunitaria";;;;;"2026";;;;;;;;;;;;;
"106";"Macul";"M-74";;;"FORTALECER LA EDUCACIÓN AMBIENTAL, LA GOBERNANZA CLIMÁTICA Y LA CULTURA DE LA SUSTENTABILIDAD A NIVEL COMUNAL";"Plan educativo y de difusión para funcionarios municipales";"Fortalecimiento de capacidades internas del municipio";;;;;"2027";;;;;;;;;;;;;
"107";"Macul";"M-75";;;"FORTALECER LA EDUCACIÓN AMBIENTAL, LA GOBERNANZA CLIMÁTICA Y LA CULTURA DE LA SUSTENTABILIDAD A NIVEL COMUNAL";"Creación de un reglamento municipal para la gestión eficiente del uso de material reciclable";"LA - 3: Gobernanza y regulación ambiental comunal";;;;;"2027";;;;;;;;;;;;;
"108";"Macul";"M-76";;;"FORTALECER LA EDUCACIÓN AMBIENTAL, LA GOBERNANZA CLIMÁTICA Y LA CULTURA DE LA SUSTENTABILIDAD A NIVEL COMUNAL";"Formalización de protocolos de integración de criterios de sustentabilidad en compras públicas en función de ley N°21.634";"LA - 3: Gobernanza y regulación ambiental comunal";;;;;"2028";;;;;;;;;;;;;
"109";"Macul";"M-77";;;"FORTALECER LA EDUCACIÓN AMBIENTAL, LA GOBERNANZA CLIMÁTICA Y LA CULTURA DE LA SUSTENTABILIDAD A NIVEL COMUNAL";"Formalización de un programa de denuncia y fiscalización ambiental municipal";"LA - 3: Gobernanza y regulación ambiental comunal";;;;;"2028";;;;;;;;;;;;;
"110";"Macul";"M-78";;;"AVANZAR HACIA UNA GESTIÓN INTEGRAL, CIRCULAR Y SUSTENTABLE DE LOS RESIDUOS SÓLIDOS COMUNALES";"Manejo de residuos orgánicos domiciliarios";"Gestión y valorización de residuos orgánicos";;;;;"2026";;;;;;;;;;;;;
"111";"Macul";"M-79";;;"AVANZAR HACIA UNA GESTIÓN INTEGRAL, CIRCULAR Y SUSTENTABLE DE LOS RESIDUOS SÓLIDOS COMUNALES";"Programa de chipeo municipal de residuos orgánicos";"Gestión y valorización de residuos orgánicos";;;;;"2026";;;;;;;;;;;;;
"112";"Macul";"M-80";;;"AVANZAR HACIA UNA GESTIÓN INTEGRAL, CIRCULAR Y SUSTENTABLE DE LOS RESIDUOS SÓLIDOS COMUNALES";"Alianza para tratamiento de residuos orgánicos en ferias";"Gestión y valorización de residuos orgánicos";;;;;"2027";;;;;;;;;;;;;
"113";"Macul";"M-81";;;"AVANZAR HACIA UNA GESTIÓN INTEGRAL, CIRCULAR Y SUSTENTABLE DE LOS RESIDUOS SÓLIDOS COMUNALES";"Manejo de residuos inorgánicos domiciliarios valorizables";"Gestión y valorización de residuos inorgánicos";;;;;"2026";;;;;;;;;;;;;
"114";"Macul";"M-82";;;"AVANZAR HACIA UNA GESTIÓN INTEGRAL, CIRCULAR Y SUSTENTABLE DE LOS RESIDUOS SÓLIDOS COMUNALES";"Fortalecimiento de la red de puntos verdes en edificios municipales";"Gestión y valorización de residuos inorgánicos";;;;;"2027";;;;;;;;;;;;;
"115";"Macul";"M-83";;;"AVANZAR HACIA UNA GESTIÓN INTEGRAL, CIRCULAR Y SUSTENTABLE DE LOS RESIDUOS SÓLIDOS COMUNALES";"Escuela de oficios enfocado en economía circular";"Economía circular y desarrollo local";;;;;"2028";;;;;;;;;;;;;
"116";"Macul";"M-84";;;"AVANZAR HACIA UNA GESTIÓN INTEGRAL, CIRCULAR Y SUSTENTABLE DE LOS RESIDUOS SÓLIDOS COMUNALES";"Creación e Implementación del Plan de Economía Circular comunal";"Economía circular y desarrollo local";;;;;"2027";;;;;;;;;;;;;
"117";"Macul";"M-85";;;"AVANZAR HACIA UNA GESTIÓN INTEGRAL, CIRCULAR Y SUSTENTABLE DE LOS RESIDUOS SÓLIDOS COMUNALES";"Erradicación y control de microbasurales";"Control y erradicación de pasivos ambientales";;;;;"2028";;;;;;;;;;;;;
"118";"Macul";"M-86";;;"AVANZAR HACIA UNA GESTIÓN INTEGRAL, CIRCULAR Y SUSTENTABLE DE LOS RESIDUOS SÓLIDOS COMUNALES";"Implementación de programa de disposición segregada de residuos municipales";"Control y erradicación de pasivos ambientales";;;;;"2028";;;;;;;;;;;;;
"119";"Macul";"M-87";;;"PROTEGER, RECUPERAR Y AMPLIAR LA INFRAESTRUCTURA VERDE URBANA PARA LA ADAPTACIÓN CLIMÁTICA.";"Catastro de áreas verdes comunales";"Gestión y mantención de áreas verdes existentes";;;;;"2028";;;;;;;;;;;;;
"120";"Macul";"M-88";;;"PROTEGER, RECUPERAR Y AMPLIAR LA INFRAESTRUCTURA VERDE URBANA PARA LA ADAPTACIÓN CLIMÁTICA.";"Plan de mantención de áreas verdes actuales (horarios, tecnologías, acciones preventivas, etc.)";"Gestión y mantención de áreas verdes existentes";;;;;"2026";;;;;;;;;;;;;
"121";"Macul";"M-89";;;"PROTEGER, RECUPERAR Y AMPLIAR LA INFRAESTRUCTURA VERDE URBANA PARA LA ADAPTACIÓN CLIMÁTICA.";"Sustitución de sotobosque de alto consumo hídrico por especies de bajo consumo hídrico";"Gestión y mantención de áreas verdes existentes";;;;;"2028";;;;;;;;;;;;;
"122";"Macul";"M-90";;;"PROTEGER, RECUPERAR Y AMPLIAR LA INFRAESTRUCTURA VERDE URBANA PARA LA ADAPTACIÓN CLIMÁTICA.";"Programa de recuperación de platabanda en barrios prioritarios";"Incremento de cobertura vegetal y recuperación de espacios públicos";;;;;"2028";;;;;;;;;;;;;
"123";"Macul";"M-91";;;"PROTEGER, RECUPERAR Y AMPLIAR LA INFRAESTRUCTURA VERDE URBANA PARA LA ADAPTACIÓN CLIMÁTICA.";"Recuperación de espacios públicos con cobertura vegetal";"Incremento de cobertura vegetal y recuperación de espacios públicos";;;;;"2027";;;;;;;;;;;;;
"124";"Macul";"M-92";;;"PROTEGER, RECUPERAR Y AMPLIAR LA INFRAESTRUCTURA VERDE URBANA PARA LA ADAPTACIÓN CLIMÁTICA.";"Evaluación de factibilidad e implementación de un piloto de techos verdes en edificios municipales";"Soluciones basadas en la naturaleza e infraestructura verde innovadora";;;;;"2029";;;;;;;;;;;;;
"125";"Macul";"M-93";;;"PROTEGER, RECUPERAR Y AMPLIAR LA INFRAESTRUCTURA VERDE URBANA PARA LA ADAPTACIÓN CLIMÁTICA.";"Evaluación de factibilidad e implementación de un piloto de muros verdes en paraderos o zonas comunes";"Soluciones basadas en la naturaleza e infraestructura verde innovadora";;;;;"2028";;;;;;;;;;;;;
"126";"Macul";"M-94";;;"AUMENTAR LA RESILIENCIA URBANA FRENTE A EVENTOS CLIMÁTICOS EXTREMAS";"Diseño e implementación de refugios climáticos";"Infraestructura para la adaptación térmica";;;;;"2027";;;;;;;;;;;;;
"127";"Macul";"M-95";;;"AUMENTAR LA RESILIENCIA URBANA FRENTE A EVENTOS CLIMÁTICOS EXTREMAS";"Implementación de puntos de hidratación pública";"Infraestructura para la adaptación térmica";;;;;"2026";;;;;;;;;;;;;
"128";"Macul";"M-96";;;"AUMENTAR LA RESILIENCIA URBANA FRENTE A EVENTOS CLIMÁTICOS EXTREMAS";"Evaluación de factibilidad e implementación de soluciones en puntos críticos para inundaciones";"Gestión del riesgo de inundaciones";;;;;"2029";;;;;;;;;;;;;
"129";"Macul";"M-97";;;"AUMENTAR LA RESILIENCIA URBANA FRENTE A EVENTOS CLIMÁTICOS EXTREMAS";"Programa de mantención de sumideros";"Gestión del riesgo de inundaciones";;;;;"2026";;;;;;;;;;;;;
"130";"Macul";"M-98";;;"MEJORAR LA EFICIENCIA HÍDRICA, ENERGÉTICA Y LA GESTIÓN CLIMÁTICA DEL MUNICIPIO";"Desarrollo de la Estrategia Hídrica Local";"Gestión eficiente del recurso hídrico";;;;;"2026";;;;;;;;;;;;;
"131";"Macul";"M-99";;;"MEJORAR LA EFICIENCIA HÍDRICA, ENERGÉTICA Y LA GESTIÓN CLIMÁTICA DEL MUNICIPIO";"Implementación de Programa de eficiencia hídrica y riego tecnificado en edificios municipales";"Gestión eficiente del recurso hídrico";;;;;"2028";;;;;;;;;;;;;
"132";"Macul";"M-100";;;"MEJORAR LA EFICIENCIA HÍDRICA, ENERGÉTICA Y LA GESTIÓN CLIMÁTICA DEL MUNICIPIO";"Actualización de tecnologías eficientes en griferías municipales";"Gestión eficiente del recurso hídrico";;;;;"2029";;;;;;;;;;;;;
"133";"Macul";"M-101";;;"MEJORAR LA EFICIENCIA HÍDRICA, ENERGÉTICA Y LA GESTIÓN CLIMÁTICA DEL MUNICIPIO";"Evaluación de factibilidad y diseño de piloto de generación fotovoltaico en edificio municipal";"Eficiencia energética y energías renovables";;;;;"2028";;;;;;;;;;;;;
"134";"Macul";"M-102";;;"MEJORAR LA EFICIENCIA HÍDRICA, ENERGÉTICA Y LA GESTIÓN CLIMÁTICA DEL MUNICIPIO";"Mejoramiento y/o recambio de mobiliario bajo criterios de sustentabilidad";"Eficiencia energética y energías renovables";;;;;"2029";;;;;;;;;;;;;
"135";"Macul";"M-103";;;"MEJORAR LA EFICIENCIA HÍDRICA, ENERGÉTICA Y LA GESTIÓN CLIMÁTICA DEL MUNICIPIO";"Actualización de tecnologías de luminaria en edificios municipales";"Eficiencia energética y energías renovables";;;;;"2028";;;;;;;;;;;;;
"136";"Macul";"M-104";;;"MEJORAR LA EFICIENCIA HÍDRICA, ENERGÉTICA Y LA GESTIÓN CLIMÁTICA DEL MUNICIPIO";"Formalización de la implementación de criterios de eficiencia energética en el diseño de proyectos de mejoramiento de espacio público";"Eficiencia energética y energías renovables";;;;;"2026";;;;;;;;;;;;;
"137";"Macul";"M-105";;;"MEJORAR LA EFICIENCIA HÍDRICA, ENERGÉTICA Y LA GESTIÓN CLIMÁTICA DEL MUNICIPIO";"Fomento de sistemas fotovoltaicos en sedes comunitarias";"Eficiencia energética y energías renovables";;;;;"2027";;;;;;;;;;;;;
"138";"Macul";"M-106";;;"MEJORAR LA EFICIENCIA HÍDRICA, ENERGÉTICA Y LA GESTIÓN CLIMÁTICA DEL MUNICIPIO";"Fomento del uso de bicicletas y evaluación de factibilidad de construcción de ciclovías";"Movilidad sustentable y reducción de emisiones";;;;;"2026";;;;;;;;;;;;;
"139";"Macul";"M-107";;;"MEJORAR LA EFICIENCIA HÍDRICA, ENERGÉTICA Y LA GESTIÓN CLIMÁTICA DEL MUNICIPIO";"Postulación a iniciativas de recambio de parque automotriz municipal a tecnología eléctrica";"Movilidad sustentable y reducción de emisiones";;;;;"2027";;;;;;;;;;;;;
"140";"Macul";"M-108";;;"MEJORAR LA EFICIENCIA HÍDRICA, ENERGÉTICA Y LA GESTIÓN CLIMÁTICA DEL MUNICIPIO";"Evaluación de factibilidad de ampliación de puntos de carga para vehículos eléctricos (electrolineras) mediante alianza público privadas";"Movilidad sustentable y reducción de emisiones";;;;;"2027";;;;;;;;;;;;;
"141";"Macul";"M-109";;;"MEJORAR LA EFICIENCIA HÍDRICA, ENERGÉTICA Y LA GESTIÓN CLIMÁTICA DEL MUNICIPIO";"Medición de la huella de carbono municipal";"Gestión y monitoreo de emisiones";;;;;"2027";;;;;;;;;;;;;
"142";"Lo Espejo";"M-110";;"Mitigación";;"MEDIDA DE MITIGACIÓN N° 1: ELABORACIÓN DE PROTOCOLO DE BUENAS PRÁCTICAS AMBIENTALES EN RECINTOS MUNICIPALES";;"Elaboración de un protocolo que permita una gestión integral de variables ambientales en cuanto a eficiencia energética, eficiencia hídrica, tratamiento de residuos como separación en origen, reciclaje y compostaje.";;"Edificios administrativos, escuelas adscritas a SLEP, centros de salud, centro veterinario";"2025";"2028";"Dirección de Desarrollo Ambienta; Equipo Gestor; funcionarios municipales";;;;;;;"Al ser la Dirección de Desarrollo Ambiental la responsable de la ejecución de este protocolo será esta misma unidad la encargada de difundir y capacitar a los funcionarios municipales respecto al protocolo de BPAM, por lo que para esta medida no es necesaria una fuente de financiamiento externa, sino que más bien será financiada por las horas hombre (HH) de trabajo dedicada por parte de los funcionarios ejecutores.";;;"Participación del personal: lista de participación de personal en charlas Reducción de consumo energético: Medición del consumo energético en dependencias municipales de manera previa y posterior a las capacitaciones Monitoreo y evaluación: Establecimiento de periodos de evaluación continua, con objeto de identificar brechas y eficiencia de las medidas";;
"143";"Lo Espejo";"M-111";;"Mitigación";;"MEDIDA DE MITIGACIÓN N° 2: Aumentar la red de ciclovías en la comuna de Lo Espejo";;"Se busca desarrollar unas infraestructuras fomentar el uso de transportes sostenibles como es el uso de la bicicleta, con rutas bien integradas para la población civil que circulan por el territorio";;"población civil residente y población civil en general que se moviliza por la comuna";;;"SECPLA; Dirección de Tránsito";;;;;;;"Mediano a Largo plazo. A través de fondos públicos del Gobierno regional y otros.";;;"Reducción de Emisiones: Evaluar la disminución de emisiones de gases de efecto invernadero asociadas al desplazamiento en bicicleta en lugar de vehículos motorizados. Descongestión Vehicular de la comuna: Medir la disminución del tráfico vehicular y tiempo de movilización en zonas donde se implementó las ciclovías, de manera presencial, a través de encuestas de percepción con las comunidades aledañas y usuarios de la ciclovía.";;
"144";"Lo Espejo";"M-112";;"Mitigación";;"MEDIDA DE MITIGACIÓN N° 3: Fortalecimiento y Diversificación del Arbolado Urbano";;"Esta medida tiene objetivo aumentar la superficie de captación de GEI, con especies de bajo requerimiento hídrico, nativas o exóticas, según sea la mejor estrategia acorde a evaluación técnica profesional";;"Espacios públicos comunales declarados como Bienes Nacionales de Uso Público (BNUP), incluyendo parques, plazas y áreas verdes periurbanas. Plantación de especies nativas con alta adaptabilidad a condiciones de sequía y estrés hídrico Actividades de preparación del terreno, plantación, mantenimiento y monitoreo posterior para asegurar la supervivencia de las especies.";"2025";"2028";"Dirección de Desarrollo Ambiental; Departamento de Ornato";;;;;;;"La reforestación de áreas dentro de la comuna puede encontrarse financiada de manera mixta, en donde se trabaja con las especies que cuenta el Municipio, más aportes externos como lo son CONAF, y otras entidades estratégicas como fundaciones y otras empresas privadas";;;"#¿NOMBRE?";;
"145";"Lo Espejo";"M-113";;"Mitigación";;"MEDIDA DE MITIGACIÓN N° 4: Campaña comunicacional de educación ambiental y concientización sobre cambio climático.";;"Esta iniciativa busca educar a la población para generar conciencia y sensibilización con respecto el cambio climático, por medio de una campaña de educación y sensibilización estratégica diseñada a distintos segmentos de la población y rangos etarios, para abordar sus necesidades, intereses y preocupaciones particulares.";;"Personal municipal, población civil no organizada y organizada, establecimientos educacionales, locatarios, empresas de la comuna.";"2025";"2050";"Departamento de Desarrollo Ambiental; Departamento de Relaciones Públicas";;;;;;;"Al ser la Dirección de Desarrollo Ambiental la responsable de esta campaña será esta misma unidad la encargada de difundir y capacitar, por lo que para esta medida no es necesaria una fuente de financiamiento externa, sino que más bien será financiado por las horas hombre (HH) de trabajo dedicada por parte de los funcionarios ejecutores.";;;"Medios de Comunicación Utilizados: Analizar el alcance de los medios de comunicación utilizados para llegar a cada grupo objetivo, como redes sociales, ferias medioambientales con educación ambiental para el territorio, talleres presenciales, entre otros. Participación en Actividades Relacionadas: Contabilizar la participación activa de cada grupo en las diferentes actividades, mediante lista de asistencia. Impacto en Comunidades Específicas: Evaluar el impacto específico en comunidades particulares a través de encuesta de aprendizajes obtenidos";;
"146";"Lo Espejo";"M-114";;"Mitigación";;"MEDIDA DE MITIGACIÓN N° 5: ELABORACIÓN DE CATASTRO DE ARBOLADO URBANO";;"Elaboración de un inventario digital y georreferenciado del arbolado urbano presente en la comuna, que incluya información sobre especies, estado sanitario, ubicación, dimensiones y servicios ecosistémicos aportados. Este catastro permitirá planificar y gestionar de manera eficiente la conservación, mantenimiento y expansión del arbolado, fortaleciendo la resiliencia urbana frente al cambio climático y mejorando la calidad ambiental y el bienestar de la comunidad";;"Cobertura de todas las áreas públicas arboladas de la comuna: calles, plazas, parques, áreas verdes municipales y espacios periurbanos. Registro de especies nativas y exóticas, con énfasis en aquellas que aportan mayor mitigación climática y adaptación. Integración con sistemas GIS municipales para facilitar la toma de decisiones y monitoreo continuo.";"2025";"2030";"Dirección de Desarrollo Ambiental; Departamento de Ornato";;;;;;;"Considerando la situación comunal, es que esta medida debiese contar con un financiamiento externo, ya sea la alianza con fundaciones, universidades y/o organismos externos gubernamentales como CONAF, Gobierno Regional, entre otros.";;;"- % de arbolado urbano georreferenciado: Base de datos GIS municipal - Actualización anual del catastro: Reportes técnicos municipales - Número de especies nativas identificadas: Informe técnico de biodiversidad - Uso del catastro para planificación: Incorporación en 100% de planes comunales, documentos de planificación municipal";;
"147";"Lo Espejo";"M-115";;"Mitigación";;"MEDIDA DE MITIGACIÓN N° 6 Estrategia de optimización Integral de Residuos: Eficiencia, Reciclaje y Cumplimiento Normativo.";;"El objetivo de esta iniciativa se centra en la creación de una estrategia integral de gestión de residuos, a nivel domiciliario y público, diseñado con el fin de mejorar la eficiencia en la administración de los desechos orgánicos e inorgánicos, educación ambiental en torno al reciclaje, aumentar los niveles de reciclaje en la comuna y garantizar el cumplimiento de las normativas ambientales como por ejemplo la Ley REP.";;"población civil de la comuna, hogares y viviendas de la comuna, empresas, locatarios de pequeños almacenes, ferias libres, establecimientos educacionales jardines infantiles";;;"dirección de Desarrollo Ambiental, Departamento de Gestión Ambiental, Departamento de aseo, SECPLA.";;;;;;;"No considera inversión más allá de las HH de los distintos funcionarios municipales que participarán. En caso de que se requiera externalizar el servicio se presentará a financiamiento propio o externo.";;;"Cumplimiento de Normativas Ambientales: Seguimiento del cumplimiento de las normativas locales sobre gestión de residuos para asegurar el manejo adecuado y legal de los desechos. Emisiones de Gases de Efecto Invernadero (GEI): Medición de las emisiones de GEI asociadas con la gestión de residuos, considerando la descomposición de residuos orgánicos y la incineración.";;
"148";"Lo Espejo";"M-116";;"Mitigación";;"MEDIDA DE MITIGACIÓN N° 7: RECUPERACIÓN DE ESPACIOS PÚBLICOS A TRAVÉS DE SOLUCIONES BASADAS EN LA NATURALEZA";;"Lo Espejo cuenta con un reducido número de áreas verdes e islas de calor, por lo que el objetivo es recuperar espacios públicos, creando áreas verdes sustentables para recuperación de espacios públicos y eliminación de microbasurales";;"Residentes del territorio";;;"Secpla, dirección De Desarrollo Ambiental Ornato, Gestión Ambiental.";;;;;;;"Fondos concursables, presupuesto municipal o externo.";;;"Disminución de microbasurales en la comuna Aumento en la participación de la comunidad en denunciar presencia de microbasurales y también de apoyar en su erradicación";;
"149";"Lo Espejo";"M-117";;"Mitigación";;"MITIGACIÓN N° 8: RECAMBIO DE LUMINARIAS EN LA COMUNA";;"El objetivo es reducir el consumo energético, las emisiones de gases de efecto invernadero y la contaminación lumínica, mejorando la seguridad y la calidad de vida de la comunidad. Por otra parte, contribuye de manera significativa a la reducción del consumo energético, la disminución de residuos y contaminantes al no estar fabricados CON Elementos Tóxicos, la protección de la biodiversidad y la mitigación del cambio climático, posicionándolas como la alternativa más ecológica y eficiente en iluminación urbana y doméstica, tanto en BNUP como en recintos municipales y hogares de la comuna";;"Ámbito geográfico: Toda la comuna, priorizando sectores con mayor consumo energético y/o mayor densidad poblacional. Infraestructura: Alumbrado público, plazas, parques, edificios municipales, centros deportivos y educacionales; Población civil residente y flotante de la comuna.";"2025";"2027";"SECPLA; Dirección de Obras Municipales; Dirección de Desarrollo Ambiental";;;;;;;"Externo, a través de financiamiento del GORE";;;"- % de luminarias públicas recambiadas a tecnología LED: Informe de avance municipal - Reducción del consumo energético en alumbrado público: Facturación eléctrica y reportes técnicos - Disminución de emisiones de CO₂ asociadas: Cálculo de reducción según consumo";;
"150";"Lo Espejo";"M-118";;"Mitigación";;"MEDIDA DE MITIGACIÓN N° 9: ELABORACIÓN DE PROTOCOLO MUNICIPAL DE COMPRAS SUSTENTABLES";;"Las compras sustentables buscan incorporar criterios ambientales, sociales y económicos para reducir los impactos negativos asociados a la adquisición de bienes y servicios, tales como la reducción de emisiones de gases de efecto invernadero, el uso eficiente de recursos, la minimización de residuos y la promoción de productos con menor huella ambiental.";;"Municipio, funcionarios municipales y usuarios de la municipalidad";;;"Municipio de Lo Espejo";;;;;;;"Financiamiento municipal";;;"Aplicación de sellos y certificaciones ambientales (Energy Star, FSC, PEFC, Certfor, HuellaChile, Acuerdo de Producción Limpia) para evaluar oferentes y productos. Reducción de la huella ambiental: Preferencia por productos con eficiencia energética, contenido reciclado, menor uso de recursos naturales y menor generación de residuos. Capacitación y sensibilización: Registro y formación continua de funcionarios municipales en temas ambientales para fomentar una cultura de sustentabilidad en las compras";;
"151";"Lo Espejo";"M-119";;"Mitigación";;"MEDIDA DE MITIGACIÓN N° 10 Capacitaciones para postular a fondos concursables";;"Capacitar al Comite Ambiental Comunal (CAC) Pymes, personas naturales y Organizaciones Socioambientales en la postulación a fondos públicos como: FPA, Ponle energía a tu pyme, Programa techo solar, entre otros.";;"Comite ambiental comunal, pequeñas Pymes, emprendedores formalizados y no formalizados, personas naturales y organizaciones socioambientales";;;"Direccion de Desarrollo Ambiental, Departamento de Gestión ambiental, DIDECO";;;;;;;"Al ser la Dirección de Desarrollo Ambiental la responsable de la ejecución será esta misma unidad la encargada de gestionar el proceso de postulación.";;;"Número de propuestas presentadas: Aumento en postulaciones a fondos climáticos tras las capacitaciones. Tasa de adjudicación: Porcentaje de proyectos aprobados que recibieron capacitación previa. Incorporación de criterios técnicos: Uso de sellos ambientales (HuellaChile, Energy Star) en las propuestas. Alianzas estratégicas: Acuerdos entre municipios, empresas y organismos internacionales para cofinanciar proyectos. Capacitación de funcionarios: Registros de asistencia";;
"152";"Lo Espejo";"M-120";;"Adaptación";;"MEDIDA DE ADAPTACIÓN N° 1: FOMENTO DE URBANISMO SOSTENIBLE";;"Adaptación de la forma en pensar, planificar, formular y realizar un proyecto de inversión a nivel comunal, donde se incluyan criterios de sustentabilidad como eficiencia energética, eficiencia hídrica, infraestructura para separación de residuos en origen, materiales con baja emisión de huella de carbono, implementación de techos verdes, jardines pluviales y pavimentos permeables en zonas críticas para reducir inundaciones y el efecto isla de calor.";;"Población civil residente y flotante de la comuna con énfasis en zonas de mayor riesgo identificadas en el diagnóstico PACCC.";"2025";"2028";"SECPLA; Dirección de Obras Municipale; Dirección de Desarrollo Ambiental - Departamento de Gestión Ambiental";;;;;;;"Fondos públicos regionales y municipales: Gobierno regional y municipio pueden destinar recursos para la instalación de sistemas velar por el cumplimiento de estas medidas. Por otra parte, fondos FNDR, Fondo de Protección Ambiental y otros programas sectoriales pueden ser vías de financiamiento. Cooperación internacional y ONGs: Posibles aportes para proyectos piloto o fortalecimiento institucional.";;;"- % de proyectos urbanos con bases de sustentabilidad: Informe técnico municipal - Reducción del consumo energético en edificios municipales: comparación de - Participación ciudadana en planificación urbana: actas de participación";;
"153";"Lo Espejo";"M-121";;"Adaptación";;"MEDIDA DE ADAPTACIÓN N° 2: Plan de Manejo y Prevención de Riesgos Naturales";;"Desarrollar y actualizar planes de emergencia y protocolos de actuación frente a eventos climáticos extremos (inundaciones, olas de calor, olas de frío, temporales), incluyendo capacitación a la a las unidades municipales y a la comunidad.";;"Toda la comuna, con énfasis en zonas de mayor riesgo identificadas en el diagnóstico PACCC.";"2025";"2028";"Dirección de seguridad pública y humana; Unidad de gestión de riesgo de desastres y emergencias; Departamento de Relaciones Públicas";;;;;;;"Al ser la Dirección de seguridad pública y humana la responsable de la ejecución de este plan será esta misma unidad la encargada de la difundir y capacitar a los funcionarios municipales respecto al Plan de Manejo y Prevención de Riesgos Naturales, por lo que para esta medida se verá financiada por las horas hombre (HH) de trabajo dedicada por parte de los funcionarios ejecutores.";;;"100% de unidades vecinales con acceso a información y protocolos de emergencia al 2027. Reporte semestral de avance de entrega de información, ya sea formato físico o digital.";;
"154";"Lo Espejo";"M-122";;"Adaptación";;"MEDIDA DE ADAPTACIÓN N° 3: CORREDORES BIOLÓGICOS";;"La implementación de corredores biológicos en la comuna de Lo Espejo consiste en la creación y restauración de franjas vegetales continuas que conectan áreas verdes, parques y espacios públicos, utilizando principalmente especies nativas y adaptadas al clima local. Estos corredores permiten el flujo de fauna y flora, mejoran la conectividad ecológica urbana, aumentan la resiliencia frente a olas de calor y sequía cumpliendo roles de refugio climático, y contribuyen a la adaptación ante los impactos del cambio climático, como la pérdida de biodiversidad y el deterioro de los servicios ecosistémicos.";;"Territorio: Calles principales, avenidas, parques, plazas en toda la comuna, áreas verdes correspondientes priorizando sectores con baja cobertura vegetal y alta vulnerabilidad climática. Componentes: Plantación de árboles y arbustos nativos, instalación de jardines de bajo requerimiento hídrico, señalización educativa y conectividad entre áreas verdes existentes.";"2025";"2035";"Dirección de Desarrollo Ambienta; SECPLA; Dirección de Obras Municipales";;;;;;;"Fuentes municipales: Asignación de parte del presupuesto ambiental anual. Programas públicos: Acceso a fondos del Gobierno Regional, programas de reforestación urbana de CONAF y concursos del Ministerio del Medio Ambiente. Alianzas: Convenios con empresas privadas, ONGs ambientales y universidades para cofinanciamiento y apoyo técnico";;;"- Superficie conectada entre áreas verdes: Inventario y monitoreo de especies. - Reducción de temperatura superficial: Disminución de 2°C en zonas intervenidas, monitoreo climático local - Longitud de corredores implementados:";;
"155";"Lo Espejo";"M-123";;"Adaptación";;"MEDIDA DE ADAPTACION N° 4: FORTALECIMIENTO DE UNIDADES DE FISCALIZACIÓN AMBIENTAL";;"Actualmente (2025) la unidad de fiscalización ambiental cuenta con solamente un integrante, lo que dificulta y demora la atención de las diferentes denuncias ambientales. Se presentan otras brechas también como movilización y provisión de instrumentos que determinen los cumplimientos o incumplimientos sobre las ordenanzas municipales ambientales. El fortalecimiento de unidades de fiscalización ambiental busca mejorar la capacidad institucional para garantizar el cumplimiento de normativas ambientales, mediante modernización de tecnología e instrumentos, coordinación interinstitucional y profesionalización de equipos.";;"Fortalecimiento del Departamento de Gestión Ambiental, especialmente en la fiscalización de denuncias ambientales (ruidos, olores, residuos, emisiones tóxicas, control de vectores). Implementación de protocolos y herramientas digitales para la gestión eficiente de denuncias y seguimiento de casos. Capacitación continua a funcionarios municipales en normativa ambiental, uso de equipos técnicos (ej. sonómetros) y procedimientos legales. Coordinación con la SMA y otras entidades para ampliar cobertura y eficacia en la fiscalización.";"2025";"2035";"Direccion de Desarrollo Ambienta; Departamento de Gestión Ambiental";;;;;;;"Presupuesto municipal para contratar un profesional del área y/o capacitar. Adquisición de equipamiento técnico y desarrollo de sistemas de gestión. Convenios con SMA: Apoyo financiero y técnico para adquisición de equipos (ej. sonómetros) y capacitación especializada. Programas sectoriales del Ministerio del Medio Ambiente: Fondos concursables para fortalecer capacidades municipales en fiscalización ambiental. Cooperación público- privadas: Fondos del Gobierno Regional, Fondos de organismos privados o internacionales como el BID para proyectos de modernización de sistemas de monitoreo Multas ambientales: Hasta un 30% de los ingresos por sanciones se podrían reinvertir en equipos tecnológicos y capacitación.";;;"Cobertura fiscalizadora: Porcentaje de Informes de Fiscalización Ambiental (IFA) terminados respecto a los programados, con una meta del 97% para 2025. Resolución de sanciones: Tasa de cierre de procesos sancionatorios sin pausas, actualmente en 95% para casos graves. Capacitación continua: Más de 180 jornadas formativas realizadas entre 2018-2023 para fiscalizadores de la RENFA.";;
"156";"Lo Espejo";"M-124";;"Adaptación";;"MEDIDA DE ADAPTACIÓN N° 3: Gestión Comunitaria del Agua y Adaptación a la Sequía";;"Implementar sistemas de captación y reutilización de aguas lluvias en edificios municipales, escuelas y sedes vecinales, y promover el uso eficiente del agua en jardines y áreas verdes.";;"Instalación de sistemas de captación de aguas lluvias (canaletas, tuberías, depósitos) en edificios públicos, escuelas municipales, sedes vecinales, juntas de vecinos, plazas y huertos comunitarios. Promoción y adopción de tecnologías de riego eficiente (goteo, sensores de humedad) en áreas verdes municipales. Capacitación a unidades pertinentes para el mantenimiento y uso adecuado de estos sistemas.";"2025";"2050";"Dirección de Desarrollo Ambiental; Departamento de Gestión Ambiental; Equipo gestor";;;;;;;"Fondos públicos regionales y municipales: Gobiernos regionales (GORE) y municipalidades pueden destinar recursos para la instalación de sistemas SCALLs (Sistemas de Captación de Aguas Lluvias). Por otra parte, fondos FNDR, Fondo de Protección Ambiental y otros programas sectoriales del Programas y subsidios del Ministerio de Agricultura o Medio Ambiente que apoyan iniciativas de adaptación climática y gestión hídrica urbana. Alianzas público-privadas y cooperación internacional: Convenios con empresas, ONG y organismos internacionales que aportan recursos técnicos y financieros para la implementación y mantenimiento de sistemas de captación. Aportes comunitarios y presupuestos participativos: Involucrar a la comunidad en el cofinanciamiento y mantención, fortaleciendo la gestión local y sostenibilidad del proyecto. Reducción de costos operativos: La captación de aguas lluvias reduce la dependencia de camiones aljibes y redes públicas, disminuyendo gastos municipales recurrentes en abastecimiento hídrico";;;"10 sistemas de captación de aguas lluvias instalados al 2027. Progreso de un 20% al 2050 Protocolos de riego eficiente para nuevas áreas verdes, recintos municipales, espacios comunitarios, juntas de vecinos: entrega de información y difusión";;
"157";"Talagante";;;"Mitigación";"Energia";"Diagnóstico y estrategias para la reducción del consumo energético en edificios públicos municipales de alto consumo";;"Esta medida evalúa el consumo energético de edificios públicos municipales de alto consumo para identificar ineficiencias y proponer estrategias de optimización. Se pretende implementar acciones de reducción con monitoreo y reporte continuo para garantizar su efectividad y también su sostenibilidad.";;;;"Mediano plazo";"Encargados de Establecimientos Públicos; Departamento de Medio Ambiente";;"Agencia de Sostenibilidad Energética y Ministerio de Energía; MMA";;;;;"Se pueden utilizar fondos públicos como el Programa de Mejoramiento de Barrios (PMB), Fondo Regional de Iniciativa Local (FRIL), Incuba Energía Sostenible y a través de bienes nacionales del Ministerio de Desarrollo Social.";;"Planificación (5 meses): Selección los establecimientos municipales de alto consumo que serán objeto del diagnóstico. Diagnóstico (8 meses): Obtener datos precisos sobre el consumo actual de energía y los patrones de uso .Análisis y Planificación (10 meses): Evaluar los resultados de las auditorías e identificar oportunidades de mejora. Formular estrategias específicas para reducir el consumo energético, que podrían incluir mejoras en la eficiencia de equipos, cambios en el uso de energía, etc. Implementación (6 meses): Implementar las estrategias planificadas para reducir el consumo energético. Evaluación y Ajuste (semestral): Evaluar el impacto de las medidas implementadas en términos de reducción del consumo energético. Realizar ajustes finales en las estrategias o implementar medidas adicionales según sea necesario.";"Reducción del Consumo Eléctrico: Porcentaje de reducción en boletas de consumo eléctrico del total de los establecimientos municipales objeto del diagnóstico. Emisiones de Gases de Efecto Invernadero (GEI): Disminución de las emisiones de GEI asociadas al consumo energético a nivel comunal Número de Medidas Implementadas: Cuantificación de las medidas específicas adoptadas para reducir el consumo energético en los establecimientos. Medida";;"Pendiente"
"158";"Talagante";;;"Mitigación";"Energia";"Expansión Del Proyecto “Casa Social Solar” a más vecinos de la comuna";;"Esta medida implica la implementación de nuevos paneles solares en el marco del proyecto “Casa Solar Social”, el cual ha demostrado ser exitoso al lograr una reducción significativa en los costos de electricidad para las familias beneficiadas, como fue el caso de los vecinos de la Villa Los Lagos. Esta experiencia ha evidenciado el potencial de la energía solar como una solución concreta para avanzar hacia una transición energética justa y sostenible a nivel local. Como parte de la expansión de este proyecto, se contempla la instalación de paneles solares en el Centro de Desarrollo Sustentable Oliveto, con el objetivo de seguir promoviendo el uso de energías limpias en espacios comunitarios y que aporten a la mayor cantidad de vecinas y vecinos de la comuna";;;;"Largo Plazo";"Departamento de Medio Ambiente y DIDECO";;"Ministerio de Energía y Agencia de Sostenibilidad Energética";;;;;"Utilización de fondos municipales propios para gestión, capacitación y difusión, junto con la postulación a fondos sectoriales como Casa Solar, Incuba Energía Sostenible, FRIL, y programas del Ministerio de Energía o Fondo Nacional de Desarrollo Regional (FNDR) para apoyar la implementación.";;"Planificación y Convocatoria (2 meses): Definir lineamientos, abrir postulaciones y conformar grupos interesados. Capacitación y Evaluación Técnica (2 meses): Realizar talleres informativos y evaluar la factibilidad de instalación en viviendas postulantes. Proceso de Compra y Contratación (6 meses): Gestionar procesos de compra asociativa, convenios o licitaciones municipales, según corresponda .Implementación (4 meses): Instalación de los sistemas fotovoltaicos domiciliarios, incluyendo capacitación básica en uso y mantenimiento. Monitoreo y Evaluación (semestral): Seguimiento del desempeño energético, satisfacción de usuarios y ahorro obtenido en cuentas de luz.";"Número de hogares beneficiados: Cantidad de viviendas que se incorporaron al proyecto “Casa Solar Social de Talagante” Potencia Instalada Total: Capacidad instalada en kW de los sistemas fotovoltaicos implementados. Reducción de Consumo Eléctrico de Red: Porcentaje de disminución en la demanda de electricidad convencional en los hogares beneficiados. Reducción de Emisiones de GEI: Toneladas de CO2 equivalente evitadas anualmente por generación de energía solar domiciliaria";;"Pendiente"
"159";"Talagante";;;"Adaptación";"SOLUCIONES BASADAS EN LA NATURALEZA PARA EL DESARROLLO LOCAL";"Plan Comunal de Infraestructura verde";;"Diseño e implementación de un plan territorial para aumentar la infraestructura verde en áreas estratégicas de la provincia, mediante la plantación de especies vegetales adecuadas al clima y suelo local. La medida contempla acciones de educación ambiental dirigidas a la ciudadanía, incluyendo clases y talleres prácticos, con énfasis en la participación activa en el vivero Oliveto de Talagante. Esta estrategia busca restaurar servicios ecosistémicos, mitigar los efectos del cambio climático y fortalecer el vínculo de la comunidad con la naturaleza urbana y periurbana.";;;;"Mediano y largo plazo";"Departamento de Medio Ambiente";;"Vivero Oliveto; CONAF; Organizaciones sociales/comunitarias";;;;;"Financiación mediante recursos municipales propios, apoyo técnico de CONAF y colaboración con organizaciones sociales locales. Postulación a fondos públicos como el Fondo de Protección Ambiental (FPA) u otros fondos relacionados a biodiversidad, educación ambiental y cambio climático.";;"Planificación (1 año): Identificación de áreas prioritarias de reforestación, definición de especies nativas adecuadas y diseño de intervenciones participativas. Trabajo en terreno (6 meses): Preparación de suelos, instalación de señaléticas educativas, coordinación con vivero y actores locales. Plantación (4 meses): Ejecución de la plantación, uso de bombas de semillas y plantación tradicional, junto a jornadas educativas abiertas. Mantenimiento (1 año o más): Riego, control de malezas, prevención de incendios y seguimiento del crecimiento de las especies.";"Número de hectáreas reforestadas: Superficie total de terreno intervenido con especies nativas. Cantidad de árboles plantados: Registro de ejemplares entregados por el vivero Oliveto y plantados efectivamente. Reducción estimada de CO2: Cálculo aproximado en base a especies y superficie reforestada. Número de participantes en talleres: Ciudadanía y actores locales que participan en actividades formativas. Cantidad de talleres realizados: Número total de actividades educativas efectuadas en el marco del plan. Supervivencia de especies plantadas: Porcentaje de árboles que sobreviven al primer año de implementación.";;"Pendiente"
"160";"Talagante";;;"Adaptación";"SOLUCIONES BASADAS EN LA NATURALEZA PARA EL DESARROLLO LOCAL";"Forestación masiva";;"La medida consiste en implementar un programa comunal de forestación masiva con especies nativas y/o adaptadas al clima mediterráneo de la zona central. Se priorizan áreas expuestas a procesos de degradación del suelo, escasez hídrica, pérdida de biodiversidad y riesgo de islas de calor. La reforestación busca aumentar la cobertura vegetal, restaurar servicios ecosistémicos, fortalecer la resiliencia climática del territorio y generar conciencia ambiental en la comunidad.";;;;"Largo Plazo";"Municipalidad de Talagante; Dirección de Medio Ambiente, Aseo y Ornato (DIMAO)";;"CONAF; Viveros locales y regionales; Juntas de vecinos, organizaciones territoriales, escuelas y voluntariado ambiental; Establecimientos educacionales";;;;;"Elaboración de un mapa comunal de zonas prioritarias de intervención, considerando variables como erosión, déficit hídrico, cobertura vegetal actual y vulnerabilidad social. Establecimiento de convenios de colaboración con CONAF, universidades locales y viveros. Planificación anual de jornadas de plantación en conjunto con organizaciones territoriales. Capacitación a funcionarios municipales y líderes comunitarios en técnicas de plantación y manejo de especies nativas. Ejecución de campañas educativas y jornadas abiertas de reforestación en espacios públicos, riberas del río, cerros y áreas verdes degradadas. Implementación de un sistema de monitoreo participativo para asegurar el cuidado, riego y sobrevivencia de los árboles. Inclusión de criterios de equidad territorial y enfoque de género para asegurar una participación diversa y representativa.";;"Corto plazo (0–1 año): Elaboración del mapa de priorización, formación de alianzas y planificación técnica. Mediano plazo (1–3 años): Inicio de reforestación en sectores prioritarios, campañas comunitarias, instalación de sistemas de monitoreo. Largo plazo (3–5 años): Expansión del programa a nuevas áreas, seguimiento y mantenimiento de árboles plantados, evaluación del impacto ecológico y social.";"Número total de hectáreas reforestadas en la comuna. Cantidad y diversidad de especies nativas plantadas. Porcentaje de sobrevivencia de los árboles plantados al primer y segundo año. Número de actividades comunitarias de reforestación realizadas. Participación efectiva de comunidades locales, incluyendo paridad de género. Aumento de la cobertura vegetal en zonas críticas identificadas.";;"Pendiente"
"161";"Talagante";;;"Adaptación";"SOLUCIONES BASADAS EN LA NATURALEZA PARA EL DESARROLLO LOCAL";"Fomentar el uso de pavimentos permeables y jardines pluviales en proyectos municipales";;"Esta medida tiene como objetivo incorporar pavimentos permeables y jardines pluviales en los proyectos urbanos que sean diseñados por el municipio en terrenos municipales o BNUP. Los pavimentos permeables permiten que el agua de lluvia se infiltre directamente en el suelo, reduciendo la escorrentía superficial y la sobrecarga de los sistemas de drenaje. Además, los jardines pluviales, que son espacios verdes diseñados para capturar y filtrar el agua de lluvia hacia las napas subterráneas, contribuyen a la mejora de la calidad del agua, disminuir frecuencia de riegos, la prevención de inundaciones y el aumento de la biodiversidad urbana. Al implementar estas soluciones naturales, se busca no solo mitigar los efectos del cambio climático, sino también mejorar la calidad de vida urbana, creando espacios más verdes, sostenibles y resilientes frente a fenómenos climáticos extremos.";;;;"Largo Plazo";"Municipalidad de Talagante: Diseño e implementación de proyectos urbanos. SEREMI de Medio Ambiente: Supervisión de normativas ambientales. Ministerio de Vivienda y Urbanismo: Directrices de planificación sostenible. Empresas constructoras: Implementación técnica de pavimentos y jardines.";;;;;;;"Financiamiento Municipal: Recursos del presupuesto municipal a través de programas de medio ambiente, urbanismo y participación ciudadana. Postulación a Fondos Externos: Fondos como el Fondo de Protección Ambiental (FPA) y el Fondo Nacional de Desarrollo Regional (FNDR). Alianzas Público-Privadas: Acuerdos con empresas constructoras y desarrolladores privados para el uso compartido de recursos y la implementación de proyectos.";;"Largo Plazo Corto plazo (1-2 años): Realizar un levantamiento de información de la comuna. Planificación (1 mes): Definición de áreas prioritarias, criterios técnicos y responsables. Convocatoria (1 mes): Presentación del proyecto a la comunidad y a desarrolladores privados. Implementación inicial (3 meses): Instalación de pavimentos permeables y jardines pluviales en áreas seleccionadas. Mediano plazo (3-5 años): Expansión de la implementación en áreas adicionales de la comuna Largo plazo (5-10 años): Consolidación de estas prácticas en todos los proyectos urbanos municipales nuevos y remodelaciones.";"Reducción de escorrentía: Medición de la disminución de la escorrentía superficial en las áreas donde se implementaron los pavimentos permeables y jardines pluviales. Incremento en la infiltración de agua: Medición de la cantidad de agua infiltrada en el suelo gracias a las nuevas instalaciones. Mejora en la calidad del agua: Monitoreo de la calidad del agua en los cuerpos cercanos, con indicadores de contaminación y sedimentos. Satisfacción de la comunidad: Encuestas a los residentes locales para evaluar la percepción sobre la mejora ambiental, estética y funcional de los espacios públicos. Número de proyectos implementados: Total de proyectos de pavimento permeable y jardines pluviales ejecutados en el año";;"Pendiente"
"162";"Talagante";;;"Adaptación";"SOLUCIONES BASADAS EN LA NATURALEZA PARA EL DESARROLLO LOCAL";"Desarrollo y mejoramiento del Sendero Ecológico Humedal Rio Mapocho";;"Continuar con la creación del sendero ecológico con enfoque educativo y de conservación ambiental, procurando que éste sea un espacio de riqueza natural y esparcimiento educativo y seguro para los vecinos de la comuna. Impulsar medidas de seguridad en él sector, tanto para visitantes como para la conservación del ecosistema. Esta iniciativa busca preservar los ecosistemas locales, sensibilizar a la comunidad sobre su valor ambiental, y prevenir actividades que generen emisiones como la quema de residuos o el deterioro del entorno natural. El sendero funcionará como espacio de aprendizaje y control ambiental.";;;;;"Departamento de Medio Ambiente: Diseñar el sendero y coordinar su implementación. Supervisar el trabajo del guardaparque, control de accesos, y generar contenidos educativos. SECPLA: Apoyar en la formulación de proyectos que fomenten la habilitación del sendero y señalética, y postulación a fondos concursables. Departamento de Seguridad Pública: Vigilar el espacio, entregar información ambiental a los visitantes y reportar incidentes o amenazas al ecosistema.";;;;;;;"Financiamiento municipal a través de programas de Medio Ambiente y Desarrollo Territorial. Postulación a fondos como el Fondo de Protección Ambiental (FPA), el FNDR o fondos de conservación de la biodiversidad. Convenios con ONGs ambientales o universidades para asistencia técnica y educativa.";;"Mediano plazo Planificación (2 meses): Diagnóstico ambiental del área, trazado del sendero, definición de objetivos pedagógicos y perfil del guardaparque. Diseño y habilitación (4 meses): Instalación de señalética, limpieza del entorno, construcción de senderos y puntos de observación. Implementación (12 meses): Puesta en marcha del sendero, contratación del guardaparque, desarrollo de visitas educativas y campañas de sensibilización. Evaluación y mejoras (3 meses): Medición del uso del sendero, impacto educativo, percepción ciudadana y ajustes en la gestión del espacio.";"Número de Visitas Registradas: Cantidad de personas que recorren el sendero mensualmente. Participación en Actividades Educativas: Número de actividades ambientales realizadas y participantes registrados. Reporte del Guarda parque: Registro de incidentes ambientales, mejoras implementadas y actividades de vigilancia. Reducción de Daños Ambientales Locales: Disminución de residuos, fogatas o intervenciones no autorizadas en la zona monitoreada.";;"Pendiente"
"163";"Talagante";;;"Mitigación";"EDUCACIÓN AMBIENTAL";"Campaña de concientización sobre el Cambio Climático";;"Esta medida tiene como objetivo generar conciencia sobre el cambio climático y promover la participación ciudadana mediante una campaña estratégica de difusión ambiental. Esta iniciativa utilizará redes sociales, medios locales y otras plataformas de comunicación para compartir información generada por el Departamento de Medio Ambiente con la comunidad, asegurando que llegue a diversos sectores de la sociedad de manera clara, accesible y oportuna. En este contexto, los ejes fundamentales de la campaña serán los establecimientos educacionales, juntas de vecinos, funcionarios municipales, grandes, pequeñas y medianas empresas (pymes), ya que estos actores tienen un rol clave en la transformación hacia una comuna más sostenible. A través de actividades educativas, talleres, charlas y contenidos informativos, se buscará entregar herramientas concretas para comprender cómo disminuir la huella de carbono individual y colectiva, y cómo estas acciones pueden generar beneficios directos para el entorno local, como la mejora de la calidad del aire, la eficiencia en el uso de recursos y la resiliencia ante eventos climáticos extremos.";;;;;"Departamento de Medio Ambiente: Diseñar contenidos informativos y coordinar campañas en redes sociales y medios locales. Departamento de Relaciones Públicas: Apoyar en la elaboración de piezas gráficas, audiovisuales, comunicacionales y la administración de plataformas digitales municipales.";;;;;;;"Utilización de recursos municipales para producción de contenido, publicaciones en redes sociales, difusión comunitaria y organización de actividades.";;"inmediato tras aprobación Duración inicial: 4 meses (1 mes de diseño + 3 meses de implementación) Continuidad: Reajuste y extensión trimestral con nuevas temáticas y retroalimentación ciudadana Calendario: Publicaciones temáticas semanales; talleres presenciales mensuales en sedes vecinales, escuelas y espacios culturales Diseño de Contenidos y Plan de Difusión (4 meses): Elaboración de material gráfico, audiovisual y digital con enfoque local y pedagógico. Incluye la planificación de líneas temáticas mensuales, lenguaje adaptado a públicos diversos y coordinación con actores comunitarios. Implementación de la Campaña (6 meses iniciales): Lanzamiento de contenidos a través de redes sociales, radios comunales, espacios públicos, ferias ambientales y escuelas. Calendario de Publicaciones y Talleres: Publicaciones semanales temáticas en redes sociales (clima, agua, residuos, energía, etc.), cápsulas audiovisuales mensuales y realización de al menos un taller presencial por mes en centros comunitarios. Ajustes: Evaluaciones trimestrales de impacto, con ajustes en contenidos, formatos o canales de difusión según retroalimentación y participación.";"Cantidad de Publicaciones Realizadas: Número de contenidos difundidos en redes sociales, medios locales y espacios comunitarios. Nivel de Interacción en Redes Sociales: Métricas de alcance, reacciones, comentarios y compartidos de las publicaciones. Percepción Ciudadana: Encuestas de satisfacción y nivel de conocimiento ambiental tras la campaña.";;"Pendiente"
"164";"Talagante";;;"Mitigación";"EDUCACIÓN AMBIENTAL";"Educación ambiental en la primera infancia";;"Implementación de un sistema integral en jardines infantiles que incluye un plan pedagógico ambiental, un manual de buenas prácticas y la creación de viveros escolares. Así la medida busca fomentar el cuidado del medio ambiente desde la temprana infancia, fortalecer la educación en sostenibilidad, promover el uso eficiente del agua y aumentar la biodiversidad en espacios educativos.";;;;;"Departamento de Medio Ambiente: Elaboración del manual y plan pedagógico. Corporación Municipal de Educación de Talagante CORPOTAL: Coordinación general con jardines infantiles, formación de equipos educativos, evaluación del impacto. Dirección de Obras Municipales (DOM): Apoyo técnico para la instalación de captadores y viveros, revisión y autorización de infraestructura.";;;;;;;"Financiamiento municipal propio destinado a educación y medio ambiente. Postulación a fondos como el Fondo de Protección Ambiental (FPA), Fondo de Innovación en Educación Ambiental, PMU o convenios con organismos estatales de medio ambiente y educación.";;"Corto a mediano plazo Diseño del Plan y Manual (5 meses): Elaboración del manual y propuesta pedagógica. Capacitación (5 meses): Formación de educadoras y equipos directivos en prácticas sostenibles. Instalación de Sistemas (1 año): Implementación de captadores de agua lluvia y viveros en los jardines seleccionados. Aplicación y Seguimiento (permanente): Desarrollo de actividades con los niños y seguimiento semestral de resultados.";"Número de Jardines con Plan Implementado: Cantidad de jardines infantiles participantes con sistemas de captación de aguas lluvia, viveros y manual de buenas prácticas en funcionamiento. Número de Niños Beneficiados: Cantidad de niños que participan activamente en las actividades educativas ambientales. Volumen de Agua Captada: Cantidad de litros de agua lluvia recolectados y utilizados. Número de Especies Plantadas: Diversidad y cantidad de especies vegetales cultivadas en los viveros escolares. Participación de educadoras: Número de profesionales capacitadas y aplicando el enfoque ambiental en sus prácticas.";;"Pendiente"
"165";"Talagante";;;"Adaptación";"EDUCACIÓN AMBIENTAL";"Laboratorio climático educativo itinerante";;"Implementar pilotos demostrativos en establecimientos educacionales que permita visibilizar los efectos del cambio climático a nivel local, mediante la instalación de estaciones meteorológicas, paneles informativos, recursos educativos y actividades prácticas que fomenten la conciencia ambiental en estudiantes, docentes y comunidades escolares. Esta experiencia busca escalar a más escuelas como un modelo replicable de laboratorio climático.";;;;;"Departamento de Medio Ambiente: Elaborar en conjunto con los diferentes establecimientos educacionales el piloto demostrativo. Realizar capacitaciones a docentes de los establecimientos educacionales. Directores de establecimientos: Supervisar y coordinar todas las actividades del proyecto. Docentes Participantes: Implementan las actividades educativas diseñadas en el piloto. Supervisan la participación y el compromiso de los estudiantes.";;;;;;;"Será necesario la contratación de profesionales que se hagan cargo del piloto. Además de la capacitación de los funcionarios de los establecimientos educacionales en materia del piloto demostrativo.";;"Mediano y largo plazo Planificación (2 meses): Identificación de los efectos del cambio climático relevantes para el área, la planificación de las actividades demostrativas y el diseño de la estructura del proyecto. Diseño del Piloto (3 meses): Preparación del lugar donde se desarrollará el piloto, la adquisición de materiales y recursos educativos. Implementación (12 meses): Esta etapa depende de la complejidad de las actividades a realizar, el período de observación y recolección de datos. Evaluación y Ajustes del Piloto (3 meses): Esta etapa consta de evaluación de los resultados del piloto, recopilación de información y preparación de materiales para compartir los hallazgos y lecciones aprendidas con la comunidad educativa y otros interesados.";"Participación Estudiantil: Porcentaje de estudiantes participantes en actividades. Conocimiento y Conciencia: Nivel de conocimiento sobre el cambio climático antes y después de la implementación del piloto. Feedback de los Docentes: Evaluación del impacto del piloto según la retroalimentación de los docentes sobre el cambio en el interés y participación de los estudiantes.";;"Pendiente"
"166";"Talagante";;;"Mitigación";"GESTIÓN SOSTENIBLE DEL RECURSO HÍDRICO";"Plan de gestión hídrica";;"Esta medida tiene como objetivo principal reducir el consumo de agua potable y promover una gestión eficiente, sostenible y resiliente del recurso hídrico en la comuna. El plan incluye acciones como monitoreo del consumo en edificios públicos, instalación de tecnologías de ahorro hídrico, educación comunitaria sobre uso eficiente del agua, fortalecimiento de infraestructura verde y promoción del rehúso de aguas grises. Busca también disminuir la vulnerabilidad frente a la escasez hídrica y contribuir a la mitigación del cambio climático mediante la reducción de huella hídrica comunal. Esta propuesta responde a los lineamientos del PLADECO 2023-2026, específicamente a su medida N°27, en donde ambos instrumentos se complementarán para garantizar una gestión integral y sostenible del agua en el territorio comunal.";;;;;"Departamento de Medio Ambiente (Municipalidad de Talagante): Encargado de liderar el proceso de diagnóstico, elaboración e implementación. SISS (Superintendencia de Servicios Sanitarios): Aporte técnico y normativo. Agencia de Sustentabilidad y Cambio Climático: Asesoría estratégica en sostenibilidad y eficiencia hídrica. Dirección de Obras Municipales (DOM): Evaluar infraestructura de consumo, proponer mejoras técnicas e incorporar criterios de eficiencia hídrica en futuros proyectos públicos. Organizaciones Comunitarias, Escuelas y Juntas de Vecinos: Participación activa en el diseño y difusión del plan educativo.";;;;;;;"Recursos municipales a través de programas de medio ambiente y obras públicas. Postulación a fondos nacionales como el Fondo de Innovación para la Competitividad (FIC), Fondo de Eficiencia Hídrica, Fondo Nacional de Desarrollo Regional (FNDR) o fondos de emergencia hídrica. Apoyo de actores técnicos (universidades, ONGs, centros de investigación).";;"Corto y mediano plazo Diagnóstico (6 meses): Evaluación de la situación hídrica comunal, incluyendo fuentes, consumo y riesgos. Elaboración (6 meses): Redacción de la ordenanza y diseño del plan educativo-comunal participativo. Revisión y aprobación (2 meses): Validación legal, consulta ciudadana y aprobación por el Concejo Municipal. Implementación (1 año): Aplicación de la ordenanza, ejecución del plan educativo y campañas de difusión. Seguimiento continuo (anual): Evaluación de resultados y actualización de medidas según retroalimentación ciudadana.";"Reducción del Consumo de Agua Potable: Comparación mensual del uso en edificios públicos e instalaciones comunitarias antes y después de la implementación. Número de Dispositivos de Ahorro Instalados: Total de tecnologías instaladas (aireadores, doble descarga, medidores inteligentes, etc.). Cantidad de Personas Sensibilizadas: Número de asistentes a talleres, charlas o campañas. Superficie con Infraestructura de Reúso: Metros cuadrados intervenidos con sistemas de reúso o captación (aguas grises o lluvia). Reducción de Huella Hídrica Comunal: Estimación del ahorro hídrico total generado por la medida, expresado en $m^{3}/a ilde{n}o$.";;"Pendiente"
"167";"Talagante";;;"Adaptación";"GESTIÓN SOSTENIBLE DEL RECURSO HÍDRICO";"Plan de riego comunal";;"Esta medida tiene por objetivo desarrollar un Plan de Riego Eficiente a partir del análisis técnico y territorial de las áreas verdes existentes en la comuna. El propósito es identificar las necesidades hídricas reales de cada espacio, considerando las especies vegetales presentes, las condiciones climáticas locales y la disponibilidad de recursos hídricos. El plan contempla la elaboración de un catastro actualizado de áreas verdes, clasificando los sectores según tipo de vegetación, tamaño, exposición solar y nivel de uso. A partir de esta información, se diseñará un sistema de riego estratégico que priorice la eficiencia en el uso del agua, incorporando tecnologías como riego por goteo, sensores de humedad y programación automatizada según la estacionalidad.";;;;;"Dirección de Medio Ambiente, Aseo y Ornato (DAO): realizará el estudio de las áreas verdes de la comuna SECPLA: se encargará de realizar plano con nuevos sistemas de riego Dirección de obras públicas (DOM): Apoyo en el catastro y georreferenciación de las áreas verdes comunales. Organizaciones comunitarias (OOCC): comunicar a vecinos cada cuanto tiempo deberán regar los árboles que se encuentran fuera de sus casas.";;;;;;;"Presupuesto Municipal: Recursos para la implementación de campañas educativas y eventos comunitarios. Subsecretaría de Desarrollo Regional (SUBDERE): PMU Verde Gobierno Regional: Fondo de Innovación para la Competitividad (FIC) Ministerio de Medio Ambiente: Fondo de Protección Ambiental (FPA)";;"mediano plazo Planificación (4 meses): Estudio de las áreas verdes existentes en la comuna, con el fin de identificar el tipo de vegetación que existe e identificar la cantidad de recurso hídrico que se necesita para su riego. Posterior a ello, se realizará la creación de plano con rutas de riego y plazos establecidos para cada una de ellas. Implementación (4 meses): implementación de las nuevas rutas de riego Evaluación (anuales): Análisis de la reducción de la cantidad de agua utilizada en riego según m2 de áreas verdes y evaluación del estado de las especies.";"Disminución del gasto del agua: Comparación del consumo de agua anual antes y después de la implementación del plan. Ahorro en costos operativos: disminución del costo de combustible con la nueva planificación de riego.";;"Pendiente"
"168";"Talagante";;;"Adaptación";"GESTIÓN SOSTENIBLE DEL RECURSO HÍDRICO";"Medir la huella hídrica a nivel municipal con el fin de implementar medidas concretas orientadas a reducir la demanda hídrica";;"La medida consiste en medir la huella hídrica a nivel municipal para entender y gestionar el uso del agua. El objetivo es implementar medidas específicas que reduzcan la demanda hídrica, promoviendo un uso más eficiente y sostenible del recurso.";;;;;"Municipalidades: Coordinar la medición de la huella hídrica a nivel local. Colaborar en la implementación de medidas para reducir la demanda hídrica. Ministerio de Agricultura y Ministerio de Medioambiente: Brindar asesoramiento técnico y apoyo para la medición y gestión de la huella hídrica. Comunidad Local: Participar en iniciativas de concientización y educación sobre el uso eficiente del agua.";;;;;;;"Presupuesto Municipal: Asignar recursos para la medición de la huella hídrica y la implementación de medidas. Fondos Gubernamentales: Destinar fondos del gobierno para apoyar iniciativas municipales de gestión hídrica.";;"Corto plazo Preparación y Planificación (6 meses): Identificación de metodologías de medición de la huella hídrica, la recolección de datos, y la planificación detallada del estudio. Medición de Huella Hídrica (1 año): Recopilación de datos necesarios, Análisis de la huella hídrica a nivel municipal y comprensión de los patrones de consumo. Desarrollo e Implementación de Medidas (1 año): Elaboración de estrategias, políticas y programas que se deriven de los resultados del análisis de la huella hídrica. Monitoreo continuo: Evaluación periódica para medir el impacto de estas medidas y realizar ajustes según sea necesario.";"Reducción de Consumo de Agua por Habitante: Medir la disminución en el consumo per cápita como indicador de eficacia. Mejora en la Eficiencia del Uso del Agua: Evaluar la eficiencia de las prácticas implementadas en comparación con los niveles anteriores. Participación Comunitaria: Evaluar el nivel de participación y compromiso de la comunidad en la gestión del agua.";;"Pendiente"
"169";"Talagante";;;"Mitigación";"MOVILIDAD SOSTENIBLE";"Cierre vial para movilidad sostenible";;"Incorporar una franja horaria los domingos para que los ciclistas puedan transitar libremente por las calles de la comuna, para fomentar el uso de bicicletas como medio de transporte saludable y recreativo, transformando a los ciudadanos en una comunidad activa y consciente del medio ambiente.";;;;;"Departamento de Tránsito y Transporte Público: Definir los tramos de calles y horarios habilitados, gestionar desvíos y señalización provisoria. Departamento de Medio Ambiente: Difundir la actividad, concientizar sobre sus beneficios ambientales y realizar campañas informativas. Dirección de Seguridad Pública: Coordinar la presencia de inspectores municipales o apoyo en seguridad para resguardar el tránsito peatonal y ciclista.";;;;;;;"Financiamiento municipal propio a través de los programas de Deporte y Recreación, Medio Ambiente y Participación Comunitaria. También se puede optar a fondos como el Fondo de Deporte Municipal o el Programa de Promoción de la Salud.";;"Mediano Plazo Planificación (4 meses): Definición de calles, horarios, medidas de seguridad y difusión. Organización y Coordinación (1 año): Gestión interdepartamental y con organizaciones comunitarias. Implementación (6 meses): Puesta en marcha de la franja dominical, con evaluaciones mensuales.";"Número de Jornadas Realizadas: Cantidad de domingos en los que se habilita la franja. Cantidad de participantes: Número de personas que utilizan las calles en bicicleta u otros medios no motorizados. Reducción del tránsito vehicular: Disminución del flujo de autos en las zonas cerradas durante la actividad.";;"Pendiente"
"170";"Talagante";;;"Mitigación";"MOVILIDAD SOSTENIBLE";"Aumento de la flota de buses eléctricos municipales para un traslado sostenible";;"Esta medida corresponde a aumentar la cantidad de buses eléctricos para el traslado público con el fin de reducir la dependencia de combustibles fósiles y disminuir las emisiones contaminantes. El fortalecimiento de estos servicios promueve la equidad territorial, facilitando la conectividad a diversos servicios esenciales como salud, educación y trabajo, tanto dentro como fuera de la comuna. También se espera una disminución en el uso del vehículo particular, lo que contribuye a descongestionar las vías y reducir el impacto ambiental asociado al transporte motorizado privado.";;;;;"Departamento de Tránsito y Departamento de Medio Ambiente: Coordinar la planificación, adquisición y operación de buses eléctricos adicionales para la flota comunal. Gestionar el mantenimiento, supervisar la operación diaria, elaborar reportes anuales sobre su desempeño y beneficios ambientales, así como proponer mejoras operativas y de cobertura. Ministerio de Energía: Brindar asistencia técnica, capacitaciones y asesoría sobre infraestructura de carga y operación eficiente de buses eléctricos. SECPLA (Secretaría Comunal de Planificación): Integrar esta medida dentro de las iniciativas de inversión planificadas para el semestre correspondiente, además de formular y gestionar dicha iniciativa con el objetivo de obtener su admisibilidad, y por consiguiente, los recursos para los vehículos solicitados.";;;;;;;"Utilización de fondos municipales propios, programas de apoyo ministeriales, subsidios sectoriales, y postulación a fondos regionales como el Fondo Regional de Iniciativa Local (FRIL), Programa de Mejoramiento de Barrios (PMB), e Incuba Energía Sostenible.";;"Largo plazo Planificación (2 meses): Definir el plan de ampliación de la flota, establecer criterios de selección de recorridos, beneficiarios, determinar necesidades técnicas y presupuestarias. Adquisición y Preparación (6 meses): adquisición de nuevos buses eléctricos, capacitar a conductores y personal técnico municipal e instalar la infraestructura de carga correspondiente. Implementación (2 meses): Incorporar los nuevos buses eléctricos en los recorridos definidos y ajustar operaciones según resultados. Monitoreo y Evaluación anual: Realizar seguimiento ambiental y operativo, identificar oportunidades de mejora y reportar los resultados del desempeño Evaluación Continua: Establecer un sistema para monitorear el uso y la efectividad de lo que consideran los ciudadanos y con actualizaciones periódicas.";"Número de Buses Eléctricos Incorporados: Cantidad de unidades nuevas puestas en operación. Reducción de Emisiones de Gases de Efecto Invernadero (GEI): Toneladas de CO2 equivalente evitadas anualmente por la operación de la flota eléctrica. Disminución del Consumo de Combustibles Fósiles: Litros de diésel evitados por el funcionamiento de los buses eléctricos respecto a buses de tipo convencionales. Nivel de Satisfacción de Usuarios: Encuestas municipales de percepción de calidad del servicio y comodidad de los nuevos buses. Monitorización y Evaluación Continua: Establecer sistemas de seguimiento continuo para evaluar la eficacia de las medidas a lo largo del tiempo y realizar ajustes según sea necesario.";;"Pendiente"
"171";"Talagante";;;"Mitigación";"GESTIÓN DE RESIDUOS";"Gestión sostenible de residuos orgánicos";;"Esta medida busca implementar un Plan de compostaje a nivel comunal, como también contempla la instalación de una planta de compostaje dentro del Centro de Desarrollo Sustentable Oliveto, con el fin de revalorizar residuos orgánicos, reducir la disposición final en vertederos y promover una cultura de economía circular y el correcto manejo de residuos. Todo el material orgánico recolectado será procesado en esta planta para la elaboración de compost, el cual se utilizará para la multiplicación de especies de árboles nativos en las áreas verdes y BNUP de la comuna.";;;;;"Departamento de Medio Ambiente: Diseño del plan, Desarrollo del proyecto de planta de compostaje, ejecución técnica, capacitación de hogares y escuelas, ferias libres, entrega de composteras y seguimiento. SECPLA: Elaboración y gestión del proyecto Planta de Compostaje a fondos de financiamiento, integración con el PLADECO y proyectos regionales. Corporación de Educación Municipal (CORPOTAL): Promover la instalación y uso pedagógico de composteras escolares e implementación del Plan de compostaje de residuos orgánicos. DAO: Apoyar en la recolección diferenciada y monitoreo del compost municipal. Ministerio del Medio Ambiente / SUBDERE: Brindar asistencia técnica y acceso a fondos para compostaje comunitario y educación ambiental.";;;;;;;"Fondos municipales, convenios con SUBDERE y el Ministerio del Medio Ambiente, postulación al FNDR, FPA, FRIL, PMB y programas de residuos orgánicos de la SEREMI del Medio Ambiente. Se contempla la adquisición de composteras, formación de monitores ambientales, campañas de difusión y herramientas básicas para la gestión del compost.";;"Largo plazo Planificación (5 meses): diagnóstico, implementación de zonas piloto, diseño participativo del programa y definición de hogares, escuelas y unidades municipales beneficiadas. Implementación (8 meses): Educación en separación de los residuos, Entrega e instalación de composteras, talleres de uso y mantenimiento, acompañamiento técnico y monitoreo de funcionamiento. Monitoreo y Evaluación (anual): Registro de volumen compostado, calidad del compost, participación ciudadana y beneficios ambientales.";"Número de composteras instaladas: En hogares, escuelas y dependencias municipales. Cantidad de residuos orgánicos recolectados: pesaje del contenido recolectado Volumen de compost $(kg/mes)$: Reducción efectiva de residuos sólidos. Participación activa de vecinos y comunidades escolares: Cantidad de personas capacitadas y participando. Uso del compost generado: Aplicación en jardines, huertos y espacios verdes. Reducción de residuos orgánicos enviados a disposición final: Comparación interanual.";;"Pendiente"
"172";"Talagante";;;"Mitigación";"GESTIÓN DE RESIDUOS";"Fomento de moda circular";;"Esta campaña promueve prácticas sostenibles vinculadas a la reducción, reutilización y reciclaje de textiles como estrategia de adaptación al cambio climático. Se busca reducir los residuos textiles, fomentar el consumo consciente y disminuir la huella de carbono mediante: 1) campaña de concientización en redes sociales para la reducción; 2) ferias de intercambio de ropa para reutilización; y 3) talleres comunitarios de confección para el reciclaje de prendas.";;;;;"Departamento de Medio Ambiente: Coordinar la campaña, definir contenidos técnicos y objetivos ambientales. DIDECO: Gestionar convocatorias abiertas a la comunidad, especialmente organizaciones sociales, juntas de vecinos y grupos de mujeres. Departamento de Cultura: Apoyar la realización de ferias y talleres, proporcionar espacios y material didáctico, y colaborar en la difusión cultural.";;;;;;;"Financiamiento municipal a través de programas de Medio Ambiente, Cultura y Participación Ciudadana. Postulación a fondos externos como el Fondo de Protección Ambiental (FPA) y el Fondo Nacional de Desarrollo Regional (FNDR). Utilización de recursos propios de talleres comunitarios y alianzas con centros culturales o educativos.";;"Mediano y largo plazo Planificación (2 meses): Definición de contenidos, cronograma, metodología y responsables por eje de acción. Convocatoria (4 meses): Difusión por medios municipales, redes sociales y juntas de vecinos. Implementación (7 meses): Desarrollo de ferias de intercambio, talleres de confección y publicación de contenidos digitales. Evaluación (1 mes): Análisis de participación, satisfacción de los asistentes y volumen de textiles recuperados.";"Número de Actividades Realizadas: Total de campañas, ferias y talleres ejecutados en el año. Cantidad de Participantes: Número de personas que participaron activamente en al menos una de las instancias de la campaña. Volumen de Textiles Reutilizados o Reciclados: Cantidad de kilos de textiles reutilizados o transformados como resultado de las actividades. Nivel de Satisfacción de los Participantes: Valoración de la experiencia, utilidad y pertinencia ambiental de las actividades, medida mediante encuestas post-evento.";;"Pendiente"
"173";"Talagante";;;"Mitigación";"GESTIÓN DE RESIDUOS";"Plan de compras sustentables para la gestión municipal";;"Esta medida consiste en el diseño e implementación de un Manual de Compras Sustentables Municipales, con el objetivo de incorporar criterios ambientales, sociales y económicos responsables en todos los procesos de adquisición pública. El manual establecerá lineamientos concretos para priorizar productos reutilizables, reciclables, de bajo impacto ambiental, locales o certificados. Así, la municipalidad se transforma en un modelo de gestión coherente con los principios de sostenibilidad y mitigación del cambio climático. Como ejemplo, se contempla la compra de papel reciclado en lugar de papel normal.";;;;;"Departamento de Medio Ambiente: Liderar la elaboración del manual, establecer criterios ambientales y capacitar a los equipos municipales. Dirección de Adquisición y Finanzas: Implementar e incorporar el manual en los procesos de compras y licitaciones. Dirección de Control y Jurídica: Supervisar la correcta aplicación normativa del manual y validar su uso como directriz administrativa.";;;;;;;"Recursos municipales y asistencia técnica externa en compras públicas sustentables. Posibilidad de postulación a programas de fortalecimiento institucional o apoyo de organismos como la Agencia de Sustentabilidad y Cambio Climático, ChileCompra o GEF (Global Environment Facility)";;"Mediano plazo Diagnóstico y diseño (8 meses): Revisión de prácticas actuales de compra y análisis de oportunidades para incorporar criterios sostenibles. Redacción del Manual (8 meses): Desarrollo de criterios obligatorios y recomendados por tipo de producto/servicio, prohibiciones (como plásticos de un solo uso) y guías para funcionarios. Capacitación y difusión (5 meses): Formación de los equipos municipales sobre uso del manual y criterios de compras sustentables. Implementación y seguimiento (continuo): Aplicación obligatoria en las compras públicas y evaluación de cumplimiento anual.";"Porcentaje de Compras con Criterios Sustentables: Número de adquisiciones realizadas conforme al manual sobre el total de compras municipales. Reducción de Productos de un Solo Uso Adquiridos: Disminución progresiva de insumos como botellas plásticas, bolsas o productos desechables. Número de Funcionarios Capacitados: Total de personas formadas en criterios de compra sustentable. Actualización Anual del Manual: Revisión y mejora del documento conforme a nuevas normativas, productos disponibles o necesidades institucionales. Evaluación de Proveedores Sustentables: Número y porcentaje de proveedores que cumplen con criterios de sostenibilidad.";;"Pendiente"
"174";"Talagante";;;"Adaptación";"GESTIÓN DE RESIDUOS";"Formación ambiental para agricultores de Talagante";;"Implementar un plan educativo dirigido a pequeños agricultores enfocado en la gestión eficiente del agua y el manejo adecuado de residuos agrícolas. El objetivo es reducir impactos ambientales negativos, como la contaminación de suelos y cursos de agua, y fomentar prácticas agrícolas sostenibles que contribuyan a disminuir emisiones de gases de efecto invernadero, a través del uso responsable de recursos naturales y la correcta disposición o reutilización de residuos.";;;;;"Departamento de Medio Ambiente: Coordinar el diseño del plan educativo, establecer contenidos técnicos y liderar las jornadas formativas. Oficina de Desarrollo Rural (PRODESAL): Identificar a los beneficiarios, apoyar la logística de las actividades y proporcionar orientación técnica. Dirección de Desarrollo Comunitario (DIDECO): Difundir las convocatorias, especialmente en sectores rurales, y facilitar el vínculo con organizaciones campesinas.";;;;;;;"Financiamiento municipal a través de programas ambientales y de desarrollo rural. Postulación a fondos externos como el Fondo de Protección Ambiental (FPA), programas de INDAP o el Fondo de Innovación para la Competitividad (FIC). Alianzas con universidades agrícolas, INIA y organizaciones campesinas para soporte técnico y educativo.";;"Corto plazo Planificación (2 meses): Diagnóstico de necesidades formativas, diseño de módulos educativos y coordinación interinstitucional. Convocatoria (1 mes): Difusión de las actividades mediante redes municipales, organizaciones rurales y visitas en terreno. Implementación (6 meses): Desarrollo de talleres, jornadas prácticas y entrega de materiales educativos. Evaluación y seguimiento (3 meses): Evaluación del aprendizaje, retroalimentación de participantes y sistematización de resultados para ajustes futuros.";"Cantidad de Agricultores Capacitados: Número total de participantes registrados en al menos un módulo del plan. Mejoras en Prácticas Agrícolas: Porcentaje de agricultores que adoptan medidas recomendadas en gestión hídrica y de residuos. Nivel de Satisfacción de los Participantes: Resultados de encuestas sobre utilidad, claridad y aplicabilidad de los contenidos. Reducción de Residuos Agrícolas Mal Dispuestos: Evaluación comparativa de prácticas antes y después de la implementación del plan.";;"Pendiente"
"175";"Talagante";;;"Mitigación";"SEGURIDAD AMBIENTAL";"Plan de fomento de fiscalización ambiental";;"Esta medida busca reforzar las capacidades institucionales del municipio para fiscalizar a actores privados en materias medioambientales, con base en las líneas estratégicas del Plan de Mejoramiento de la Gestión (PMG). Se propone diseñar e implementar un plan integral de fiscalización ambiental que incluya protocolos claros, formación técnica para fiscalizadores, articulación con organismos competentes y mecanismos de denuncia ciudadana. El objetivo es asegurar el cumplimiento de normativas ambientales locales y nacionales, reducir impactos negativos al entorno y avanzar hacia una gobernanza ambiental eficaz.";;;;;"Departamento de Medio Ambiente: Lidera el diseño del plan de fiscalización, define prioridades de fiscalización, establece criterios técnicos y gestiona los informes anuales. Departamento de Seguridad Pública: Ejecuta la fiscalización en terreno y aplica sanciones o medidas correctivas. Asesoría Jurídica: Apoya en la revisión normativa, sustento legal de fiscalizaciones y gestión de sanciones. Organismos Sectoriales (SMA, Seremi del Medio Ambiente, Seremi de Salud): Coordinación para fiscalizaciones conjuntas o derivación de casos. Oficina de Transparencia o Participación Ciudadana: Habilita canales de denuncia ambiental por parte de la comunidad.";;;;;;;"Financiamiento municipal asociado al cumplimiento de metas PMG, convenios con entidades de fiscalización ambiental, y postulación a fondos de fortalecimiento institucional o de gestión ambiental local (FPA, FNDR, SUBDERE). Posibilidad de asistencia técnica de organismos nacionales o internacionales especializados.";;"Largo plazo Diagnóstico inicial (3 meses): Revisión de capacidades actuales, identificación de brechas legales, operativas y humanas, análisis de casos y fuentes de conflicto ambiental recurrente. Diseño del plan de fiscalización (4 meses): Elaboración de lineamientos, protocolos, criterios de riesgo y roles institucionales. Capacitación e implementación progresiva (12 meses): Formación de fiscalizadores, puesta en marcha de operativos por zona o tipo de actividad privada, instalación de canales de denuncia. Evaluación y mejora continua (anual): Análisis de cumplimiento, impactos, sanciones aplicadas y revisión técnica del plan para su actualización.";"Número de Fiscalizaciones Realizadas: Total de inspecciones ejecutadas a actividades privadas en el año. Índice de Cumplimiento Ambiental: Porcentaje de cumplimiento detectado en fiscalizaciones respecto a normativa vigente. Cantidad de Denuncias Atendidas: Número de denuncias ambientales recibidas y gestionadas satisfactoriamente. Número de Funcionarios Capacitados: Total de inspectores y funcionarios municipales formados en fiscalización ambiental. Actualización del Plan de Fiscalización: Número de veces que el plan ha sido revisado y mejorado en función de los resultados.";;"Pendiente"
"176";"Talagante";;;"Mitigación";"SEGURIDAD AMBIENTAL";"Aumento de tele vigilancia en zonas con riesgo de micro basurales";;"Implementación de cámaras de seguridad en áreas propensas a microbasurales para mejorar la eficiencia en la identificación y monitoreo de las actividades que afectan el medio ambiente, lograr identificar a las personas que incumplen las normativas climáticas y ambientales. Esta propuesta responde a los lineamientos del PLADECO 2023-2026, específicamente a su medida N°27, en donde ambos instrumentos se complementarán para garantizar una gestión integral y sostenible del agua en el territorio comunal.";;;;;"Departamento de Medio Ambiente: Definir los puntos estratégicos de instalación, supervisar el monitoreo de imágenes y coordinar las acciones ante infracciones detectadas. Departamento de Seguridad Pública Municipal: Operar y gestionar el sistema de cámaras, recepcionar alertas y coordinar la respuesta con inspectores municipales y personal de medio ambiente. Departamento de Tránsito y Obras Municipales: Apoyar en la instalación de infraestructura necesaria y conexión de cámaras. DIDECO: Colaborar en campañas informativas sobre las sanciones y normativas vigentes para prevenir conductas dañinas para el medio ambiente.";;;;;;;"Financiamiento municipal propio destinado a seguridad y medio ambiente. Postulación a fondos públicos como el FNDR (Subtítulo 29), Fondo Nacional de Seguridad Pública (FNSP) y Fondo de Protección Ambiental (FPA).";;"Corto y mediano plazo Plazo de implementación: Corto a mediano plazo. Diagnóstico y Selección de Puntos Críticos (2 meses): Identificación de los lugares con mayor frecuencia de microbasurales y actividades ambientales ilícitas. Aprobación de la Iniciativa (8 meses): Elaboración y gestión de la iniciativa en el GORE, para la Adquisición e instalación de cámaras. Licitación, adjudicación e implementación (3 meses): Proceso de licitación y adquisición y posterior instalación de los diversos puntos. Operación y Monitoreo (permanente): Vigilancia continua, revisión de grabaciones y respuesta inmediata a las infracciones detectadas. Evaluación y Reporte (semestral): Análisis de efectividad de la medida, cantidad de infracciones detectadas y reducción de microbasurales.";"Número de Cámaras Instaladas: Cantidad de cámaras funcionando en los puntos estratégicos definidos. Reducción de Microbasurales: Disminución porcentual de sitios intervenidos con presencia de microbasurales. Cantidad de Infracciones Detectadas: Número de personas o actividades identificadas incumpliendo normativas ambientales. Tiempo de Respuesta: Promedio de tiempo entre la detección de la infracción y la acción correctiva o denuncia municipal.";;"Pendiente"
"177";"Talagante";;;"Adaptación";"SEGURIDAD AMBIENTAL";"Tenencia responsable de mascotas";;"Esta medida tiene como objetivo fomentar la tenencia responsable de mascotas, promoviendo su cuidado y control adecuado para evitar que interactúen con la fauna nativa y evitar que las mascotas intervengan en la basura en las calles. El fortalecimiento de esta práctica no solo contribuye al bienestar animal, sino que también reduce la contaminación urbana y la acumulación de desechos. Las mascotas que deambulan sin supervisión pueden causar desequilibrios en el ecosistema local, como la depredación de especies nativas o el consumo de residuos, lo que a su vez aumenta la contaminación y contribuye a la emisión de gases de efecto invernadero al no gestionar adecuadamente los desechos orgánicos y plásticos. Promover la tenencia responsable tiene efectos positivos sobre la fauna nativa, la limpieza de la ciudad y la reducción de la huella de carbono.";;;;;"Municipalidad de Talagante: Implementación de campañas de concientización y educación sobre la tenencia responsable de mascotas. Departamento de Medio Ambiente: Supervisión de la limpieza de las calles y el control de residuos. Juntas de vecinos y organizaciones sociales: Colaboración en la difusión de buenas prácticas. DAO: contar con las herramientas necesarias para la realización de campañas en la comuna.";;;;;;;"Presupuesto Municipal: Recursos para la implementación de campañas educativas y eventos comunitarios. Fondos de Protección Ambiental: Postulación a fondos destinados a la protección de fauna y control de residuos. Alianzas con Organizaciones No Gubernamentales (ONGs): Colaboración para realizar talleres de educación y eventos de esterilización. Colaboración con Veterinarias Privadas: Servicios gratuitos o con descuento para la esterilización y el control sanitario.";;"Corto plazo Planificación (2 meses): Definición de los contenidos de la campaña, cronograma, metodologías y asignación de responsables por cada acción específica. Convocatoria (4 meses): Difusión de la campaña a través de medios municipales, redes sociales, y contacto con juntas de vecinos y organizaciones sociales. Implementación (6 meses): Desarrollo de talleres educativos, charlas sobre tenencia responsable y jornadas de esterilización, en diferentes puntos del municipio. Evaluación (1 mes): Análisis de la participación de la comunidad, la efectividad de las campañas, el número de mascotas esterilizadas y el impacto en la reducción de la basura y fauna callejera.";"Reducción de la fauna callejera: Medición de la disminución en el número de mascotas sin dueño o no controladas en espacios públicos. Cantidad de residuos recolectados: Medición de la reducción de basura en calles, especialmente en áreas de alta circulación de mascotas. Número de esterilizaciones realizadas: Cantidad de procedimientos de esterilización llevados a cabo en el marco de la campaña. Satisfacción de la comunidad: Encuestas para medir la percepción de la comunidad sobre la mejora en la calidad del entorno urbano y la protección de la fauna nativa. Cumplimiento de la normativa de tenencia responsable: Porcentaje de dueños de mascotas que participan activamente en programas nas de educación y control.";;"Pendiente"
"178";"Talagante";;;"Mitigación";;"Promover la implementación de cortafuegos estratégicos en sectores colindantes a cerros y de alto índice de incendio";;"Este proyecto busca crear cortafuegos en áreas que presenten mayor riesgo de incendios forestales debido a su cercanía con zonas rurales, vegetación densa, asentamientos humanos y condiciones climáticas propicias para la propagación del fuego.";;;;;"Dirección de emergencias: Liderar el proyecto y establecer los vínculos con los propietarios para incentivarlos a participar Departamento de Medio Ambiente: Apoyo estratégico y deberá identificar las zonas estratégicas para el desarrollo del proyecto.";;;;;;;"Para financiar cortafuegos en Talagante, la municipalidad puede acceder al Fondo Comunidad Activa, al Fondo de Protección Ambiental (FPA), a fondos del Gobierno Regional Metropolitano y a convenios con CONAF.";;"Corto a mediano plazo Planificación (6 meses): Identificación de áreas estratégicas, evaluación del terreno y diseño de los cortafuegos. Permisos (3 meses): Esta etapa depende de los plazos que demoren obtener los requisitos legales y medioambientales en la provincia. Trabajo en terreno (4 meses): El plazo depende del alcance y la extensión de los trabajos a realizar en los diferentes sectores. Monitoreo semestral: Los cortafuegos requerirán un mantenimiento regular y un monitoreo continuo, previo a la época estival con tal de evitar incendios.";"Kilómetros de cortafuegos: Considera la distancia lineal de cortafuegos impulsados por este proyecto.";;"Pendiente"
"179";"Talagante";;;"Adaptación";"PREVENCIÓN ANTE RIESGOS DE DESASTRES";"Alerta temprana de incendios con equipamiento especializado";;"Esta medida consiste en utilizar drones equipados con sensores térmicos y cámaras de resolución ubicadas en los sectores altos de la comuna, estos para detectar focos de incendio en etapas tempranas, incluso en áreas de difícil acceso. Así, monitorear grandes extensiones en tiempo real, mejorando la prevención y respuesta, toda vez que exista una alerta temprana preventiva por SENAPRED, o un aviso de calor extremo emanado de la Dirección Meteorológica de Chile.";;;;;"Departamento de Seguridad Pública: Coordinar el monitoreo aéreo con drones, definir zonas de patrullaje y gestionar alertas. Departamento de Medio Ambiente: Analizar la información recibida, colaborar en la prevención y realizar campañas educativas sobre incendios forestales. Dirección de Emergencias y Protección Civil: Coordinar protocolos de acción ante detección de focos, en conjunto con Bomberos y otros organismos pertinentes.";;;;;;;"Financiamiento municipal a través de los programas de Seguridad Pública, Emergencias y Medio Ambiente. También se pueden postular proyectos al Fondo Nacional de Seguridad Pública (FNSP), Fondo Nacional de Desarrollo Regional (FNDR) y Fondo de Protección Ambiental (FPA).";;"Corto a mediano plazo Planificación y Adquisición (2 meses): Definir zonas prioritarias, adquirir drones y capacitar personal. Implementación de Monitoreo (3 meses): Iniciar patrullajes programados y registro de información. Evaluación (semestral): Evaluar cobertura, detección efectiva y tiempos de respuesta. Realizar mejoras en rutas de vigilancia o tecnología si es necesario.";"Número de Patrullajes Realizados: Cantidad de vuelos efectuados por drones. Detección Temprana de Focos: Número de focos de incendio detectados en etapa inicial. Reducción de Áreas Afectadas: Porcentaje de disminución de superficie quemada respecto a años anteriores.";;"Pendiente"
"180";"Talagante";;;"Adaptación";"PREVENCIÓN ANTE RIESGOS DE DESASTRES";"Incluir criterios de cambio climático en los instrumentos territoriales comunales";;"El objetivo es asegurar que la planificación territorial considere los desafíos y riesgos asociados al cambio climático, promoviendo la resiliencia y la sostenibilidad en el desarrollo urbano. Los instrumentos territoriales donde se pueden implementar dichos criterios son; Plan Regulador Comunal, PLADECO, entre otros.";;;;;"Municipalidades: Encargadas de incorporar criterios de cambio climático en los instrumentos territoriales locales. Servicio de Evaluación Ambiental (SEA): Revisar y evaluar la inclusión de criterios climáticos en los instrumentos territoriales. Brindar orientación técnica y normativa.";;;;;;;"Presupuesto Municipal: Asignar recursos para la revisión y actualización de instrumentos territoriales. Fondos Gubernamentales: Destinar fondos del gobierno para apoyar la implementación de criterios climáticos en la planificación territorial. Capacitación y Asesoría Técnica: Obtener recursos para la capacitación del personal municipal y consultoría técnica.";;"Corto a mediano plazo Evaluación de Normativas Actuales (6 meses): Evaluación del estado actual de los instrumentos territoriales, identificación de vacíos relacionados con el cambio climático, y el establecimiento de objetivos y metas. Desarrollo de Directrices (1 año): Actualización de los instrumentos existentes, o en caso de nuevos instrumentos, integrar criterios específicos relacionados con el cambio climático. Revisión (4 meses): Revisión y aprobación de estos instrumentos por las autoridades correspondientes Implementación y monitoreo (1 año): Implementación efectiva de estos instrumentos y el seguimiento continuo de su cumplimiento.";"Incorporación de Criterios Climáticos: Porcentaje de instrumentos territoriales actualizados con criterios de cambio climático.";;"Pendiente"
"181";"Talagante";;;"Adaptación";"PREVENCIÓN ANTE RIESGOS DE DESASTRES";"Zona de amortiguación en ribera del río";;"Elaboración e implementación de un plan para reducir el riesgo de incendio e inundación en viviendas ubicadas en zonas cercanas al borde del río, a través de evaluaciones de riesgo, medidas de prevención, protocolos de alerta temprana y fortalecimiento de la resiliencia comunitaria ante eventos hidroclimáticos.";;;;;"Ministerio del Medio Ambiente: Desarrollar y actualizar el marco normativo y las regulaciones relacionadas con la gestión de riesgos hídricos y la protección de viviendas en áreas vulnerables. Gobierno Regional y Municipalidades: Desarrollar y aplicar planes de ordenamiento territorial que incluyan medidas para la reducción de riesgos, considerando las áreas cercanas a los ríos. Comunidades Locales: Participar activamente en procesos de toma de decisiones, proporcionar retroalimentación sobre planes propuestos y colaborar en actividades de reducción de riesgos.";;;;;;;"Contratación de profesionales especializados. Financiamiento municipal y regional. Postulación a fondos como el FNDR, Fondo de Protección Ambiental y recursos del Ministerio del Interior para prevención de desastres.";;"Largo plazo Evaluación de Riesgos (6 meses): Diagnóstico técnico y levantamiento territorial. Desarrollo del Plan de Mitigación (12 meses): Diseño participativo y validación técnica. Presentación y aprobación (6 meses): Revisión institucional y consulta ciudadana. Implementación de Medidas (24 meses): Ejecución de obras, instalación de sistemas de alerta y fortalecimiento comunitario. Monitoreo y Evaluación (semestral): Revisión periódica y ajustes al plan según resultados y eventos. Monitoreo y Evaluación (semestral): Seguimiento y evaluación semestral de la efectividad de las medidas adoptadas para reducir el riesgo.";"Número de Visitas Registradas: Cantidad de personas que recorren el sendero mensualmente. Participación en Actividades Educativas: Número de actividades ambientales realizadas y participantes registrados. Reporte del Guarda parque: Registro de incidentes ambientales, mejoras implementadas y actividades de vigilancia. Reducción de Daños Ambientales Locales: Disminución de residuos, fogatas o intervenciones no autorizadas en la zona monitoreada.";;"Pendiente"
"182";"Talagante";;;"Mitigación";"PREVENCIÓN ANTE RIESGOS DE DESASTRES";"Capacitación y apoyo para la acción ambiental comunitaria";;"La medida consiste en capacitar y brindar apoyo a Pymes, personas naturales, organizaciones sociales y dirigentes vecinales en la formulación de proyectos ambientales y la postulación a fondos públicos. Un ejemplo de ello son: Fondo de Protección Ambiental (FPA), ""Ponle Energía a tu Pyme"", ¿Cómo podríamos fortalecer las capacidades de autogestión de las cooperativas de personas recicladoras de base para que obtengan autonomía y aprovechen las oportunidades que les ofrece la Ley REP? (Innova Fosis) o el Programa Techo Solar. El foco está en fortalecer habilidades técnicas sobre eficiencia energética, protección de la biodiversidad local e implementación de tecnologías sostenibles, alineado con PLADECO 2023-2026, el cual promueve una ciudadanía activa y comprometida con la calidad ambiental comunal.";;;;;"Departamento de Medio Ambiente: Coordinar la convocatoria, ejecución de talleres y asistencia técnica en la formulación de proyectos. Ministerio del Medio Ambiente: Apoyo técnico en diseño de contenidos, metodologías participativas y priorización temática. Oficina de Proyectos Municipal: Asistencia técnica en la formulación de proyectos a las Organizaciones civiles y sociales. Agencia de Sostenibilidad Energética: Acompañamiento técnico en eficiencia energética, energías renovables y herramientas de postulación.";;;;;;;"Requiere coordinación municipal y multisectorial. Financiamiento mediante fondos municipales, apoyo ministerial, y postulación a fondos públicos como el FPA, FRIL, PMB e Incuba Energía Sostenible. No implica altos costos de infraestructura; se enfoca en gastos operativos, logísticos, materiales educativos y honorarios de facilitadores.";;"mediano plazo Planificación (4 meses): Diseño de contenidos y metodologías formativas, identificación de actores beneficiarios, planificación logística. Ejecución (7 meses): Realización de sesiones de capacitación, asesorías técnicas para formular proyectos, difusión en el territorio. Seguimiento y Evaluación (1 año): Evaluación del impacto de las capacitaciones en la cantidad y calidad de postulaciones, nivel de participación comunitaria y continuidad de proyectos ambientales locales.";"Número de Personas y Organizaciones Capacitadas: Total de participantes beneficiados. Número de Proyectos Ambientales Postulados: Iniciativas formuladas y presentadas a fondos públicos. Tasa de Aprobación de Proyectos: Porcentaje de éxito en las postulaciones. Índice de Participación Comunitaria: Medición de la implicancia sostenida de las organizaciones y vecinos. Impacto en la Protección de Biodiversidad Local: Evaluación cualitativa de los temas y objetivos abordados por los proyectos apoyados..";;"Pendiente"
"183";"Talagante";;;"Adaptación";"GESTIÓN DE PROYECTOS";"Crear convenios de colaboración con ONG, centro de estudios y organizaciones ambientales para impulsar proyectos y estudios en torno al cambio climático";;"La medida busca fortalecer la colaboración entre el gobierno, organizaciones no gubernamentales (ONG) y centros de estudio, para impulsar proyectos y estudios relacionados con el cambio climático en Chile. Aprovechando de esta manera la experiencia y recursos de estas entidades para abordar de manera conjunta los desafíos ambientales y promover la sostenibilidad.";;;;;"Ministerio del Medio Ambiente: Coordinar la elaboración de convenios de colaboración con ONG y organizaciones ambientales. ONG y Organizaciones Ambientales: Colaborar en la identificación y diseño de proyectos relacionados con el cambio climático. Ministerios Sectoriales y Entidades Relacionadas: Participar en proyectos específicos según sus áreas de competencia. Contribuir con recursos y conocimientos.";;;;;;;"Fondos Gubernamentales: Destinar parte del presupuesto gubernamental para financiar proyectos y estudios acordados. Aportes de ONG y Organizaciones Ambientales: Contribuciones financieras y de recursos por parte de las ONG y organizaciones involucradas.";;"corto y mediano plazo Negociación de Convenios (6 meses): Identificación de ONG y organizaciones relevantes, la negociación de los términos del convenio y la formalización de los acuerdos. Identificación de Proyectos (3 meses): Definición de objetivos, alcance, recursos necesarios y cronograma para la ejecución de los proyectos. Ejecución de Proyectos (3 años): Los plazos de implementación dependen de la complejidad y escala de los estudios o iniciativas a desarrollar en colaboración con las ONG y organizaciones ambientales. Seguimiento (1 año): Monitoreo anual con el fin de evaluar los resultados de los proyectos, revisar el cumplimiento de los objetivos y realizar ajustes si es necesario.";"Número de Proyectos Implementados: Cuantificación de proyectos ejecutados en el marco de los convenios. Colaboración Efectiva: Medición de la eficacia y nivel de colaboración entre el gobierno y las ONG.";;"Pendiente"
"184";"Talagante";;;"Adaptación";"GESTIÓN DE PROYECTOS";"Creación de mesas de trabajo colaborativas entre municipios de la Provincia, para generar intercambio de conocimientos e identificar sinergias";;"Estas mesas de trabajo ofrecen un espacio donde los municipios pueden colaborar, compartir experiencias y coordinar esfuerzos en áreas de interés común, lo que puede incluir temas como el desarrollo sostenible, la planificación urbana, la gestión de recursos naturales, entre otros.";;;;;"Departamento de medio ambiente: Liderar el proceso y ser los representantes de sus municipios respectivos Ministerio de Medio Ambiente: ser el nexo entre municipios";;;;;;;"Municipalidad de Talagante: financiará el costo de transporte a los funcionarios encargados";;"Corto plazo Planificación (6 meses): Identificación de los municipios participantes, la definición de los objetivos y la estructura de las mesas de trabajo. Organización (3 meses): Selección de representantes de cada municipio, la planificación de reuniones regulares y la definición de temas a abordar. Mesas de trabajo (1 a 2 años): Discusión de temas relevantes, identificación de oportunidades de colaboración y establecimiento de estrategias concretas. Implementación de acción continua: De acuerdo a la complejidad de los proyectos y la disponibilidad de recursos, se evaluará la implementación de acciones entre municipios y el ajuste de estos a una retroalimentación colaborativa semestralmente..";"Intercambio de Buenas Prácticas: Evaluar la cantidad y calidad de las prácticas ambientales compartidas entre municipios. Implementación de Políticas Ambientales: Medir el grado de adopción e implementación de políticas ambientales coordinadas entre los municipios. Proyectos Colaborativos: Contabilizar la cantidad de proyectos ambientales conjuntos desarrollados por los municipios. Participación Comunitaria: Observar la participación y conciencia de la comunidad en proyectos }ambientales colaborativos, indicando el compromiso y apoyo local.";;"Pendiente"
"185";"Santiago";"LE2.1M";;"Mitigación";"Línea Estratégica 2. Gestión institucional y territorial resiliente.";"Desarrollo de plataforma digital para la automatización de Trámites municipales.";;"Este proyecto tiene como objetivo desarrollar e implementar una plataforma digital que permita la automatización de trámites municipales, eliminando el uso de papel y simplificando los procesos administrativos, mejorando así la experiencia del ciudadano. La plataforma ofrecerá servicios en línea para la gestión de permisos, licencias, registros y otros trámites municipales, agilizando los procedimientos y mejorando la eficiencia de la administración municipal.";;;;;"Subdirección de Tecnologías de Información.";;;;;;;"Fondos Municipales, Fondos Públicos Sectoriales y/o Regionales.";;"Análisis de Requisitos y Necesidades (3 meses): Se llevará a cabo un estudio exhaustivo de los procedimientos municipales actuales y sus procesos correspondientes, con el objetivo de identificar los requisitos y necesidades de los usuarios, incluyendo tanto a los ciudadanos como a los funcionarios municipales. Desarrollo de la Plataforma Digital (8 meses): A partir del levantamiento realizado previamente, se diseñará e implementará la plataforma digital, incluyendo interfaces de usuario intuitivas y seguras, integrar funcionalidades de automatización de procesos, gestión de documentos electrónicos y seguimiento de trámites en línea. Capacitación y Adopción (3 meses): Se capacitarán a los funcionarios municipales en el uso de la plataforma y los nuevos procesos digitales. Asimismo, promoverá la adopción de la plataforma entre los ciudadanos, proporcionando información y asistencia para el uso correcto de los servicios en línea. Monitoreo y Mejora Continua (cada 6 meses): Establecer un sistema de monitoreo para evaluar el rendimiento y la eficacia de la plataforma. Recopilar retroalimentación de los usuarios y realizar ajustes y mejoras periódicas según sea necesario.";"Indicadores de Proceso: Cumplimiento de plazos y presupuesto para el desarrollo e implementación de la plataforma. Indicadores de Resultado: Reducción del tiempo promedio de procesamiento de trámites municipales.";;"Pendiente"
"186";"Santiago";"LE2.2M";;"Mitigación";"Linea Estratégica 2. Gestión institucional y territorial resiliente.";"Modernizar y optimizar el riego de áreas verdes.";;"Se realizarán acciones enfocadas a modernizar y optimizar el sistema de riego de las áreas verdes municipales, utilizando tecnologías más eficientes y sostenibles para garantizar un uso racional del agua y la conservación de recursos hídricos. Con ello, se busca mejorar la eficiencia del riego y su mantenimiento, reducir el desperdicio de agua y promover la salud y el vigor de las áreas verdes.";;;;;"Subdirección de Parques y Jardines; Secretaría Comunal de Planificación; Subdirección de Inversiones; Subdirección de Medio Ambiente.";;;;;;;"Fondos Municipales, Fondos Públicos Sectoriales y/o Regionales";;"Evaluación del Sistema Actual (6 meses): Se llevará a cabo un exhaustivo diagnóstico del sistema de riego vigente en las áreas verdes municipales. Este análisis permitirá identificar áreas de mejora y oportunidades de modernización y tecnificación, así como evaluar el estado de la mantención de la infraestructura existente, los métodos de riego empleados y los patrones de consumo de agua. Diseño e Implementación de Mejoras (9 meses): Se diseñará un plan integral de modernización del sistema de riego, el cual contemplará la incorporación de tecnologías más eficientes, tales como sistemas de riego por goteo, sensores de humedad del suelo y programadores automáticos. Además, se realizarán las obras de infraestructura necesarias para la instalación de estos nuevos equipos y sistemas de riego, asegurando así una gestión más eficaz y sostenible del recurso hídrico. Capacitación del Personal y Sensibilización (continuo): Se llevará a cabo la capacitación del personal municipal encargado del mantenimiento y operación del sistema de riego, brindándoles las herramientas necesarias para el adecuado uso de las nuevas tecnologías implementadas.Paralelamente, se realizarán actividades de sensibilización dirigidas a la comunidad, con el fin de concientizar sobre la importancia del uso eficiente del agua en el riego de áreas verdes y la necesidad de conservar los recursos hidricos. Monitoreo y Evaluación (6 meses): Se implementará un sistema de monitoreo continuo del consumo de agua y el rendimiento del sistema de riego modernizado. Este sistema permitirá evaluar regularmente el impacto de las mejoras realizadas en la eficiencia del riego y el estado de las áreas verdes, asegurando así la efectividad de las medidas adoptadas y permitiendo realizar ajustes según sea necesario.";"Indicador de Proceso: Número de tecnologías y equipos de riego modernizados e instalados. Indicadores de Resultado: Porcentaje de reducción en el consumo de agua para el riego de áreas verdes municipales.";;"Pendiente"
"187";"Santiago";"LE2.3M";;"Mitigación";"Línea Estratégica 2. Gestión institucional y territorial resiliente.";"Fomento de medios no motorizados.";;"Esta acción busca incrementar la red de ciclovías interconectadas en el área municipal para fomentar el uso de la bicicleta como medio de transporte sostenible y promover la intermodalidad, facilitando así la integración con otros sistemas de transporte público. Esto implica la creación de nuevas ciclovías y la mejora de las existentes para garantizar una red segura y eficiente.";;;;;"Subcirección de Movilidad; Secretaría Comunal de Planificación; Subcirección de Inversiones; Subdirección de Medio Ambiente.";;;;;;;"Fondos Públicos Sectoriales y/o Regionales, Alianzas Público - Privadas";;"Planificación y Diseño de Nuevas Ciclovías (8 meses): Se llevará a cabo un estudio con el fin de identificar áreas estratégicas para la expansión de la red de ciclovías en la comuna, así como la situación actual. Este estudio priorizará la conexión entre áreas residenciales, comerciales y de trabajo, identificando aquellos lugares con alta demanda de desplazamiento en bicicleta. Posteriormente, se diseñarán rutas que garanticen una conectividad efectiva y segura para los ciclistas, considerando criterios de accesibilidad y seguridad vial. Construcción y Mejora de Infraestructura (18 meses): Se procederá a la construcción de las nuevas ciclovias de acuerdo con el diseño previamente establecido, asegurando una señalización adecuada y condiciones de seguridad óptimas para los usuarios de bicicleta. Paralelamente, se llevarána cabo mejoras en las ciclovias existentes, tales como repavimentación, ampliación y reparación de tramos dañados, con el objetivo de garantizar su funcionalidad y durabilidad a lo largo del tiempo. Promoción y Sensibilización (Continuo): Se desarrollarán campañas de sensibilización destinadas a promover el uso de la bicicleta como medio de transporte sostenible y resaltar los beneficios de la intermodalidad en la mov lidad urbana. Estas campañas buscarán generar conciencia sobre la importancia de la bicicleta en la reducción de la congestión vehicular y la mitigación de emisiones contaminantes. Además, se organizarán eventos y actividades, como paseos ciclistas y talleres de mantenimiento, con el fin de incentivar el uso de la bicicleta y fortalecer la comunidad ciclista en la comuna.";"Indicadores de Proceso: Kilómetros de nuevas ciclovías construidas o mejoradas. Indicadores de Resultado: Porcentaje de aumento en el uso de la bicicleta como medio de transporte en el área municipal.";;"Pendiente"
"188";"Santiago";"LE2.4M";;"Mitigación";"Línea Estratégica 2. Gestión institucional y territorial resiliente.";"Mejoramiento de la habitabilidad urbana mediante la ampliación de veredas para la caminabilidad y seguridad peatonal.";;"La medida consiste en mejorar y ensanchar las veredas en áreas urbanas para proporcionar un espacio más seguro, cómodo y accesible para el tránsito peatonal. Esto implica la renovación de las veredas existentes y la creación de nuevas infraestructuras peatonales donde sea necesario, priorizando zonas con alta densidad de peatones y áreas comerciales.";;;;;"Subdirección de Movilidad Secretaría Comunal de Planificación; Subdirección de Inversiones; Subdirección de Medio Ambiente; Dirección de Tránsito y Transporte Público.";;;;;;;"Fondos Públicos Sectoriales y/o Regionales, Alianzas Público - Privadas";;"Identificación de Áreas Prioritarias (3 meses): Se llevará a cabo un análisis de las zonas urbanas con el propósito de identificar aquellas áreas que presenten aceras estrechas o en mal estado. Se priorizarán las zonas con alta afluencia peatonal, tales como centros comerciales, áreas residenciales densamente pobladas y sectores cercanos a escuelas o centros de salud. Este análisis permitirá focalizar los esfuerzos en aquellas áreas donde la mejora de las veredas tenga un impacto significativo en la movilidad y seguridad peatonal.Diseño y Planificación (6 meses): Se procederá a diseñar un plan detallado para el ensanchamiento y mejoramiento de las veredas, teniendo en cuenta diversos aspectos como la necesidad de espacio para peatones, la ubicación de mobiliario urbano y la integración de arborización. Además, se gestionarán los permisos necesarios y se realizarán consultas públicas para garantizar la aceptación y participación activa de la comunidad local en el proceso de diseño, asegurando así que las soluciones propuestas se ajusten a las necesidades y expectativas de los habitantes. Implementación de Obras (18 meses): Se llevará a cabo la ejecución de las obras de mejoramiento y ensanchamiento de las veredas de acuerdo con el plan establecido previamente. Durante esta fase, se coordinarán las actividades con otras obras municipales, como la instalación de servicios públicos subterráneos, con el objetivo de minimizar interrupciones y optimizar el uso de recursos. Este enfoque integral garantizará la eficiencia en la ejecución de las obras y la maximización de los beneficios para la comunidad.";"Indicadores de Proceso: Porcentaje de veredas mejoradas o ensanchadas en relación con el plan inicial. Indicadores de Resultado: Metros lineales de veredas normalizadas o ensanchadas conforme a estándares de accesibilidad universal.";;"Pendiente"
"189";"Santiago";"LE2.5M";;"Mitigación";"2. Gestión institucional y territorial resiliente.";"Impulsar sistemas de intermodalidad mediante infraestructura segura para bicicletas y vehículos no motorizados en puntos estratégico";;"La medida tiene por objetivo fortalecer los sistemas de intermodalidad urbana a través de la implementación de infraestructura segura y accesible para el almacenamiento de bicicletas y otros vehículos no motorizados en puntos de alta confluencia. Esta acción busca facilitar la conexión entre modos de transporte sostenibles (bicicleta, transporte público, etc.), reduciendo así la dependencia del automóvil y contribuyendo a la disminución de emisiones de gases de efecto invernadero. Se priorizarán ubicaciones estratégicas como estaciones intermodales, centros comerciales, espacios públicos y zonas de alta densidad peatonal fomentando una movilidad activa, inclusiva y eficiente.";;;;;"Subdirección de Movilidad; Secretaría de Planificación; Subdirección de lnversiones; Subdirección de Medio Ambiente.";;;;;;;"Fondos Públicos Sectoriales y/o Regionales, Alianzas Público - Privadas";;"Identificación de Puntos de Alta Confluencia (3 meses): Se llevará a cabo un exhaustivo estudio con el fin de identificar los puntos de alta afluencia de personas y posibles usuarios de bicicletas y otros vehículos no motorizados. Se dará prioridad a áreas estratégicas como estaciones de transporte público, centros comerciales, parques y zonas de recreación, donde la demanda de sistemas de almacenamiento para estos vehículos sea más relevante y beneficiosa para la comunidad. Diseño y Selección de Sistemas de Almacenamiento (6 meses): Se realizará una investigación detallada y una evaluación exhaustiva de diversas opciones de sistemas de almacenamiento disponibles en el mercado, incluyendo estacionamientos con racks, casilleros y dispositivos automáticos. Posteriormente, se seleccionarán los sistemas más apropiados en función del contexto específico y las necesidades particulares de cada punto de alta confluencia, asegurando así una solución efectiva y eficiente para los usuarios. Instalación y Mantenimiento de Sistemas (12 meses): Una vez seleccionados los sistemas de almacenamiento más adecuados, se procederá a su instalación en los puntos identificados, garantizando una implementación correcta y segura. Además, se establecerán programas de mantenimiento periódico para asegurar el buen funcionamiento de los sistemas a lo largo del tiempo. Se proporcionará información y capacitación a los usuarios sobre el uso adecuado y responsable de estos sistemas, promoviendo así su óptimo aprovechamiento y conservación.";"Indicadores de Proceso: Número de sistemas de almacenamiento instalados en los puntos identificados. Indicadores de Resultado: Porcentaje de capacidad utilizada de los sistemas de almacenamiento instalados.";;"Pendiente"
"190";"Santiago";"LE2.6M";;"Mitigación";"Línea Estratégica 2. Gestión institucional y territorial resiliente.";"Diagnóstico y reducción del consumo energético en establecimientos municipales.";;"Esta medida tiene como objetivo realizar un diagnóstico del consumo energético en los establecimientos municipales y llevar a cabo acciones para reducir el consumo. Se busca identificar áreas de mejora en la eficiencia energética y promover el uso responsable de la energia, contribuyendo así a la mitigación del cambio climático y la reducción de emisiones de gases de efecto invernadero.";;;;;"Secretaría Comunal de Planificación, Subdirección de lnversiones, Subdirección de Medio Ambiente; Administración municipal.";;;;;;;"Fondos Municipales, Fondos Públicos Sectoriales y/o Regionales, Alianzas Público - Privadas";;"Identificación de Establecimientos de Alto Consumo (1 mes): Se llevará a cabo un análisis para identificar los establecimientos públicos municipales que presentan un mayor consumo energético. Esto incluirá edificios administrativos, centros comunitarios, instalaciones deportivas y otros espacios municipales relevantes. Diagnóstico Energético (3 meses): Se realizará un diagnóstico detallado del consumo energético en los establecimientos municipales identificados. Este análisis podrá comprender la evaluación de los patrones de consumo, los equipos y sistemas de iluminación, climatización y otros dispositivos energéticos. El objetivo es identificar áreas específicas de mejora y oportunidades para implementar medidas de eficiencia energética en cada establecimiento.Implementación de Medidas de Eficiencia Energética (6 meses): En esta etapa, se implementarán las medidas concretas para mejorar la eficiencia energética en los edificios municipales identificados como de alto consumo. Esto incluirá el recambio de luminarias por tecnologías más eficientes, como las luces LED, así como la adopción de prácticas de gestión energética, como la programación de horarios de funcionamiento de equipos y sistemas, el apagado automático de equipos en períodos de inactividad y la optimización de la climatización. Monitoreo y Evaluación (cada 3 meses): Se establecerá un sistema de monitoreo continuo del consumo energético en los establecimientos públicos municipales donde se hayan implementado medidas de eficiencia energética. Este monitoreo se realizará cada tres meses para evaluar el impacto de las medidas implementadas en la reducción del consumo erergético y para calcular los ahorros económicos asociados. De esta manera, se podrá realizar un seguimiento adecuado del progreso y realizar ajustes según sea necesario para maximizar los beneficios de las medidas de eficiencia energética.";"Indicadores de Proceso: Número de establecimientos públicos municipales analizados. Indicadores de Resultado: Porcentaje de reducción en el consumo energético en los establecimientos públicos municipales intervenidos.";;"Pendiente"
"191";"Santiago";"LE2.7M";;"Mitigación";"Línea Estratégica 2. Gestión institucional y territorial resiliente.";"Modernización de la flota y gestión eficiente de rutas para promover la electromovilidad en la operación municipal";;"La medida tiene como objetivo modernizar la flota de vehículos, maquinaria y equipamiento municipal, incorporando tecnologías limpias y promoviendo la electromovilidad. Además de la renovación tecnológica, se integrará un sistema de gestión eficiente de rutas operativas municipales -como recolección de residuos, vigilancia, mantención de áreas verdes, entre otros- con el fin de optimizar los trayectos, reducir el consumo energético y mejorar la calidad del servicio.";;;;;"Secretaría Comunal de Planificación, Subdirección de lnversiones; Subdirección de Medio Ambiente; Dirección de Operaciones; Subdirección de Subdirección de Mantenimiento y Transporte Municipal.";;;;;;;"Fondes Públicos Sectoriales y/o Regionales, Alianzas Público - Privadas";;"Diagnóstico de Flota, Equipamiento y Rutas Municipales (2 meses): Levantamiento integral del estado actual de la flota de vehículos, maquinaria y equipamiento municipal, incluyendo antigüedad, consumo energético y emisiones asociadas. Paralelamente, se realizará un análisis de los trayectos operativos frecuentes (como recolección de residuos, logistica urbana, patrullaje y mantención de áreas verdes), identificando ineficiencias en recorridos y oportunidades de optimización logística y energética. Planificación Estratégica de Modernización y Gestión Eficiente (3 meses): Desarrollo de un plan maestro para la renovación progresiva de la flota, priprizando la incorporación de vehículos eléctricos y tecnologías limpias en función del diagnóstico anterior. El plan incluirá criterios de gestión eficiente de rutas, cronograma de implementación, costos de inversión y mantenimiento, y estimaciones de reducción de emisiones. También se evaluará la integración de software o sistemas inteligentes de planificación y monitoreo de rutas. Adquisición de Vehículos Eléctricos y Tecnologías Limpias (6 meses): Ejecución de procesos de licitación para la adquisición de vehículos y maquinaria moderna, priorizando unidades eléctricas o híbridas para servicios municipales críticos. Se contemplará la compra de vehículos adaptados a trayectos urbanos optimizados y compatibles con la infraestructura de carga planificada. Se promoverá la articulación con fondos públicos o privados para el financiamiento de estas adquisiciones. Infraestructura de Carga, Capacitación y Puesta en Marcha (2 meses): Instalación de puntos de carga eléctrica en dependencias municipales estratégicas, asegurando cobertura para las nuevas unidades. Paralelamente, se desarrollará un programa de capacitación técnica para funcionarios y operadores municipales en el uso de vehículos eléctricos, gestión de rutas eficientes y mantenimiento preventivo, facilitando así una transición tecnológica y operativa efectiva.";"Indicadores de Proceso: Porcentaje de vehículos municipales diagnosticados y priorizados para modernización. Indicadores de Resultado: Porcentaje de reducción estimada de emisiones de GEI en la operación vehicular municipal.";;"Pendiente"
"192";"Santiago";"LE2.8M";;"Mitigación";"2. Gestión institucional y territorial resiliente.";"Elaboración de manual de buenas prácticas para infraestructura municipal sostenible, resiliente y eficiente.";;"La medida busca elaborar un manual de buenas prácticas para infraestructura municipal sostenible, resiliente y eficiente. Este documento entregará lineamientos para reducir el consumo de recursos, integrar soluciones sostenibles y mejorar el desempeño ambiental de edificaciones y equipamiento municipal. Se complementará con una campaña de difusión para promover su adopción por parte de los equipos técnicos comunales.";;;;;"Secretaría Comunal de Planificación, Subdirección de Inversiones, Subdirección de Medio Ambiente.";;;;;;;"Fondos Municipales";;"Recopilación de información y diagnóstico de referencia (3 meses): Levantamiento de información sobre el desempeño ambiental y funcional de la infraestructura municipal existente. Se recopilarán buenas prácticas nacionales e internacionales en diseño construcción y operación sustentable de edificios y espacios públicos, incluyendo criterios de eficiencia energética, hídrica, confort térmico, accesibilidad y soluciones basadas en la naturaleza .Elaboración del Manual de Buenas Prácticas (6 meses): Desarrollo técnico del manual, incorporando recomendaciones prácticas en ámbitos como iluminación, climatización, uso de materiales sostenibles, gestión de residuos, arborización, drenaje urbano y diseño resiliente. Se presentarán ejemplos, estándares y fichas técnicas orientadas a equipos municipales y profesionales externos. Validación interna y diseño final del documento (1 mes): Revisión participativa del contenido con unidades técnicas municipales y especialistas sectoriales. Se integrarán sugerencias y se diseñará el formato final del manual, asegurando claridad, aplicabilidad y transversalidad institucional. Campaña de difusión y capacitación técnica (3 meses): Ejecución de una campaña comunicacional para socializar el manual, acompañada de talleres técnicos dirigidos a equipos municipales de obras, arquitectura, planificación y medio ambiente. El objetivo es facilitar la apropiación del documento como herramienta de referencia para futuros proyectos de infraestructura comunal.";"Indicadores de Proceso: Número de canales de comunicación utilizados para difundir el manual. Indicadores de Resultado: Porcentaje de reducción de consumo energético en los establecimientos municipales después de la implementación de las medidas propuestas en el manual.";;"Pendiente"
"193";"Santiago";"LE3.9M";;"Mitigación";"Línea Estratégica 3. Transición Energética y Eficiencia de Recursos.";"Recambio de luminaria comunal a tecnología LED.";;"La medida consiste en reemplazar la luminaria convencional aún existente en espacios públicos municipales por tecnología LED más eficiente y sostenible. Este recambio tiene como objetivo reducir el consumo de energia eléctrica, disminuir los costos de mantenimiento y mejorar la calidad de la iluminación en las calles, plazas y parques de la comunidad.";;;;;"Secretaría Comunal de Planificación; Subdirección de Inversiones; Subdirección de Medio Ambiente; Alumbrado Público.";;;;;;;"Fondos Públicos Sectoriales y/o Regionales, Alianzas Público - Privadas";;"Evaluación y Planificación (3 meses): Se llevará a cabo un inventario minucioso de la luminaria existente en las áreas públicas municipales para comprender mejor el estado actual de la iluminación. Posteriormente, se evaluará la viabilidad técnica y económica del recambio a tecnología LED en cada área identificada, considerando factores como la eficiencia energética, la durabilidad y el retorno de la inversión. Con base en esta evaluación, se elaborará un plan de recambio que incluirá la selección de luminarias LED apropiadas y la planificación detallada de la instalación, priorizando áreas con mayor necesidad y visibilidad pública. Recambio de Luminaria (12 meses): Una vez establecido el plan de recambio, se procederá a adquirir las luminarias LED seleccionadas de acuerdo con las especificaciones y necesidades del proyecto. La instalación de las nuevas luminarias LED se llevará a cabo en áreas prioritarias, comenzando por aquellas con mayor consumo energético y visibilidad pública. Para garantizar una implementación exitosa, se coordinará estrechamente con empresas de servicios eléctricos para asegurar la correcta instalación y conexión de las nuevas luminarias, garantizando así una transición fluida y eficiente hacia la tecnologia LED. Monitoreo y Evaluación (Continuo): Se establecerá un sistema de monitoreo para medir el consumo de energía antes y después del recambio, lo que permitirá evaluar el impacto del proyecto en términos de eficiencia energética y ahorro de costos. Además, se realizará una evaluación integral que incluirá la calidad de la iluminación, la percepción de seguridad por parte de la comunidad y los beneficios derivados en términos de reducción de costos de mantenimiento. Estos datos serán fundamentales para evaluar el éxito del proyecto y realizar ajustes si fuera necesario para optimizar su rendimiento y beneficios a largo plazo.";"Indicadores de Proceso: Porcentaje de luminarias LED instaladas en relación con el plan de recambio. Indicadores de Resultado: Porcentaje de reducción en el consumo de energía eléctrica después del recambio.";;"Pendiente"
"194";"Santiago";"LE3.10M";;"Mitigación";"Línea Estratégica 3. Transición Energética y Eficiencia de Recursos.";"Fortalecimiento del programa de compostaje municipal.";;"Esta medida busca promover la reducción de residuos orgánicos y fomentar prácticas sostenibles que permitan mejorar la calidad del suelo y reducir la dependencia de fertilizantes químicos. así como también fomentar la conciencia ambiental y la participación ciudadana en la gestión sostenible de residuos.";;;;;"Dirección de Desarrollo Comunitario; Subdirección de Parques y Jardines; Subdirección de Aseo y Limpieza Urbana; Secretaría Comunal de Planificación, Subdirección de Inversiones, Subdirección de Medio Ambiente.";;;;;;;"Fondos Municipales, Fondos Públicos Sectoriales y/o Regionales, Alianzas Público Privadas";;"Evaluación del Programa Actual (3 meses): Se realizará una evaluación del programa de compostaje municipal actual, identificando fortalezas, debilidades, oportunidades y amenazas. Asimismo, se recopilarán datos sobre la cantidad de residuos orgánicos recolectados y el nivel de participación de la comunidad. Ampliación de Infraestructura y Recursos (6 meses): Se realizarán mejoras en la infraestructura y equipamiento de los puntos existentes para facilitar la separación y procesamiento de residuos orgánicos. Promoción y Sensibilización (3 meses): Se realizarán campañas de sensibilización y educación ambiental dirigidas a la comunidad, destacando los beneficios del compostaje y proporcionando orientación sobre cómo participar en el programa. De igual forma, se organizarán talleres y eventos de capacitación sobre técnicas de compostaje doméstico y uso de compost en jardinería y agricultura. Monitoreo y Evaluación (cada 6 meses): Se establecerá un sistema de monitoreo para evaluar el rendimiento y la eficacia del programa de compostaje municipal, así como también la recopilación de datos sobre la cantidad de residuos orgánicos desviados del relleno sanitario y la calidad del compost producido.";"Indicadores de Proceso: Número de nuevos puntos fijos de compostaje implementados. Indicadores de Resultado: Toneladas de residuos orgánicos compostados.";;"Pendiente"
"195";"Santiago";"LE3.11M";;"Mitigación";"Línea Estratégica 3. Transición Energética y Eficiencia de Recursos.";"Fortalecimiento de programa de compostaje y vermicompostaje domiciliario.";;"Esta medida busca incentivar que vecinos y vecinas de la comuna Implementen sistemas de compostaje y/o vermicompostaje para la gestión domiciliaria de los propios residuos orgánicos generados. Promoviendo asi la reducción de los residuos que son destinados a rellenos sanitarios y la reducción de emisiones de gases de efecto invernadero, fomentando la participación ciudadana en la gestión sostenible y contribuyendo al mejoramiento del suelo.";;;;;"Subdirección de Parques y Jardines; Subdirección de Aseo y Limpieza Urbana; Secretaría Comunal de Planificación; Subdirección de Inversiones; Subdirección de Medio Ambiente.";;;;;;;"Fondos Municipales, Fondos Públicos Sectoriales y/o Regionales, Alianzas Público-Privadas";;"Difusión y Sensibilización (2 meses): Realización de campañas de difusión y sensibilización sobre los beneficios del compostaje y vermicompostaje domiciliario. Incluyendo la organización de charlas, talleres y demostraciones prácticas en la comunidad para enseñar a los residentes cómo compostar correctamente. Distribución de Equipamiento (3 meses): Se proveerán kits de vermicompostaje a los hogares interesados y material informativo. Seguimiento y Asesoramiento (continuo, según necesidad): Se brindará asistencia técnica y seguimiento periódico a los participantes del programa, resolviendo dudas y proporcionando orientación sobre la práctica del compostaje y vermicompostaje. Monitoreo y Evaluación (cada 6 meses): Se implementará un sistema de monitoreo para evaluar el nivel de participación y el rendimiento del programa, así como también la recopilación de datos sobre la cantidad de residuos orgánicos tratados.";"Indicadores de Proceso: Número de hogares inscritos en el programa de vermicompostaje domiciliario. Indicadores de Resultado: Kilogramos de residuos orgánicos vermicompostados por mes.";;"Pendiente"
"196";"Santiago";"LE3.12M";;"Mitigación";"Línea Estratégica 3. Transición Energética y Eficiencia de Recursos.";"Adquisición de biocompostador para la gestión optimizada de residuos organicos.";;"Se adquirirán biocompostadores para su instalación en parques y espacios estratégicos, con el fin de gestionar de manera eficiente los residuos organicos en estos lugares. Este tipo de equipamiento permite la descomposición controlada de los residuos orgánicos, produciendo compost de alta calidad que puede ser utilizado como fertilizante.";;;;;"Secretaría Comunal de Planificación, Subdirección de Inversiones, Subdirección de Medio Ambiente.";;;;;;;"Fondos Municipales, Fondos Públicos Sectoriales y/o Regionales, Alianzas Público-Privadas";;"Estudio de Viabilidad y Selección de Equipamiento (3 meses): Se realizará un estudio de viabilidad para determinar la ubicación y el tamaño adecuado del biocompostador en parques, así como el equipamiento especial requerido para el correcto manejo del compost. Además, se seleccionarán proveedores de biocompostadores y equipamiento que cumplan con los estándares de calidad y sostenibilidad definidos. Adquisición e Instalación de Biocompostadores (6 meses): Adquisición e instalación de los biocompostadores y equipamiento necesario según las especificaciones definidas en el estudio de previo. Capacitación y Sensibilización (3 meses): Capacitación al personal municipal responsable del mantenimiento y operación de los equipos adquiridos. Adicionalmente, se realizará una campaña de sensibilización y educación ambiental dirigidas a la comunidad para promover la separación adecuada de residuos orgánicos y el uso responsable de los equipos. Monitoreo y Evaluación (continuo): Se desarrollará un sistema de monitoreo para evaluar el rendimiento y la eficacia de los biocompostadores en la gestión de residuos orgánicos. Además, se recopilarán datos sobre la cantidad de residuos tratados, la producción de compost, y el impacto ambiental de la medida.";"Indicadores de Proceso: Número de biocompostadores adquiridos e instalados en espacios municipales. Indicadores de Resultado: Toneladas de residuos orgánicos tratados por los biocompostadores en parques.";;"Pendiente"
"197";"Santiago";"LE3.13M";;"Mitigación";"Línea Estratégica 3. Transición Energética y Eficiencia de Recursos.";"Fortalecimiento del Reciclaje y Gestión de Materiales Inorgánicos.";;"Esta medida busca fortalecer el sistema de reciclaje y gestión de materiales inorgánicos a nivel comunal que ya se encuentra implementado en la comuna, promoviendo la separación y el adecuado manejo de residuos reciclables en los hogares y espacios públicos.";;;;;"Secretaría Comunal de Planificación; Subdirección de Inversiones; Subdirección de Medio Ambiente; Subdirección de Aseo y Limpieza Urbana.";;;;;;;"Fondos Públicos Sectoriales y/o Regionales, Alianzas Público - Privadas";;"Evaluación del Sistema Actual (3 meses): Se realizará un diagnóstico del sistema de reciclaje actual a nivel comunal, identificando fortalezas, debilidades y áreas de mejora. De igual forma se evaluará la infraestructura existente, los flujos de reciclaje y la participación ciudadana. Adquisición y Distribución de Contenedores Separadores (12 meses): Se adquirirán contenedores separadores para reciclaje a nivel domiciliario, proporcionando información sobre su uso y beneficios. Promoción y Sensibilización (durante todo el periodo de implementación): Se llevarán a cabo campañas de sensibilización y educación ambiental sobre la importancia del reciclaje y la separación de residuos. Además, se organizar actividades comunitarias, charlas y talleres para fomentar la participación ciudadana en el reciclaje. Optimización de la Recolección y Gestión de Residuos (18 meses): A partir de la información adquirida, se mejorará la logística de recolección de materiales reciclables, estableciendo rutas eficientes y horarios claros. De igual forma, se implementarán sistemas de seguimiento y control para garantizar el adecuado manejo de los residuos recolectados.";"Indicadores de Proceso: Número de nuevos puntos de reciclaje establecidos. Indicadores de resultado: Porcentaje de Aumento en la Tasa de Reciclaje.";;"Pendiente"
"198";"Santiago";"LE3.14M";;"Mitigación";"Línea Estratégica 3. Transición Energética y Eficiencia de Recursos.";"Fomento a la implementación de colectores solares y/o fotovoltaicos en edificios municipales y/o edificios públicos. sistemas";;"Esta medida busca promover la implementación de tecnologías solares, como colectores solares para el abastecimiento de agua caliente sanitaria (ACS) y sistemas fotovoltaicos, en dependencias municipales y/o edificios públicos. Se pretende aprovechar la energia solar para reducir la dependencia de fuentes de energía convencionales, promoviendo la sostenibilidad y la eficiencia energética en los espacios públicos.";;;;;"Secretaria Comunal de Planificación; Subdirección de Inversiones; Subdirección de Medio Ambiente; Subdirección de Deportes y Recreación.";;;;;;;"Fondos Municipales, Fondos Públicos Sectoriales y/o Regionales, Alianzas Público-Privadas";;"Estudio de Viabilidad y Diseño del Proyecto (6 meses): Se realizará un exhaustivo estudio de viabilidad técnica y económica para determinar la posibilidad de implementar colectores solares y/o paneles fotovoltaicos en las dependencias establecidas. Este estudio será caso a caso y abordará aspectos como la ubicación óptima de los equipos solares y el dimensionamiento adecuado del sistema fotovoltaico según corresponda, con el objetivo de diseñar un proyecto que garantice la eficiencia y rentabilidad de la instalación. Adquisición e Instalación de Equipos Solares (8 meses): Se adquirirán las tecnologías requeridas. Paralelamente, se coordinará la instalación de estos equipos en las canchas deportivas municipales, asegurando un adecuado funcionamiento.Capacitación y Sensibilización (durante la implementación): Se llevará a cabo la capacitación del personal encargado del mantenimiento y operación de los equipos solares, así como de los usuarios de las instalaciones deportivas, sobre el funcionamiento y beneficios de estas tecnologías. Asimismo, se realizarán actividades de sensibilización dirigidas a la comunidad, con el fin de promover el uso de energías renovables y la importancia de la eficiencia energética en los espacios públicos. Monitoreo y Evaluación (cada 6 meses): Se implementará un sistema de monitoreo para evaluar el rendimiento y la eficacia de los colectores solares y paneles fotovoltaicos instalados en las canchas deportivas. Este sistema permitirá medir el ahorro de energía, la reducción de emisiones y los beneficios económicos derivados de la utilización de estas tecnologías solares, facilitando así la toma de decisiones y la optimización continua delprovecto.";"Indicadores de Proceso: Número de colectores solares y sistemas fotovoltaicos instalados en las dependencias elegidas. Indicadores de Resultado: Porcentaje de reducción en el consumo de energía eléctrica y/o combustibles fósiles en las dependencias elegidas.";;"Pendiente"
"199";"Santiago";"LE3.15M";;"Mitigación";"Línea Estratégica 3. Transición Energética y Eficiencia de Recursos.";"Fortalecimiento de capacidades locales para la creación de cooperativas energéticas y la diversificación de la matriz energética comunal";;"Esta medida tiene como objetivo fomentar la creación y capacitación de cooperativas energéticas locales para que puedan acceder a fondos y desarrollar proyectos de energía renovable a pequeña escala. Se busca fortalecer la participación comunitaria en la transición hacia un modelo energético más sostenible y descentralizado, promoviendo la generación de energía limpia y la autonomía energética a nivel local.";;;;;"Secretaría Comunal de Planificación, Subdirección de Inversiones, Subdirección de Medio Ambiente; Agencia de Sostenibilidad Energética (ASE); Ministerio de Energía.";;;;;;;"Fondos Municipales, Alianzas Público - Privadas.";;"Identificación y Sensibilización (3 meses): Se llevará a cabo la identificación de comunidades interesadas en la creación de cooperativas energéticas a través de campañas de sensibilización y divulgación. Estas campañas se centrarán en destacar los beneficios y el funcionamiento de las cooperativas energéticas. Además, se organizarán reuniones informativas para proporcionar detalles sobre cómo funcionan las cooperativas y los beneficios que ofrecen a las comunidades participantes. Formación y Capacitación (6 meses): Se diseñarán programas de formación y capacitación en cooperativismo, energía renovable, gestión financiera y formulación de proyectos. Estos programas incluirán talleres y cursos dirigidos a los miembros de las cooperativas, con un enfoque especial en la planificación y desarrollo de proyectos de energía renovable. El objetivo es capacitar a los miembros de las cooperativas para que puedan participar activamente en la gestión y ejecución de proyectos energéticos. Asesoramiento Técnico y Jurídico (4 meses): Se brindará asesoramiento técnico y jurídico a las cooperativas en todas las etapas de su desarrollo. Esto incluirá ayuda en la elaboración de estatutos, registro legal y trámites administrativos necesarios para la creación y operación de las cooperativas. Además, se facilitará el acceso a profesionales especializados en energia renovable y gestión cooperativa para asistir en el desarrollo de proyectos y resolver cualquier problema técnico o legal que pueda surgir. Acceso a Fondos y Recursos (Continuo): Se facilitará el acceso a fondos públicos y privados para la implementación de proyectos de energia renovable a pequeña escala. Esto incluirá la identificación de oportunidades de financiamiento y la asistencia en la presentación de solicitudes de subvenciones y créditos. Además, se impulsarán compras asociativas de equipos, como paneles solares, para la generation de energía a nivel comunitario, con el objetivo de reducir los costos y promover la adopción de tecnologías renovables.";"Indicadores de Proceso: Número de cooperativas energéticas creadas o fortalecidas. Indicadores de Resultado: Número de proyectos de energía renovable implementados por las cooperativas.";;"Pendiente"
"200";"Santiago";"LE5.16M";;"Mitigación";"Línea Estratégica 5. Gestión y Adaptación Hidrica.";"Recuperación de grandes volúmenes de agua como piscinas, edificios y colegios para su uso y aprovechamiento en áreas verdes.";;"Esta medida tiene como objetivo recuperar grandes volúmenes de agua provenientes de piscinas, edificios y colegios para su reutilización y aprovechamiento en el riego de áreas verdes. Se busca reducir la demanda de agua potable para el riego, promover la preservación del recurso hídrico y mejorar la sostenibilidad ambiental en espacios urbanos.";;;;;"Subdirección de Parques y Jardines; Secretaria Comunal de Planificación; Subdirección de Inversiones; Subdirección de Medio Ambiente.";;;;;;;"Fondos Municipales, Fondos Públicos Sectoriales y/o Regionales, Alianzas Público - Privadas.";;"Identificación de Fuentes de Agua Potencialmente Recuperables (3 meses): Se realizará un inventario de piscinas, edificios y colegios en la comuna que dispongan de grandes volúmenes de agua. Evaluando la viabilidad técnica y legal/normativa de recuperar y reutilizar el agua de estas fuentes. Implementación de Sistemas de Recuperación y Almacenamiento (8 meses): Se llevará a cabo la instalación de sistemas especializados de captación, tratamiento y almacenamiento de agua en piscinas, edificios y colegios seleccionados, así como la adaptación de infraestructuras existentes para garantizar una gestión eficiente y sostenible del recurso hídrico. Desarrollo de Infraestructura de Distribución y Uso (6 meses): Se implementarán sistemas de distribución de agua recuperada para el riego de áreas verdes públicas, acompañados de programas de capacitación dirigidos al personal encargado del mantenimiento y operación de dichos sistemas, garantizando así un uso eficiente y sostenible del recurso hídrico. Monitoreo y Evaluación del Impacto (cada 6 meses): Se establecerá un sistema de monitoreo para medir tanto la cantidad como la calidad del agua recuperada y empleada en actividades de riego, con el fin de evaluar su impacto ambiental y social, incluyendo el ahorro de agua potable, la reducción de la huella hídrica y la mejora del entorno urbano.";"Indicadores de Proceso: Número de piscinas, edificios y colegios equipados con sistemas de recuperación de agua. Indicadores de Resultado: Volumen total de agua recuperada en el riego de áreas verdes.";;"Pendiente"
"201";"Santiago";"LE1.1A";;"Adaptación";"Línea Estratégica 1. Educación y Participación Comunitaria para la Acción Climática.";"Elaboración de una campaña comunicacional orientada a la concientización sobre el cambio climático.";;"Esta medida busca sensibilizar a la comunidad sobre el cambio climático, sus impactos y las acciones necesarias para enfrentarlo. A través de una campaña multicanal, se promoverá el acceso a información científica clara y actualizada, fomentando la participación ciudadana, la transparencia y la rendición de cuentas respecto al avance del Plan de Acción Comunal de Cambio Climático.";;;;;"Secretaría Comunal de Planificación; Subdirección de Inversiones; Subdirección de Medio Ambiente; Dirección de Comunicaciones.";;;;;;;"Fondos Municipales, Alianza Público - Privada.";;"Análisis y Planificación (1 mes): Se establecerá un equipo multidisciplinario que incluirá expertos en comunicación, científicos del clima y profesionales en políticas públicas. Este equipo realizará un análisis para identificar los segmentos clave de la población, considerando sus características. A partir de esta información, se definirán objetivos específicos, mensajes clave y métricas de éxito para la campaña, asegurando que los esfuerzos de comunicación sean dirigidos y efectivos. Desarrollo de Contenidos (2 meses): Se recopilará información científica actualizada sobre el cambio climático, sus causas, impactos y soluciones. Con esta base, se elaborarán materiales visuales atractivos y accesibles que comuniquen la complejidad del cambio climático de manera clara y efectiva. Los mensajes serán adaptados a diferentes plataformas y audiencias, utilizando un lenguaje simple y directo para garantizar que la información sea comprensible y resonante con todos los segmentos de la población. Selección de Canales y Medios (1 mes): Se identificarán los medios de comunicación más adecuados para llegar a cada segmento de la población, incluyendo televisión, radio, prensa, redes sociales y sitios web. Se establecerán alianzas estratégicas con medios de comunicación, influencers y organizaciones clave para amplificar el alcance de la campaña. Esta selección permitirá una difusión amplia y efectiva del mensaje a través de múltiples canales. Implementación y Difusión (6 meses): La campaña será lanzada en múltiples fases, utilizando diferentes canales y medios para maximizar la cobertura y la participación. Se organizarán eventos de lanzamiento y actividades de involucramiento comunitario para generar interés y participación activa. Durante esta fase, se monitoreará la difusión de la campaña y se ajustará la estrategia según los resultados y el feedback recibido, garantizando una ejecución flexible y adaptativa. Evaluación y Seguimiento (3 meses): Se evaluará el impacto de la campaña mediante la recopilación de datos sobre la conciencia, actitudes y comportamientos relacionados con el cambio climático. Se analizarán las métricas de éxito definidas en la fase de planificación y se realizarán ajustes según sea necesario para mejorar la efectividad de la campaña. Además, se elaborarán informes periódicos de progreso y resultados, que serán compartidos con los colaboradores y el público en general, asegurando la transparencia y la rendición de cuentas del proceso.";"Indicadores de Proceso: Número de publicaciones, emisiones o anuncios realizados por medio y por semana. Indicadores de Resultado: Porcentaje de incremento en el conocimiento de la población sobre el cambio climático y sus impactos, medido a través de encuestas antes y después de la campaña.";;"Pendiente"
"202";"Santiago";"LE1.2A";;"Adaptación";"Línea Estratégica 1. Educación y Participación Comunitaria para la Acción Climática.";"Realización de Talleres de Capacitación, Sensibilización y Recorridos Temáticos.";;"La medida contempla la realización de talleres de capacitación, recorridos temáticos y campañas de concientización ambiental dirigidas a comunidades educativas, territoriales y otros. Su objetivo es promover la corresponsabilidad ciudadana frente a la crisis climática, abordando temáticas como reciclaje, eficiencia energética, energías renovables y adaptación al cambio climático. Se incluirán módulos específicos para programas de capacitación laboral, fortaleciendo habilidades orientadas a la sostenibilidad y la acción climática desde diversos sectores sociales y productivos.";;;;;"Secretaría Comunal de Planificación; Subdirección de Inversiones; Subdirección de Medio Ambiente; Juntas de Vecinos; Dirección de Desarrollo Económico Local.";;;;;;;"Fondos Municipales, Fondos Públicos Sectoriales y/o Regionales, Alianzas Público - Privadas.";;"Diseño de Contenidos y Materiales (1 mes): Se identificarán los temas específicos a abordar en cada taller y recorrido temático, garantizando que sean relevantes y de interés para la audiencia. Se desarrollarán materiales didácticos y recursos visuales adecuados para cada grupo, utilizando formatos atractivos y accesibles para facilitar el aprendizaje y la comprensión de los contenidos. Estos materiales incluirán presentaciones, folletos, guías prácticas y herramientas interactivas. Planificación y Coordinación de Eventos (1 mes): Se establecerán fechas, lugares y horarios para la realización de los talleres y recorridos temáticos, asegurando una logistica eficiente y accesible para los participantes. Se coordinará con instituciones educativas, juntas de vecinos, municipios y empresas locales para organizar los eventos, aprovechando sus recursos y redes de contacto para maximizar la participación y el impacto de las actividades. Implementación de Talleres y Recorridos (3 meses): Se impartirán los talleres de capacitación y sensibilización utilizando métodos participativos y dinámicos que fomenten la interacción y el compromiso de los participantes. Además, se organizarán recorridos temáticos que permitan a los asistentes conocer de primera mano iniciativas ambientales y proyectos de energías renovables en la comunidad, proporcionando una experiencia práctica y motivadora que complemente la formación teórica. Evaluación y Seguimiento: Se recopilará retroalimentación de los participantes sobre la calidad y utilidad de los talleres y recorridos, mediante encuestas y sesiones de feedback. Se evaluará el impacto de la medida utilizando como el conocimiento adquirido, los cambios de actitud y las acciones implementadas por los participantes, permitiendo ajustar y mejorar futuras actividades basadas en estos resultados.";"Indicadores de Proceso: Número de talleres y recorridos temáticos realizados. Indicadores de Resultado: Incremento en el conocimiento de los participantes sobre reciclaje, energías renovables, eficiencia energética y cambio climático.";;"Pendiente"
"203";"Santiago";"LE1.3A";;"Adaptación";"Línea Estratégica 1. Educación y Participación Comunitaria para la Acción Climática.";"Fortalecimiento de la educación energética a través de la vinculación con establecimientos escolares de la comuna.";;"La medida busca promover la incorporación de contenidos sobre eficiencia energética y energías renovables en las comunidades escolares de la comuna, a través del fortalecimiento de capacidades, entrega de material pedagógico y articulación con equipos educativos. Desde un rol de apoyo, se fomentará la vinculación con establecimientos para integrar la educación energética en sus prácticas pedagógicas, promoviendo así una cultura escolar orientada a la sostenibilidad.";;;;;"Secretaría Comunal de Planificación; Subdirección de Inversiones; Subdirección de Medio Ambiente.";;;;;;;"Fondos Municipales, Alianzas Público - Privadas.";;"Diagnóstico de necesidades educativas en energía y sostenibilidad (2 meses): Levantamiento participativo de intereses, brechas y capacidades en torno a la temática energética en establecimientos escolares de la comuna. Este proceso considerará reuniones con equipos directivos y docentes para identificar oportunidades de apoyo pedagógico desde el municipio. Elaboración y adaptación de materiales educativos sobre eficiencia energética (3 meses): Desarrollo de contenidos pedagógicos, recursos didácticos y material de apoyo en temáticas como eficiencia energética, energías renovables y sostenibilidad escolar, adaptados a los distintos niveles educativos y diseñados para ser usados de forma voluntaria por los establecimientos. Acciones de capacitación y acompañamiento técnico a escuelas (2 meses): Implementación de talleres, jornadas formativas y asesorías técnicas dirigidas a docentes, asistentes de la educación y encargados de medio ambiente escolar, con el objetivo de fortalecer capacidades en educación energética y uso del material generado. Estrategias de articulación con comunidades escolares (4 meses): Promoción de instancias de colaboración y proyectos piloto con establecimientos interesados, incentivando la incorporación de contenidos energéticos en prácticas pedagógicas y proyectos educativos. Se priorizará el acompañamiento a escuelas que muestren interés en avanzar en el enfoque de sostenibilidad institucional. Monitoreo del alcance y retroalimentación desde las escuelas (continuo): Seguimiento cualitativo y cuantitativo de las acciones implementadas, meciante encuestas, entrevistas y espacios de retroalimentación con los equipos escolares. Esta información permitirá ajustar la estrategia municipal de apoyo educativo en energía y clima.";"Indicadores de Proceso: Porcentaje de establecimientos escolares de la comuna contactados y diagnosticados en temáticas energéticas. Indicadores de Resultado: Número de establecimientos que incorporan contenidos energéticos en sus prácticas pedagógicas con apoyo municipal.";;"Pendiente"
"204";"Santiago";"LE1.4A";;"Adaptación";"Línea Estratégica 1. Educación y Participación Comunitaria para la Acción Climática.";"Instalación de Contenido Educativo sobre temas asociados a Cambio Climático en una Plaza Pública.";;"La medida contempla la instalación de contenido educativo sobre cambio climatico en una plaza pública de alto uso comunitario. Las intervenciones podrán adoptar formatos de urbanismo táctico o expresión artística -como murales, mobiliario interactivo, juegos o señalética con el objetivo de informar, sensibilizar y educar de forma accesible sobre las causas, impactos y acciones frente al cambio climático, fortaleciendo el vínculo entre espacio público y conciencia ambiental.";;;;;"Secretaria Comunal de Planificación, Subdirección de Inversiones, Subdirección de Medio Ambiente.";;;;;;;"Fondos Municipales, Alianzas Público - Privadas.";;"Evaluación y selección participativa del espacio público (1 mes): Identificación de plazas públicas o espacios urbanos con alto tránsito peatonal, priorizando aquellos con potencial educativo y simbólico. Se realizará un proceso participativo con la comunidad local para definir el lugar de intervención, considerando criterios de accesibilidad, visibilidad y vinculación territorial. Diseño colaborativo del contenido y la intervención (2 meses): Co-creación de contenidos educativos sobre cambio climático junto a equipos técnicos, artistas locales, estudiantes y vecinos. Se desarrollarán conceptos que combinen información científica con lenguajes visuales atractivos (murales, señalética, mobiliario, juegos o experiencias interactivas), enmarcados en estrategias de urbanismo táctico y comunicación ambiental. Implementación de la intervención educativa en el espacio público (2 meses): Construcción e instalación de los elementos diseñados, garantizando su resistencia y permanencia en el espacio urbano. Las intervenciones artísticas y pedagógicas buscarán estimular la reflexión, la apropiación comunitaria del lugar y la acción climática desde lo cotidiano. Activación comunitaria, difusión y apropiación (1 mes): Organización de una jornada de inauguración con actividades participativas (talleres, música, recorridos guiados, etc.) para promover el uso y entendimiento del espacio intervenido. Se implementará una campaña de difusión por medios digitales y comunitarios para visibilizar el mensaje y convocar a nuevos públicos. Mantenimiento y actualización del contenido (continuo): Establecimiento de una estrategia de mantenimiento conjunto con organizaciones locales o áreas municipales pertinentes. Se prevé la actualización periódica del contenido educativo y el registro de uso del espacio como herramienta de moritoreo e innovación continua.";"Indicadores de Proceso: Cantidad de paneles informativos y materiales educativos desarrollados. Indicadores de Resultado: Número de visitantes a la plaza pública tras la instalación del contenido educativo.";;"Pendiente"
"205";"Santiago";"LE1.5A";;"Adaptación";"Línea Estratégica 1. Educación y Participación Comunitaria para la Acción Climática.";"Piloto Demostrativo sobre los Efectos del cambio climatico en un Establecimiento Educacional.";;"Instalación de un piloto demostrativo en un establecimiento educacional para plasmar los efectos del cambio climático. El piloto incluirá elementos interactivos y educativos que muestren los impactos del cambio climático y las posibles soluciones, facilitando la comprensión y el aprendizaje de los estudiantes sobre este tema.";;;;;"Secretaría Comunal de Planificación: Subdirección de Inversiones; Subdirección de Medio Ambiente.";;;;;;;"Fondos Municipales, Fondos Públicos Sectoriales y/o Regionales, Alianzas Público Privadas.";;"Selección del Establecimiento Educacional (1 mes): Identificar y seleccionar un establecimiento educacional adecuado para la instalación del piloto demostrativo. El establecimiento debe tener un compromiso con la educación ambiental y la infraestructura necesaria para alojar el piloto. Desarrollo del Contenido Educativo y Diseño del Piloto (2 meses): Crear contenido educativo que explique los efectos del cambio climático, utilizando herramientas visuales y tecnologias interactivas. Diseñar el piloto demostrativo, que podría incluir modelos físicos, simulaciones digitales, paneles informativos y prácticas. Instalación del Piloto (1 mes): Instalar los elementos del piloto demostrativo en el establecimiento educacional seleccionado, asegurando su correcta integración con el entorno escolar. Coordinar con el personal del estaolecimiento para facilitar el acceso y uso del piloto por parte de los estudiantes. Actividades Capacitación y Sensibilización (1 mes): Capacitar a los docentes y al personal del establecimiento en el uso del piloto demostrativo. Realizar sesiones de sensibilización con los estudiantes para introducirlos al contenido del piloto y fomentar su participación activa. Monitoreo y Evaluación (continuo): Implementar un sistema de monitoreo para evaluar la efectividad del piloto demostrativo en términos de aprendizaje y sensibilización sobre el cambio climático. Recoger feedback de los estudiantes y docentes para realizar mejoras continuas.";"Indicadores de Proceso: Cantidad de elementos educativos y materiales desarrollados. Indicadores de Resultado: Cambios en las actitudes y comportamientos de los estudiantes respecto al medio ambiente.";;"Pendiente"
"206";"Santiago";"LE1.6A";;"Adaptación";"LE1. Educación y Participación Comunitaria para la Acción Climática.";"Desarrollo e implementación de Escuela de Agricultura y Jardinería urbana. Esta medida consiste en la creación y operación de una Escuela de Agricultura y Jardineria Urbana, destinada a proporcionar educación y capacitación en";;"técnicas agrícolas sostenibles y jardineria urbana. La escuela ofrecerá programas de formación teórica y práctica para residentes urbanos interesados en aprender sobre cultivo de alimentos, manejo de espacios verdes y prácticas agrícolas respetuosas con el medio ambiente.";;;;;"Secretaría Comunal de Planificación, Subdirección de lnversiones, Subdirección de Medio Ambiente.";;;;;;;"Fondos Municipales, Fondos Públicos Sector ales y/o Regionales, Alianzas Público - Privadas.";;"Diseño del Plan de Estudios y Programación de Cursos (2 meses): Desarrollar el plan de estudios que incluya módulos sobre agricultura urbana, jardinería sostenible, compostaje, manejo integrado de plagas y técnicas de cultivo vertical. Programar cursos cortos y talleres practicos. Adecuación de Espacios y Recursos (1 mes): Acondicionar las instalaciones físicas para la realización de clases teóricas y prácticas. Adquirir herramientas, equipos de jardinería, materiales didácticos y recursos para el desrollo de las actividades formativas. Actividades Contratación y Capacitación de Personal Docente (1 mes): Contratar personal docente especializado en agricultura urbana y jardinería sostenible. Proporcionar capacitación sobre metodologías de enseñanza-aprendizaje y manejo de grupos. Divulgación y Promoción de la Escuela (1 mes): Realizar campañas de difusión para promover la oferta educativa de la escuela entre la comunidad local. Utilizar medios de comunicación, redes sociales, afiches y folletos informativos. Inicio de Actividades y Evaluación Continua (continua): Iniciar las clases y talleres según lo programado. Realizar evaluaciones periódicas del desempeño de los estudiantes y del cumplimiento de los objetivos de aprendizaje. Realizar ajustes en el plan de estudios según los resultados obtenidos.";"Indicadores de Proceso: Número de cursos y talleres programados y desarrollados. Indicadores de Resultado: Número de participantes matriculados en los cursos y talleres.";;"Pendiente"
"207";"Santiago";"LE1.7A";;"Adaptación";"Línea Estratégica 1. Educación y Participación Comunitaria para la Acción Climática.";"Creación de Centro Comunitario de Desarrollo Sostenible.";;"Creación de un Centro Comunitario enfocado en el desarrollo de habilidades, aprendizaje y colaboración en temas relacionados con la sostenibilidad. El centro incluirá programas de educación energética, innovación, fomento las industrias creativas, una ferretería popular y la promoción de oficiosasociados a la economía circular. Su propósito será fortalecer el agenciamiento de la comunidad local, fomentando su capacidad de acción, participación ciudadana y adopción de prácticas sostenibles.";;;;;"Secretaría Comunal de Planificación, Subdirección de Inversiones, Subdirección de Medio Ambiente.";;;;;;;"Fondos Municipales, Fondos Públicos Sectoriales y/o Regionales, Alianzas Público-Privadas.";;"Diseño y Planificación del Centro (2 meses): Definir la estructura organizativa del centro, incluyendo áreas específicas para programas educativos, la ferretería popular y talleres de oficios. Diseñar el plan de gestión y operaciones del centro. Adecuación de Espacios y Equipamiento (3 meses): Adaptar físicamente el espacio para albergar las diferentes del centro. Adquirir el equipamiento necesario para los programas educativos y la ferreteria. Desarrollo e implementación de Programas Educativos (continuo): Diseñar Actividades y lanzar programas educativos sobre eficiencia energética, energías renovables, economía circular y prácticas sostenibles. Impartir cursos y talleres de formación continua. Operación de la Ferretería Popular (continuo): Establecer la ferretería popular como un punto de acceso local a materiales de construcción sostenible y herramientas. Gestionar el inventario y asegurar la accesibilidad a precios asequibles. Promoción y Difusión del Centro (1 mes): Realizar campañas de promoción para dar a conocer el centro y sus servicios a la comunidad local. Utilizar medios de comunicación, redes sociales y eventos comunitarios.";"Indicadores de Proceso: Número de programas educativos desarrollados y lanzados. Indicadores de Resultado: Porcentaje de la comunidad que adopta prácticas sostenibles aprendidas en el centro.";;"Pendiente"
"208";"Santiago";"LE1.8A";;"Adaptación";"Línea Estratégica 1. Educación y Participación Comunitaria para la Acción Climática.";"Formación en Acceso a Fondos Públicos para Proyectos Ambientales.";;"Esta medida tiene como objetivo capacitar a pequeñas y medianas empresas (Pymes), personas naturales y organizaciones sociales en la postulación efectiva a fondos públicos que promuevan proyectos con enfoque medioambiental. Se busca proporcionar las herramientas y conocimientos necesarios para que los participantes puedan identificar oportunidades de financiamiento, elaborar propuestas sólidas y cumplir con los requisitos de los fondos públicos con orientación ambiental.";;;;;"Secretaría Comunal de Planificación; Subdirección de Inversiones; Subdirección de Medio Ambiente; Agencia de la Sostenibilidad Energética; Ministerio de Energia.";;;;;;;"Fondos Municipales.";;"Diagnóstico de Necesidades (1 mes): Descripción: Realizar un diagnóstico para identificar las necesidades y capacidades actuales de los participantes en relación a la postulación a fondos públicos con enfoque medioambiental. Diseño del Programa de Capacitación (2 meses): Descripción: Elaborar un programa de capacitación que incluya módulos sobre identificación de fondos disponibles, redacción de propuestas, gestión de proyectos y aspectos legales y administrativos. Incorporar expertos en cada área temática. Selección de Participantes (1 mes): Descripción: Identificar y seleccionar a los participantes potenciales de las capacitaciones, priorizando a aquellos con un rol activo en la implementación de proyectos medioambientales a nivel local. Implementación de la Capacitación (3 meses): Descripción: Llevar a cabo los talleres y sesiones de capacitación, utilizando metodologías participativas y casos prácticos. Proveer materiales de apoyo y guías prácticas para los participantes. Acompañamiento y Asesoría (4 meses): Descripción: Proveer asesoría continua y acompañamiento a los participantes en la elaboración y presentación de sus propuestas a fondos públicos, asegurando la calidad y viabilidad de los proyectos. Monitoreo y Evaluación (continuo): Descripción: Establecer un sistema de monitoreo para evaluar el progreso y éxito de las capacitaciones. Realizar evaluaciones periódicas para ajustar y mejorar el programa según sea necesario.";"Indicadores de Proceso: Número de participantes seleccionados y capacitados. Indicadores de Resultado: Número de propuestas de proyectos probadas y financiadas.";;"Pendiente"
"209";"Santiago";"LE2.9A";;"Adaptación";"Línea Estratégica 2. Gestión institucional y territorial resiliente.";"Elaboración e Implementación de Procedimientos Municipales y Alcances de Compras Sustentables con consideraciones Medioambientales.";;"Esta medida busca establecer y modernizar procedimientos municipales de compras sustentables, integrando criterios ambientales, sociales y de eficiencia de recursos en los procesos administrativos del municipio. Se priorizará la adquisición de bienes y servicios que minimicen el impacto ambiental, promuevan la innovación y fomenten la economía circular, con especial enfoque en áreas críticas de la gestión municipal como aseo, mantención, transporte, equipamiento e infraestructura. Esta estrategia permitirá modernizar los procesos internos y posicionar al municipio como referente en prácticas de contratación pública responsable y sostenible.";;;;;"Secretaria Comunal de Planificación, Subdirección de Inversiones, Subdirección de Medio Ambiente.";;;;;;;"Fondos Municipales.";;"Diagnóstico Inicial y Revisión de Políticas Existentes (2 meses): Realizar un diagnóstico de las políticas y procedimientos actuales de compras y contratos municales. Identificar áreas de mejora y oportunidades para integrar criterios de sustentabilidad. Elaboración de Procedimientos Sustentables (3 meses): Desarrollar procedimientos detallados que incluyan criterios medioambientales en las compras y contratos municipales. Estos procedimientos deben abarcar aspectos como la selección de proveedores, criterios de evaluación, y requisitos ambientales. Capacitación del Personal (2 meses): Capacitar al personal municipal involucrado en los procesos de compras y contratos sobre los nuevos procedimientos y la importancia de las consideraciones medioambientales. Organizar talleres y sesiones de formación. Implementación de los Nuevos Procedimientos (6 meses): Implementar los nuevos procedimientos de compras y contratos sustentables en todas las áreas municipales. Asegurar la integración de los criterios medioambientales en todas las fases del proceso de adquisición. Monitoreo y Evaluación (continuo): Establecer un sistema de monitoreo para evaluar la aplicación y efectividad de los nuevos procedimientos. Realizar auditorías periódicas y recoger feedback del personal para hacer ajustes necesarios.";"Indicadores de Proceso: Cantidad de procedimientos sustentables elaborados . Indicadores de Resultado: Incremento en el número de contratos que incluyen criterios medioambientales.";;"Pendiente"
"210";"Santiago";"LE2.10A";;"Adaptación";"Línea Estratégica 2. Gestión institucional y territorial resiliente.";"Integración de Criterios Climáticos y Medioambientales en Contratos Municipales.";;"Esta medida implica la revisión de los contratos operativos y de mantenimiento en el ámbito municipal con el objetivo de identificar oportunidades para optimizar su desempeño desde una perspectiva medioambiental y de crisis climático. Se busca integrar criterios y prácticas que reduzcan el impacto ambiental de las actividades municipales, promoviendo la sostenibilidad y la adaptación a los efectos del cambio climático.";;;;;"Secretaría Comunal de Planificación, Subdirección de Inversiones Subdirección de Medio Ambiente.";;;;;;;"Fondos Municipales.";;"Diagnóstico lnicial de Contratos Existentes (2 meses): Realizar un análisis exhaustivo de los contratos operativos y de mantenimiento vigentes en el ámbito municipal, identificando aquellos que tienen un impacto ambiental significativo y aquellos que no incluyen criterios de sostenibilidad. Desarrollo de Criterios Medioambientales (2 meses): Desarrollar criterios y estándares medioambientales específicos que deben ser incluidos en los contratos de operación y mantenimiento, enfocándose en prácticas sostenibles, eficiencia energética, gestión de residuos y adaptación al cambio clim ático. Revisión y Modificación de Contratos (4 meses): Revisar y modificar los contratos existentes para incluir los nuevos criterios medioambientales y de resiliencia climática. Negociar con los proveedores y contratistas para asegurar la aceptación y cumplimiento de los nuevos requisitos. Capacitación y Sensibilización del Personal (2 meses): Capacitar al personal muricipal involucrado en la gestión y supervisión de contratos sobre los nue\/os criterios y estándares medioambientales. Sensibilizar a los contratistas sobre la importancia de estas medidas. lmpiementación y Supervisión (5 meses): lmplementar las nuevas cláusulas y requisitos en los contratos operativos y de mantenimiento. Supervisar el cumplimiento de estos criterios por parte de los contratistas y realizar auditorías periódicas. Monitoreo y Evaluación (continuo): Establecer un sistema de monitoreo continuo para evaluar el impacto de los nuevos criterios en la sostenibilidad y resiliencia de las operaciones y el mantenimiento municipal. Realizar evaluaciones periódicas y ajustar las medidas según sea necesario.";"lndicadores de Proceso: Número de contratos modificados para incluir nuevos criterios. lndicadores de Resultado: lncremento en el cumplimiento de prácticas sostenibles por parte de contratistas.";;"Pendiente"
"211";"Santiago";"LE2.11A";;"Adaptación";"Linea Estratégica 2. Gestión institucional y territorial resiliente.";"Mapa Comunal de la Pobreza Energética: Identificación y Análisis de Vulnerabilidades";;"Esta medida implica realizar una caracterización detallada de la pobreza energética a nivel comunal, con el objetivo de identificar áreas geográficas y grupos poblacionales vulnerables que enfrentan dificultades para acceder a servicios energéticos adecuados y asequibles. La caracterización proporcionará información crucial para el diseño e implementación de políticas y programas dirigidos a abordar la pobreza energética y mejorar la calidad de vida de los residentes.";;;;;"Secretaría Comunal de Planificación; Subdirección de Inversiones; Subdirección de Medio Ambiente; Universidades o Centros de Investigación.";;;;;;;"Fondos Públicos Sectoriales y/o Regionales, Alianzas Público - Privadas.";;"Diagnóstico lnicial (2 meses): Realizar un diagnóstico preliminar para identificar las áreas y grupos poblacionales más vulnerables a la pobreza energética. Recolectar datos demográficos, socioeconómicos y de consumo energético. Encuestas y Recolección de Datos (4 meses): Diseñar y aplicar encuestas detalladas a nivel de hogar para obtener información sobre el acceso a la energía, el consumo, los costos energéticos y las condiciones de habitabilidad. lncluir preguntas sobre fuentes de energía utilizadas, eficiencia energética y percepción de confort térmico. Análisis de Datos y Mapeo (3 meses): Analizar los datos recolectados para identificar patrones y correlaciones entre la pobreza energética y otras variables socioeconómicas. Crear mapas de calor que visualicen la distribución geográfica de la pobreza energética en la comuna. ldentificación de Causas y Soluciones (3 meses): ldentificar las causas principales de la pobreza energética en la comuna y proponer soluciones específicas. Esto puede incluir mejoras en a infraestructura energética, programas de eficiencia energética y subsidios para hogares vulnerables. Desarrollo de Estrateg¡as y Políticas (2 meses): Elaborar estrategias y políticas públicas basadas en los hallazgos del estudio. Proponer programas de intervención y financiamiento para mitigar la pobreza energética, incluyendo la mejora de la eficiencia energética en viviendas y el acceso a fuentes de energía renovable. lmplementación Piloto (6 meses): Implementar proyectos piloto en las áreas más afectadas, evaluando la efectividad de las soluciones propuestas. Monitorear el impacto y ajustar las estrategias según los resultados obtenidos. Mon¡toreo y Evaluación (continuo): Establecer un sistema de monitoreo continuo para evaluar el impacto de las políticas y programas implementados. Realizar evaluaciones periódicas y ajustes necesarios para asegurar la efectividad y sostenibilidad de las medidas.";"lndicadores de Proceso; Número de encuestas realizadas y datos recolectados. lndicadores de Resultado: Número de mapas elaborados.";;"Pendiente"
"212";"Santiago";"LE2.12A";;"Adaptación";"2. Gestión institucional y territorial resiliente.";"Identificación de Áreas Urbanas Susceptibles a Olas de Calor y altas temperaturas.";;"Busca identificar las áreas urbanas con mayor susceptibilidad a experimentar olas de calor y altas temperaturas, con el propósito de intervenir y prevenir estos fenómenos climáticos. Se realizará un análisis exhaustivo de variables climáticas, geográficas y socioeconómicas para identificar las áreas más vulnerables, y se diseñarán estrategias de intervención adaptadas a las necesidades específicas de cada zona.";;;;;"Secretaria Comunal de Planificación, Subdirección de Inversiones, Subdirección de Medio Ambiente; Universidades; Centros de Investigación; Dirección de Salud.";;;;;;;"Fondos Municipales, Fondos Públicos Sectoriales y/o Regionales, Alianzas Público Privadas.";;"Análisis de Datos Climáticos y Urbanos {2 meses): Recolectar y analizar datos climáticos históricos y actuales, así como datos urbanos relevantes como densidad poblacional, cobertura vegetal y características del entorno construido. ldentificación de lndicadores de Vulnerabilidad (1 mes): Definir y calcular indicadores de vulnerabilidad frente a olas de calor, como la densidad de población expuesta, la falta de áreas verdes y la disponibilidad de infraestructuras de enfriamiento urbano. Mapeo y Zonificación de Áreas Susceptibles (2 meses): Utilizar los datos analizados y los indicadores de vulnerabilidad para mapear y zonificar las áreas urbanas que son más susceptibles a olas de calor. Establecer categorías de riesgo y priorización. Consultas y Validación Comunitaria (1 mes): Realizar consultas públicas y validar los resultados del mapeo con comunidades locales, organizaciones no gubernamentales y expertos en salud pública para asegurar la precisión y aceptación de las zonas identificadas. lnforme y Recomendaciones (1 mes): Elaborar un informe detallado que incluya los resultados del análisis, el mapeo de áreas susceptibles y recomendaciones específicas para la implementación de medidas de adaptación y mitigación.";"lndicadores de Proceso: Número de indicadores de vulnerabilidad definidos y calculados. lndicadores de Resultado: Número de áreas urbanas identificadas como susceptibles a olas de calor.";;"Pendiente"
"213";"Santiago";"LE3.13A";;"Adaptación";"3. Transición Energética y Eficiencia de Recursos.";"Mejoramiento de viviendas mediante la creación de subsidios para Hogares Sostenibles y Resilientes en Santiago ante el Cambio Climático.";;"Esta medida busca fomentar las prácticas ambientales facilitando el acceso a subsidios para la implementación de mecanismos energéticos eficientes y mejoras de aislación en hogares de la comuna, con el objetivo de reducir el consumo energético, la optimización higrotérmica, mitigar el impacto ambiental y aumentar la resiliencia ante la crisis climática. Los subsidios se destinarán a la instalación de sistemas de energía renovable, mejoras en la eficiencia energética y fortalecimiento del aislamiento térmico de viviendas.";;;;;"Secretaría Comunal de Planificación, Subdirección de lnversiones, Subdirección de Medio Ambiente; Agencia de Sostenibilidad Energética (ASE).";;;;;;;"Vías de Fondos Municipales, Fondos Públicos Sectoriales y/o Regionales, Alianzas Público Privadas";;"Identificación y Categorización de Beneficiarios (2 meses): Realizar un censo y análisis de las viviendas en la comuna para identificar a las familias en situación de vulnerabilidad energética. Priorizar a los hogares con mayores necesidades de intervención. Desarrollo del Programa de Subsidios (3 meses): Diseñar el programa de subsidios, estableciendo los criterios de elegibilidad, los montos de subsidio, y los tipos de intervenciones energéticas y de aislación que serán financiadas. Consultar con expertos en eficiencia energética y construcción sustentable para definir los estándares y especificaciones técnicas. Difusión y Promoción del Programa (2 meses): Implementar una campaña de comunicación para informar a la comunidad sobre el programa de subsidios, los requisitos para postular y los beneficios de las intervenciones. Utilizar diversos canales de comunicación, incluyendo redes sociales, boletines municipales y reuniones informativas. Proceso de Postulación y Evaluación de Solicitudes (3 meses): Abrir el proceso de postulación para los subsidios, recibir las solicitudes y evaluarlas conforme a los criterios establecidos. Realizar visitas técnicas a las viviendas postulantes para verificar las condiciones y determinar la viabilidad de las interventions propuestas. Implementación de las Intervenciones (12 meses): Coordinar y ejecutar las intervenciones en las viviendas seleccionadas, asegurando la correcta instalación de sistemas energéticos eficientes y de aislación térmica. Supervisar las obras para garantizar el cumplimiento de los estándares técnicos y de calidad. Monitoreo y Evaluación de Resultados (continuo): Implementar un sistema de monitoreo para evaluar el impacto de las intervenciones en el consumo energético de los hogares y en el confort térmico. Realizar encuestas de satisfacción a los beneficiarios y ajustar el programa según los resultados obtenidos.";"Indicadores de Proceso: Número de intervenciones energéticas y de aislación realizadas. Indicadores de Resultado: Reducción promedio del consumo energético en los hogares beneficiados.";;"Pendiente"
"214";"Santiago";"LE3.14A";;"Adaptación";"Línea Estratégica 3. Transición Energética y Eficiencia de Recursos.";"Integración de Criterios de Construcción sostenible, Eficiencia Energética e Hídrica en Nuevas Viviendas Sociales y Proyectos Inmobiliarios.";;"Esta medida busca integrar criterios de construcción sostenible, eficiencia energética e hídrica en el diseño y construcción de nuevas viviendas sociales y proyectos inmobiliarios, con el objetivo de reducir el consumo de energía y agua, mitigar el impacto ambiental y mejorar la calidad de vida de los residentes. Se enfocará en la implementación de tecnologías y prácticas sostenibles en la planificación, diseño y construcción de viviendas, teniendo en consideración todo el ciclo de vida del proyecto.";;;;;"Secretaría Comunal de Planificación, Subdirección de Inversiones, Subdirección de Medio Ambiente.";;;;;;;"Fondos Municipales.";;"Desarrollo de Normativas y Criterios Técnicos (3 meses): Elaborar normativas y criterios técnicos que establezcan los estándares mínimos de construcción sostenible, eficiencia energética e hidrica para nuevas viviendas sociales y proyectos inmobiliarios. Incluir requisitos específicos para el diseño, materiales, tecnologías y prácticas de construcción en todo el ciclo de vida del proyecto. Capacitación y Sensibilización (2 meses): Realizar talleres y seminarios para capacitar a arquitectos, ingenieros, constructores y otros actores clave en los nuevos criterios y normativas de eficiencia energética e hidrica. Sensibilizar sobre los beneficios ambientales y económicos de su implementación.< Incentivos y Financiamiento (4 meses): Diseñar un sistema de incentivos financieros y técnicos para promover la adopción de criterios de eficiencia en proyectos inmobiliarios. Esto puede incluir subsidios, créditos blandos, exenciones fiscales y asistencia técnica. Monitoreo y Certificación (continuo): Implementar un sistema de monitoreo y certificación para asegurar el cumplimiento de los criterios de eficiencia energética e hidrica en los proyectos inmobiliarios. Realizar auditorías periódicas y otorgar certificaciones a los proyectos que cumplan con los estándares. Evaluación y Mejora Continua (6 meses y continuo): Evaluar el impacto de la implementación de los criterios en términos de ahorro de energía y agua. Realizar estudios de caso y recopilar datos para identificar áreas de mejora y ajustar las normativas según sea necesario.";"Indicadores de Proceso: Número de normativas y criterios técnicos desarrollados y publicados. Indicadores de Resultado: Porcentaje de proyectos inmobiliarios nuevos que cumplen con los criterios de eficiencia energética e hídrica establecidos.";;"Pendiente"
"215";"Santiago";"LE4.15A";;"Adaptación";"Línea Estratégica 4: Infraestructura Verde y Soluciones Basadas en la Naturaleza.";"Elaboración de un Plan de Infraestructura Verde Urbana para la comuna de Santiago.";;"La medida contempla la elaboración de un Plan de Infraestructura Verde Urbana para la comuna de Santiago, que actúe como instrumento rector para orientar la planificación, diseño, conservación y expansión de espacios verdes y soluciones basadas en la naturaleza en el territorio comunal. El plan integrará criterios de adaptación al cambio climático, biodiversidad urbana, conectividad ecológica y equidad territorial, priorizando el uso de especies nativas y de bajo requerimiento hídrico. Asimismo, servirá de base técnica para el manejo sostenible de parques, plazas y corredores verdes, contribuyendo a una ciudad más resiliente, saludable y ambientalmente integrada.";;;;;"Secretaría Comunal de Planificación; Suodirección de Inversiones; Subdirección de Medio Ambiente.";;;;;;;"Fondos Municipales, Fondos Públicos Sectoriales y/o Regionales, Alianzas Público-Privadas.";;"Inventario y Diagnóstico de Áreas Verdes (3 meses): Realizar un inventario detallado de todas las áreas verdes existentes, evaluando su estado actual, biodiversidad, infraestructura y uso. Identificar las necesidades y oportunidades de mejora. Consulta y Participación Comunitaria (2 meses): Organizar reuniones y talleres participativos con la comunidad y expertos en manejo de áreas verdes para recopilar opiniones, necesidades y sugerencias. Fomentar la colaboración y el sentido de pertenencia. Elaboración del Plan de Infraestructura Verde Urbana (4 meses): Desarrollar un plan detallado que incluya objetivos, estrategias y acciones específicas para la gestión sostenible de las áreas verdes. Incluir directrices para la selección de especies nativas, prácticas de riego eficiente, y mantenimiento ecológico. Capacitación del Personal (continuo): Capacitar a los trabajadores municipales y voluntarios en técnicas de manejo sostenible, incluyendo la plantación, poda, riego, y control de plagas de manera ecológica. Desarrollar programas de formación continua. Implementación de Acciones del Plan (12 meses): Ejecutar las acciones delineadas en el plan de manejo, tales como la restauración de áreas degradadas, la plantación de especies nativas, la instalación de sistemas de riego eficientes, y la creación de nuevos espacios verdes. Monitoreo y Evaluación (continuo): Establecer un sistema de monitoreo para evaluar la efectividad de las acciones implementadas. Realizar evaluaciones periódicas y ajustar el plan según los resultados obtenidos y el feedback de la comunidad.";"Indicadores de Proceso: Número de acciones implementadas según el plan. Indicadores de Resultado: Aumento en la cantidad y calidad de las áreas verdes.";;"Pendiente"
"216";"Santiago";"LE4.16A";;"Adaptación";"Línea Estratégica 4: Infraestructura Verde y Soluciones Basadas en la Naturaleza.";"Desarrollo e Implementación de Programa de Incentivo para Creación de Huertas y Jardines Urbanos Sostenibles.";;"Esta medida busca fomentar la creación de huertas, jardines urbanos y comunitarios basado en soluciones basadas en la naturaleza que utilicen técnicas de bajo consumo hídrico, contribuyendo así a la seguridad alimentaria, la sostenibilidad ambiental y la resiliencia frente al cambio climático en áreas urbanas. Se establecerá un programa de incentivos para apoyar financieramente a los participantes en la implementación de estas iniciativas.";;;;;"Secretaría Comunal de Planificación, Subdirección de Inversiones, Subdirección de Medio Ambiente; Subdirección de Parques y Jardines.";;;;;;;"Fondos Públicos Sectoriales y/o Regionales, Alianzas Público - Privadas";;"Diseño del Programa de Incentivos (2 meses): Desarrollar un esquema de incentivos que incluya subvenciones, materiales, asistencia técnica y reconocimientos para los participantes del programa. Definir los criterios de elegibilidad, los tipos de huertas y jardines que se promoverán, y las metas del programa. Promoción y Difusión (3 meses): Lanzar una campaña de comunicación para informar a la comunidad sobre el programa, utilizando medios de comunicación, redes sociales, folletos y eventos informativos. Establecer alianzas con escuelas, juntas de vecinos, y organizaciones locales para ampliar el alcance. Capacitación y Asistencia Técnica (continuo): Ofrecer talleres y recursos educativos sobre técnicas de agricultura urbana sostenible, diseño de huertas, compostaje, y gestión del agua. Proporcionar asistencia técnica continua a los participantes para asegurar la implementación exitosa de sus proyectos. Implementación de Huertas y Jardines (12 meses): Apoyar la creación y el desarrollo de huertas y jardines urbanos en los espacios seleccionados, asegurando que cumplan con los principios de sostenibilidad. Supervisar y apoyar el progreso de los proyectos para garantizar su éxito a largo plazo. Monitoreo y Evaluación (continuo): Implementar un sistema de seguimiento para evaluar el progreso y el impacto de las huertas y jardines urbanos. Recopilar datos sobre la producción, la participación comunitaria y los beneficios ambientales y sociales.";"de Proceso: Número de talleres y capacitaciones ofrecidos. Indicadores Indicadores de Resultado: Cantidad de nuertas y jardines urbanos implementados.";;"Pendiente"
"217";"Santiago";"LE4.17A";;"Adaptación";"Línea Estratégica 4: Infraestructura Verde y Soluciones Basadas en la Naturaleza.";"Creación de un corredor biológico para la comuna de Santiago";;"La medida busca establecer un corredor biológico en la comuna de Santiago, con el fin de conservar y restaurar la biodiversidad urbana, promover la conectividad ecológica entre áreas verdes y proteger los hábitats naturales. El corredor biológico servirá como un refugio para la fauna y la flora nativa, así como un espacio de recreación para los residentes.";;;;;"Secretaría Comunal de Planificación; Subdirección de Inversiones; Subdirección de Medio Ambiente; Subdirección de Parques y Jardines.";;;;;;;"Fondos Públicos Sectoriales y/o Regionales, Alianzas Público-Privadas.";;"Identificación y Mapeo de Áreas Potenciales (2 meses): Realizar un estudio para identificar y mapear las áreas verdes y hábitats naturales existentes en la comuna que podrían formar parte del corredor biológico. Evaluar la conectividad y las posibles rutas que faciliten el movimiento de la fauna. Diseño del Corredor Biológico (3 meses): Descripción: Desarrollar un plan detallado del corredor biológico, especificando las áreas a conectar, las especies objetivo, y las intervenciones necesarias para mejorar la conectividad. Incluir estrategias de restauración ecológica y conservación. Consulta y Participación Comunitaria (2 meses): Descripción: Realizar consultas con la comunidad, instituciones educativas, organizaciones ambientales y otros actores locales para recoger sus opiniones y asegurar su apoyo. Organizar talleres y reuniones para informar sobre el proyecto y fomentar la participación activa. Implementación del Corredor Biológico (6-12 meses): Ejecutar las intervenciones necesarias para establecer el corredor biológico, como la plantación de especies nativas, la creación de pasos de fauna, y la restauración de hábitats degradados. Coordinar con las autoridades locales y otros actores relevantes para asegurar el éxito del proyecto. Monitoreo y Mantenimiento (continuo): Implementar un sistema de monitoreo para evaluar la efectividad del corredor biológico, observar el comportamiento de la fauna y la flora, y hacer ajustes según sea necesario. Realizar actividades de mantenimiento regular para asegurar la sostenibilidad del corredor.";"Indicadores de Proceso: Hectáreas de hábitats restaurados o conectados. Indicadores de Resultado: Mejora en la conectividad ecológica entre áreas verdes.";;"Pendiente"
"218";"Santiago";"LE4.18A";;"Adaptación";"Línea Estratégica 4. Infraestructura Verde y Soluciones Basadas en la Naturaleza.";"Aumento de Áreas Verdes en la Comuna.";;"Esta medida tiene como objetivo incrementar la cantidad de áreas verdes en la comuna a través de la revitalización de espacios urbanos, fortaleciendo la infiltración de agua y reduciendo el riesgo de inundaciones. Se busca crear entornos más sostenibles y resilientes que promuevan la calidad de vida de los habitantes.";;;;;"Subdirección de Parques y Jardines; Secretaría Comunal de Planificación, Subdirección de Inversiones, Subdirección de Medio Ambiente.";;;;;;;"Fondos Públicos Sectoriales y/o Regionales, Alianzas Público - Privadas.";;"Identificación de Espacios Urbanos a Revitalizar (6 meses): Se llevará a cabo un exhaustivo mapeo de las áreas urbanas de la comuna con el objetivo de identificar aquellos espacios con potencial para ser transformados en áreas verdes. Se dará prioridad a aquellas zonas caracterizadas por una alta densidad poblacional y una marcada carencia de espacios verdes, con el fin de abordar las necesidades más urgentes de la comunidad y mejorar la calidad de vida de sus habitantes. Diseño y Planificación de Áreas Verdes (12 meses): Se desarrollarán planes de diseño detallados para la creación de nuevas áreas verdes en la comuna. Estos planes considerarán elementos de captación de agua y tecnologías de infiltración con el objetivo de optimizar la gestión hídrica en estos espacios, promoviendo así la conservación del recurso y la reducción del impacto ambiental. Implementación de Proyectos Piloto (18 meses): Se llevarán a cabo proyectos piloto de revitalización en los espacios urbanos previamente identificados. Estos proyectos se ejecutarán de manera participativa, involucrando activamente a la comunidad en todas las etapas del proceso, desde el diseño hasta la ejecución, haciendo especial énfasis en la promoción de la autogestión vecinal como medio para fortalecer el sentido de pertenencia y responsabilidad ciudadana. Mantenimiento y Monitoreo Continuo (durante toda la implementación): A lo largo de toda la implementación del programa, se establecerán programas de mantenimiento regular para los nuevos espacios creados.";"Indicadores de Proceso: Número de espacios urbanos identificados con potencial de revitalización. Indicadores de Resultado: Superficie de áreas verdes efectivamente revitalizada (m² o hectáreas).";;"Pendiente"
"219";"Santiago";"LE5.19A";;"Adaptación";"Línea Estratégica 5. Gestión y Adaptación Hidrica.";"Impulso y Fortalecimiento de Proyectos Comunales en Sistemas de Drenaje Urbano Sostenible (SUDs) y Recuperación de Aguas Pluviales y/o Grises.";;"Esta medida tiene como objetivo promover y fortalecer proyectos comunitarios enfocados en la implementación de Sistemas de Drenaje Urbano Sostenible (SUDs) y la recuperación de aguas pluviales y/o grises. Estos proyectos buscan reducir los riesgos de inundación y anegamiento en áreas urbanas mediante la gestión sostenible de las aguas pluviales, implementando soluciones basadas en la naturaleza que incluyan su almacenamiento, infiltración y reutilización.";;;;;"Secretaría Comunal de Planificación, Subdirección de Inversiones, Subdirección de Medio Ambiente.";;;;;;;"Fondos Públicos Sectoriales y/o Regionales";;"Diagnóstico y Planificación Inicial (2 meses): Realizar un diagnóstico de las áreas urbanas que podrían beneficiarse de la implementación de SUDs y sistemas de recuperación de aguas. Identificar oportunidades y desafios, y elaborar un plan inicial que contemple la selección de proyectos piloto. Diseño de Proyectos Piloto (3 meses): Diseñar proyectos piloto específicos que incluyan SUDs y técnicas de recuperación de aguas pluviales y grises. Involucrar a expertos en hidrologia urbana, ingeniería ambiental y diseño urbano para asegurar la viabilidad y efectividad de los proyectos. Búsqueda de Financiamiento y Recursos (2 meses): Identificar y aplicar afuentes de financiamiento disponibles, tanto públicas como privadas, para la implementación de los proyectos piloto Coordinar con entidades gubernamentales y organizaciones no gubernamentales para obtener apoyo y recursos adicionales. Implementación de Proyectos Piloto (6 meses): Ejecutar los proyectos piloto, incluyendo la instalación de infraestructura de SUDs, sistemas de captación y almacenamiento de aguas pluviales y grises. Asegurar la correcta construcción y funcionamiento mediante supervisión técnica constante. Capacitación y Sensibilización (continuo): Realizar talleres y campañas de sensibilización para capacitar a la comunidad y a los funcionarios municipales sobre el funcionamiento y beneficios de los SUDs y la recuperación de aguas pluviales y grises. Fomentar la participación comunitaria en el mantenimiento y monitoreo de los sistemas implementados. Monitoreo y Evaluación (continuo): Establecer un sistema de monitoreo para evaluar el rendimiento y la eficacia de los proyectos piloto. Analizar indicadores de eficiencia hídrica, reducción de inundaciones y mejora en la calidad del agua. Realizar evaluaciones periódicas para ajustar y mejorar los sistemas implementados.";"Indicadores de Proceso: Cantidad de proyectos piloto diseñados y presentados. Indicadores de Resultado: Reducción en la frecuencia e intensidad de inundaciones en las áreas intervenidas.";;"Pendiente"
"220";"Santiago";"LE5.20A";;"Adaptación";"Línea Estratégica 5. Gestión y Adaptación Hídrica.";"Actualización de la Estrategia Hidrica Local.";;"Con el objetivo de gestionar de manera eficiente el recurso hídrico en el ámbito local, se realizará la actualización de la Estrategia Hídrica Local. La estrategia incluirá acciones para la conservación, gestión sostenible y protección del agua, la reducción de pérdidas y el fomento del uso responsable entre la comunidad, contribuyendo así a la seguridad hidrica y la resiliencia frente al cambio climático.";;;;;"Administradores de edificios municipales; Secretaría Comunal de Planificación; Subdirección de Inversiones; Subdirección de Medio Ambiente.";;;;;;;"Fondos Municipales, Fondos Públicos Sectoriales y/o Regionales, Alianzas Público - Privadas.";;"Diagnóstico y Evaluación Inicial (2 meses): Realizar un diagnóstico exhaustivo de los recursos hidricos locales, incluyendo fuentes de agua, infraestructura existente, y usos actuales. Evaluando la vulnerabilidad al cambio climático y otros riesgos. Consulta y Participación Comunitaria (3 meses): Organizar talleres y reuniones con la comunidad, autoridades locales, y expertos en recursos hidricos para identificar necesidades, prioridades, y posibles soluciones. Fomentar la participación activa y la colaboración de todos los sectores. Desarrollo del Plan Estratégico (4 meses): Elaborar un plan estratégico que incluya objetivos, metas, y acciones específicas para la gestión sostenible del agua. Incorporar las propuestas y recomendaciones de la comunidad y los expertos. Capacitación y Educación Ambiental (continuo): Desarrollar e implementar programas de capacitación para funcionarios municipales y la comunidad sobre la gestión eficiente del agua y prácticas sostenibles. Promover la educación ambiental en escuelas y organizaciones locales. Monitoreo y Evaluación (continuo): Establecer un sistema de monitoreo para evaluar el progreso y la efectividad de la estrategia hidrica. Realizar evaluaciones periódicas y ajustar el plan según los resultados y el feedback recibido.";"Indicadores de Proceso: Cumplimiento de plazos y presupuesto para la elaboración de la Estrategia Hídrica Local. Indicadores de Resultado: Estrategia de Ahorro Hídrico Municipal actualizada, validada e incorporada en los instrumentos de gestión municipal.";;"Pendiente"
"221";"Santiago";"LE6.21A";;"Adaptación";"6. Salud y Seguridad Alimentaria ante la Crisis Climática,";"Desarrollo e implementación de Plan de recuperación de alimentos desde las ferias libres.";;"Este proyecto tiene como objetivo desarrollar e implementar un plan para la recuperación de alimentos excedentes en las ferias libres, con el fin de reducir el desperępuicio de alimentos y promover la seguridad alimentaria en la comunidad. Se establecerán mecanismos para recolectar, almacenar y distribuir los alimentos recuperados de manera segura y eficiente.";;;;;"Secretaría Comunal de Planificación, Subdirección de Inversiones, Subdirección de Medio Ambiente";;;;;;;"Fondos Públicos Sectoriales y/o Regionales, Alianzas Público - Privadas";;"Diagnóstico y Planificación (2 meses): Realizar un diagnóstico para identificar las ferias libres con mayor potencial de recuperación de alimentos. Diseñar un plan de acción detallado que incluya estrategias de recolección, clasificación, almacenamiento y redistribución de los alimentos recuperados. Capacitación y Sensibilización (1 mes): Capacitar a los comerciantes de las ferias libres sobre la importancia y los beneficios de la recuperación de alimentos. Sensibilizar a las comunidades sobre el problema del desperdicio de alimentos y las formas en que pueden participar en la iniciativa. Implementación del Plan de Recuperación (3 meses): Establecer los mecanismos y logística necesarios para la recolección y clasificación de los alimentos. Colaborar con organizaciones comunitarias para la distribución de los alimentos recuperados a las personas necesitadas. Monitoreo y Evaluación (continuo): Implementar un sistema de monitoreo para evaluar la cantidad de alimentos recuperados y su impacto en la reducción del desperdicio. Realizar evaluaciones periódicas para ajustar y mejorar el plan según los resultados obtenidos.";"Indicadores de Proceso: Número de ferias libres diagnosticadas y con planes de acción implementados. Indicadores de Resultado: Cantidad de alimentos recuperados (en kilogramos) y redistribuidos mensualmente.";;"Pendiente"
"222";"Santiago";"LE6.22A";;"Adaptación";"6. Salud y Seguridad Alimentaria ante la Crisis Climática.";"Fondos Municipales, Fondos Públicos Sectoriales y/o Regionales";;"Consiste en el establecimiento de un Banco de Alimentos a nivel comunal con el objetivo de recoger alimentos excedentes y en buen estado de comercios, productores locales y donaciones, para posteriormente distribuirlos entre personas y familias en situación de vulnerabilidad. El Banco de Alimentos actuará como un centro de acopio, almacenamiento y distribución de alimentos, contribuyendo a reducir el desperdicio de alimentos y mejorar la seguridad alimentaria de la comunidad.";;;;;"Secretaría Comunal de Planificación, Subdirección de Inversiones, Subdirección de Medio Ambiente.";;;;;;;"Por Definir.";;"Estudio de Viabilidad y Planificación (3 meses): Realizar un estudio de viabilidad para evaluar las necesidades alimentarias de la comunidad y las posibles fuentes de donaciones. Diseñar un plan de acción detallado que incluya la logística, infraestructura necesaria y los procesos operativos del banco de alimentos. Establecimiento de Alianzas y Redes (2 meses): Formar alianzas con supermercados, ferias libres, productores agricolas y organizaciones locales para asegurar un flujo constante de donaciones de alimentos. Establecer acuerdos de colaboración y definir roles y responsabilidades de cada parte. Infraestructura y Logistica (2 meses): Adquirir y adecuar el espacio físico para el banco de alimentos, incluyendo la instalación de equipos de almacenamiento adecuados (refrigeradores, estantes, etc.). Establecer un sistema de logistica para la recolección, almacenamiento y distribución de los alimentos. Capacitación del Personal y Voluntarios (1 mes): Capacitar al personal y voluntarios en manejo de alimentos, logistica, seguridad alimentaria y atención al beneficiario. Implementar protocolos de higiene y manipulación segura de los alimentos. Lanzamiento y Operación Continua (continuo): Iniciar la operación del banco de alimentos, estableciendo días y horarios de distribución. Realizar actividades de promoción y sensibilización para aumentar la participación comunitaria y la visibilidad del banco de alimentos.";"Indicadores de Proceso: Cantidad de alimentos recolectados y almacenados (en kilogramos) mensualmente. Indicadores de Resultado: Número de beneficiarios atendidos por el banco de alimentos (personas o familias) mensualmente.";;"Pendiente"
"223";"Santiago";"LE6.23A";;"Adaptación";"Línea Estratégica 6. Salud y Seguridad Alimentaria ante la Crisis Climática.";"Desarrollo e Implementación de Red de Refugios Climáticos.";;"El proyecto consiste en el desarrollo e implementación de una red de refugios climáticos en la comunidad, con el propósito de brindar espacios seguros y adecuados para la protección de la población ante eventos climáticos extremos, como olas de calor, tormentas intensas o inundaciones. Estos refugios estarán equipados con recursos necesarios para garantizar la seguridad y el bienestar de las personas en situaciones de emergencia climática.";;;;;"Secretaría Comunal de Planificación; Subdirección de Inversiones; Subdirección de Medio Ambiente.";;;;;;;"Fondos Municipales, Fondos Públicos Sectoriales y/o Regionales";;"Identificación de Ubicaciones Estratégicas (2 meses): Realizar un estudio para identificar áreas vulnerables y puntos críticos en la comuna que puedan ser afectados por eventos climáticos extremos. Seleccionar ubicaciones seguras y accesibles para establecer los refugios climáticos. Adecuación de Infraestructura (3 meses): Acondicionar y preparar las instalaciones identificadas como refugios climáticos, asegurando condiciones adecuadas de seguridad, accesibilidad, servicios básicos y capacidad para albergar a un número determinado de personas. Desarrollo de Protocolos y Planes de Emergencia (1 mes): Elaborar protocolos operativos y planes de emergencia para la activación y gestión de los refugios climáticos durante eventos extremos. Incluir procedimientos para la coordinación con servicios de emergencia y autoridades locales. Capacitación del Personal y Simulacros (2 meses): Capacitar al personal designado para operar los refugios climáticos en primeros auxilios, gestión de crisis, atención psicológica de emergencia y manejo de equipos y recursos. Realizar simulacros periódicos para evaluar la efectividad de los planes de emergencia. Implementación y Mantenimiento Continuo (continuo): Activar los refugios climáticos según sea necesario durante eventos climáticos extremos. Mantener la infraestructura y los protocolos actualizados y funcionales, realizando revisiones periódicas y mejoras según las necesidades identificadas.";"Indicadores de Proceso: Número de refugios climáticos identificados y adecuados. Indicadores de Resultado: Número de personas beneficiadas por los refugios climáticos durante eventos extremos.";;"Pendiente"
"224";"Santiago";"LE6.24A";;"Adaptación";"Línea Estratégica 6. Salud y Seguridad Alimentaria ante la Crisis Climática.";"Fortalecimiento de la Gestión de los Centros de Salud Familiar (CESFAM) ante Eventos Climáticos Adversos.";;"Esta medida tiene como objetivo fortalecer la gestión de los Centros de Salud Familiar (CESFAM) para enfrentar eventos climáticos adversos, tanto en invierno como en verano, a través de acciones de formación, sensibilización, autocuidado y la adaptación de entornos (en el caso de ser posible) ante condiciones climáticas extremas.";;;;;"Secretaría Comunal de Planificación; Subdirección de Inversiones; Subdirección de Medio Ambiente.";;;;;;;"Fondos Municipales, Fondos Públicos Sectoria es $/o$ Regionales";;"Evaluación de Vulnerabilidad y Capacidades (2 meses): Realizar una evaluación detallada de la vulnerabilidad de los CESFAM frente a eventos climáticos adversos, como olas de calor, inundaciones o tormentas severas. Identificar las capacidades actuales y las necesidades de mejora en infraestructura, recursos humanos y equipos médicos. Desarrollo de Planes de Contingencia (2 meses): Elaborar planes de contingencia específicos para cada CESFAM, considerando escenarios climáticos adversos previsibles en la región. Definir procedimientos operativos estándar para la respuesta inmediata, la gestión de emergencias y la evacuación segura de pacientes y personal. Capacitación del Personal (1 mes): Capacitar al personal de los CESFAM en temas de primeros auxilios, manejo de crisis y atención médica durante eventos climáticos extremos. Incluir formación en gestión de riesgos y manejo adecuado de pacientes vulnerables. Implementación de Medidas de Adaptación (3 meses): Implementar medidas de adaptación física en los CESFAM, como mejoras en la infraestructura para resistir fenómenos climáticos extremos, instalación de sistemas de energía de respaldo y sistemas de gestión de aguas pluviales. Simulacros y Evaluación Continua (continuo): Realizar simulacros periódicos para evaluar la efectividad de los planes de contingencia y la preparación del personal. Establecer mecanismos de retroalimentación y revisión continua de los protocolos ante nuevos desafios climáticos.";"Indicadores de Proceso: Número de CESFAM evaluados y con plan de contingencia desarrollado. Indicadores de Resultado: Reducción del tiempo de respuesta ante eventosclimáticos adversos en los CESFAM (% de mejora respecto a la línea base).";;"Pendiente"
"225";"Maria Pinto";"1.1";;"Adaptación";"Gestión de Riesgo por Efectos del Cambio Climático";"Kits de Emergencia para la Prevención de Incendios, Inundaciones y Otros eventos extremos";;"La medida busca fortalecer la preparación y capacidad de respuesta de la comunidad frente a emergencias asociadas a amenazas climáticas y desastres socio-naturales, tales como incendios forestales, inundaciones o interrupciones de servicios básicos. Para ello, se contempla la adquisición y distribución de kits o mochilas de emergencia comunitarias en sectores priorizados de la comuna. Los kits estarán compuestos por elementos básicos definidos según las necesidades del territorio y la disponibilidad presupuestaria municipal. Entre los insumos considerados podrán incluirse linternas, botiquines de primeros auxilios, herramientas manuales, agua potable, elementos de señalización, equipos de protección personal y equipamiento básico para la prevención o control inicial de incendios. La distribución se realizará en sectores priorizados según criterios de exposición y vulnerabilidad frente a riesgos climáticos, definiendo su ubicación en coordinación con organizaciones comunitarias. Complementariamente, se desarrollarán capacitaciones dirigidas a la comunidad sobre el uso adecuado de los kits, su mantenimiento y medidas básicas de prevención, con el fin de fortalecer la organización comunitaria y la resiliencia local frente a emergencias.";;;"2026";"2028";"OPERACIONES Y GDR";"ECPLA - DIDECO - COMUNICACIONES";"JJVV, Organizaciones comunitarias, APRS, CONAF, Bomberos.";;;;"Desafíos clave incluyen limitaciones presupuestarias para adquirir y mantener los kits, y la dificultad de asegurar una participación comunitaria activa y sostenida en su implementación y capacitación.";"PÚBLICO - PRIVADO (Se necesitan alianzas Público- Privadas y postulación a fondos públicos según la magnitud de los proyectos)";;;"Número acumulado de familias capacitadas en el uso de kits de emergencia comunitaria.";;"Pendiente"
"226";"Maria Pinto";"1.2";;"Adaptación";"Gestión de Riesgo por Efectos del Cambio Climático";"Número acumulado de familias capacitadas en el uso de kits de emergencia comunitaria.";;"La medida contempla la actualización e integración del Plan Comunal para la Gestión del Riesgo de Desastres (GRD), incorporando los resultados del diagnóstico de vulnerabilidad y los impactos del cambio climático identificados en el Plan de Acción Comunal de Cambio Climático (PACCC). Su objetivo es fortalecer la planificación y gestión del riesgo a nivel local mediante el uso de información territorial actualizada, permitiendo priorizar acciones de prevención, mitigación y respuesta frente a amenazas climáticas tales como inundaciones, incendios forestales y olas de calor. La iniciativa busca mejorar la articulación entre los instrumentos de planificación climática y la gestión del riesgo de desastres, promoviendo una coordinación efectiva entre las distintas unidades municipales, servicios públicos y actores locales. Asimismo, considera el fortalecimiento de capacidades técnicas e institucionales para incorporar el enfoque de adaptación al cambio climático en la gestión comunal del riesgo, contribuyendo a una planificación más preventiva y resiliente frente a escenarios climáticos actuales y futuros.";;;"2025";"2026";"OPERACIONES Y GDR";"ECPLA - DIDECO - COMUNICACIONES";"CONAF y Bomberos JJVV, Organizaciones comunitarias, APRS";;;;"El principal desafío es la escasa capacidad técnica y financiera del municipio para actualizar planes de gestión del riesgo con enfoque climático, lo que dificulta su adecuación a escenarios de vulnerabilidad y cambio climático.";"Municipal";;;"Existencia de Plan Comunal de Gestión del Riesgo aprobado y alineado al Diagnóstico de Vulnerabilidad e Impactos del PACCC al año 2026.";;"Pendiente"
"227";"Maria Pinto";"1.3";;"Adaptación";"Gestión de Riesgo por Efectos del Cambio Climático";"Creación e instalación de una Brigada Comunitaria de Prevención de Incendios Forestales (CONAF)";;"La medida contempla la creación de una brigada comunitaria de prevención de incendios forestales en la comuna de María Pinto, en coordinación con la Corporación Nacional Forestal (CONAF). Esta brigada estará integrada por vecinos y vecinas del territorio previamente capacitados por CONAF, quienes desarrollarán labores de prevención, vigilancia y educación comunitaria orientadas a disminuir el riesgo de incendios forestales. Entre sus funciones se consideran actividades de patrullaje preventivo en periodos de mayor riesgo, apoyo en la mantención de cortafuegos, difusión de buenas prácticas de prevención y colaboración en acciones de respuesta inicial ante eventuales emergencias, siempre en coordinación con los organismos competentes. Adicionalmente, se gestionará la habilitación de un espacio físico destinado como base operativa para la brigada, que permita el resguardo de equipamiento, herramientas y la coordinación de sus actividades. Esta iniciativa busca fortalecer la prevención local de incendios forestales, promoviendo la participación comunitaria y la articulación entre la comunidad, el municipio y las instituciones responsables de la gestión del riesgo.";;;"2025";"2035";"OPERACIONES Y GDR";"DOM - DJ (OF AGRÍCOLA)";"CONAF y Bomberos JJVV, Organizaciones comunitarias, APRS";;;;"Limitada articulación entre direcciones municipales y demoras administrativas por parte de organismos externos pueden retrasar convenios y procesos de formalización necesarios para implementar la brigada.";"PÚBLICO - PRIVADO (Se necesitan alianzas Público- Privadas y postulación a fondos públicos según la magnitud de los proyectos)";;;"Realizar acciones orientadas a facilitar la creación y coordinación operativa de una Brigada Comunitaria de Prevención de Incendios Forestales en coordinación con CONAF.";;"Pendiente"
"228";"Maria Pinto";"1.4";;"Adaptación";"Gestión de Riesgo por Efectos del Cambio Climático";"Programa Comunitario de Agricultura Resiliente y Salud ante Olas de Calor";;"La medida tiene por objetivo fortalecer la capacidad de adaptación de la comunidad agrícola de María Pinto frente al aumento en la frecuencia e intensidad de olas de calor, mediante la promoción de prácticas productivas resilientes y medidas de protección de la salud en zonas rurales. Para ello, se desarrollarán talleres y asesorías técnicas orientadas a la implementación de prácticas agroecológicas y de manejo sostenible del suelo y del agua, tales como cobertura vegetal, sistemas de cultivo bajo sombra, riego eficiente y selección de especies o variedades más tolerantes a altas temperaturas. Asimismo, se promoverá la incorporación de tecnologías de apoyo a la gestión agrícola, como sensores de humedad del suelo y estaciones meteorológicas locales, que permitan mejorar la toma de decisiones frente a condiciones climáticas adversas. De forma complementaria, se implementarán campañas de prevención dirigidas a trabajadores y trabajadoras del sector rural, orientadas a promover medidas de autocuidado frente a olas de calor, tales como hidratación adecuada, pausas de descanso y horarios de trabajo adaptados a condiciones climáticas extremas. Estas acciones buscan fortalecer una agricultura local más resiliente, sostenible y preparada frente a los impactos del cambio climático.";;;"2025";"sin año de término*";"DJ (OFICINA AGRÍCOLA)";"DIMAO - COMUNICACIONES";"Agricultores JJVV, Organizaciones comunitarias,";;;;"Los principales obstáculos de esta medida incluyen la falta de fiscalización en normativas laborales y la baja conciencia sobre derechos y autocuidado. El desafío clave es sensibilizar a la comunidad agrícola sobre la importancia de aplicar prácticas adaptativas ante olas de calor.";"PÚBLICO - PRIVADO (Se necesitan alianzas Público- Privadas y postulación a fondos públicos según la magnitud de los proyectos)";;;"Número de agricultores(as) y trabajadores rurales capacitados en técnicas resilientes y prevención de riesgos ante olas de calor.";;"Pendiente"
"229";"Maria Pinto";"1.5";;"Adaptación";"Gestión de Riesgo por Efectos del Cambio Climático";"Fomento del el pastoreo controlado en cerros como estrategia de prevención de incendios";;"La medida busca promover el pastoreo controlado como una herramienta de manejo territorial orientada a la reducción de carga combustible vegetal y la prevención de incendios forestales en sectores de cerros de la comuna de María Pinto. La iniciativa será liderada por la Dirección Jurídica (Oficina Agrícola), en coordinación con la Dirección de Medio Ambiente, Aseo y Ornato (DIMAO), la Dirección de Operaciones y el equipo de Gestión del Riesgo de Desastres (GRD). La estrategia considera fomentar acuerdos de colaboración entre propietarios de predios con acumulación de pastizales secos o materia orgánica y ganaderos locales, promoviendo sistemas de pastoreo rotativo que permitan disminuir la biomasa combustible y mejorar el manejo del territorio. Asimismo, se impulsará la articulación con instituciones públicas, especialmente con el equipo de Gestión de Riesgo de Desastres de INDAP, con el objetivo de fortalecer capacidades técnicas municipales y promover el intercambio de conocimientos en manejo preventivo de vegetación. Esta medida busca incorporar el pastoreo controlado como una práctica complementaria dentro de las acciones comunales de prevención de incendios forestales, contribuyendo a una gestión territorial más sostenible y resiliente frente al riesgo climático.";;;"2025";"sin año de término*";"DJ (OFICINA AGRÍCOLA)";"DIMAO, OPERACIONES Y GDR";"CONAF - Ganaderos - Dueños de cerros.";;;;"Las principales barreras para implementar esta medida incluyen la falta de coordinación entre actores clave y posibles resistencias de propietarios de terrenos. El desafío radica en consolidar alianzas estratégicas y garantizar la capacitación técnica para su aplicación efectiva.";"PÚBLICO - PRIVADO (Se necesitan alianzas Público- Privadas y postulación a fondos públicos según la magnitud de los proyectos)";;;"Realización de acciones piloto o de difusión sobre pastoreo controlado como medida preventiva de incendios";;"Pendiente"
"230";"Maria Pinto";"1.6";;"Adaptación";"Gestión de Riesgo por Efectos del Cambio Climático";"Plan Local de Prevención y Coordinación ante Inundaciones y Lluvias Intensas";;"La medida tiene como objetivo reducir la vulnerabilidad de la comuna frente a inundaciones y anegamientos asociados a eventos de lluvias intensas, mediante el fortalecimiento de acciones preventivas y mecanismos de respuesta coordinada. Para ello, se contempla la identificación y gestión de puntos críticos de riesgo, la realización de campañas periódicas de limpieza y despeje de cauces, acequias y sistemas de drenaje, así como la actualización de información territorial vinculada a zonas susceptibles de inundación. Asimismo, se promoverá la planificación territorial preventiva, orientada a evitar la localización de asentamientos o infraestructura en áreas expuestas a riesgo hídrico. La medida también considera el desarrollo y fortalecimiento de protocolos de emergencia, junto con instancias de capacitación dirigidas a equipos municipales y a la comunidad, con el fin de mejorar la preparación y respuesta frente a eventos climáticos extremos. Como parte de la estrategia de adaptación, estas acciones serán incorporadas y articuladas con el Plan Comunal para la Reducción del Riesgo de Desastres, asegurando su implementación y seguimiento en el tiempo. De este modo, se busca fortalecer la resiliencia del territorio mediante una gestión integrada del riesgo que articule a las instituciones públicas, el municipio y la comunidad local.";;;"2025";"2026";"OPERACIONES Y GDR";"DIDECO, DIMAO, DJ (OFICINA AGRÍCOLA)";"CONAF, Bomberos Y Agricultores y Canalistas.";;;;"El municipio podría enfrentar desafíos como la coordinación efectiva entre actores locales y la asignación de recursos suficientes para la implementación sostenida de las acciones. Además, es clave fortalecer la participación comunitaria y la concientización para asegurar la aplicación adecuada de las estrategias preventivas.";"Municipal";;;"Incorporación del Plan en el Plan Comunal RRD";;"Pendiente"
"231";"Maria Pinto";"1.7";;"Adaptación";"Gestión de Riesgo por Efectos del Cambio Climático";"Fortalecimiento de campañas de comunicación preventiva frente a emergencias climáticas";;"La medida busca fortalecer los mecanismos de comunicación municipal orientados a informar y sensibilizar a la comunidad respecto de los riesgos asociados a eventos climáticos extremos, tales como inundaciones, incendios forestales y olas de calor. Para ello, se desarrollarán campañas de prevención temprana que difundan recomendaciones, medidas de autocuidado y protocolos de actuación ante emergencias, utilizando diversos canales de comunicación institucional, tales como radios locales, redes sociales, plataformas digitales y material informativo en terreno. Las campañas estarán orientadas a distintos grupos de la población, considerando criterios de accesibilidad y pertinencia territorial, con el fin de mejorar el alcance y efectividad de los mensajes preventivos. Asimismo, se promoverá la coordinación con organizaciones comunitarias, establecimientos educacionales y otros actores locales para ampliar la difusión de la información y fortalecer la cultura de prevención. Complementariamente, se contempla la articulación de estas acciones con los sistemas de alerta temprana y con los instrumentos comunales de gestión del riesgo de desastres. La efectividad de las campañas será evaluada periódicamente, permitiendo ajustar estrategias de comunicación de acuerdo con las necesidades y aprendizajes del territorio, contribuyendo así a fortalecer la resiliencia comunitaria frente a los impactos del cambio climático.";;;"2025";"sin año de término*";"COMUNICACIONES";"DIMAO - DJ (OFICINA AGRÍCOLA)- OPERACIONES Y GDR";"Agricultores JJVV,Organizaciones comunitarias,";;;;"El principal desafío del municipio será asegurar la continuidad y efectividad de la comunicación, enfrentando dificultades como la coordinación entre actores, la accesibilidad de la información y el compromiso de la comunidad en la aplicación de medidas preventivas.";"Municipal";;;"Porcentaje de sectores críticos que reciben información en campañas de prevención.";;"Pendiente"
"232";"Maria Pinto";"1.8";;"Adaptación";"Gestión resiliente del recurso hídrico";"Programa de fomento de reutilización de aguas grises para riego de áreas verdes.";;"La medida busca promover la reutilización de aguas grises tratadas para el riego de áreas verdes en la comuna de María Pinto, con el fin de mejorar la eficiencia en el uso del recurso hídrico y reducir la demanda de agua potable en un contexto de creciente escasez. Para ello, se contempla la implementación de sistemas de reciclaje de aguas grises en edificaciones públicas existentes y futuras, tales como establecimientos educacionales, centros comunitarios, recintos deportivos y otras dependencias municipales. Los sistemas considerarán tecnologías de tratamiento natural de bajo costo y fácil mantención, como humedales artificiales y biofiltros, que permitan el tratamiento adecuado del agua para su reutilización segura en el riego de parques, plazas y jardines. El programa incorporará además un componente de educación y participación comunitaria, orientado a capacitar a vecinos y vecinas en la instalación, uso y mantención de estos sistemas, fomentando su replicabilidad a nivel domiciliario. De esta manera, la iniciativa contribuye a fortalecer una gestión hídrica más sostenible y resiliente frente a los efectos del cambio climático.";;;"2025";"2030";"DIMAO";"DJ (Of Agrícola) - DOM - Corporación de educación- SECPLA.";"JJVV, Organizaciones comunitarias, Establecimientos Educacionales y Servicios de salud.";;;;"Desconocimiento de la comunidad sobre la normativa que permite la reutilización de aguas grises mediante el tratamiento del agua por medio de biofiltros.";"PÚBLICO - PRIVADO (Se necesitan alianzas Público- Privadas y postulación a fondos públicos según la magnitud de los proyectos)";;;"Número de instalaciones de sistemas de reciclaje de aguas grises por año.";;"Pendiente"
"233";"Maria Pinto";"1.9";;"Adaptación";"Gestión resiliente del recurso hídrico";"Fomentar e implementar Soluciones Basadas en La Naturaleza (SBn) para la retención e infiltración de agua y suelo en espacios naturales públicos.";;"La medida busca promover e implementar Soluciones Basadas en la Naturaleza (SbN) orientadas a mejorar la retención e infiltración de agua en el territorio, contribuyendo a la recarga de acuíferos y a la gestión sostenible del recurso hídrico. Estas soluciones consideran la captación y aprovechamiento de aguas lluvias, niebla y otras fuentes naturales mediante la aplicación de técnicas de manejo de paisaje y conservación de suelos. Entre las acciones a desarrollar se contempla la implementación de paisajes de retención de agua y suelo, mediante obras de conservación tales como zanjas de infiltración, sistemas atrapanieblas, uso de geotextiles y otras soluciones aplicadas tanto en espacios naturales como en infraestructura pública. Estas intervenciones buscan mejorar la infiltración, reducir la escorrentía superficial y aumentar la humedad del suelo. Asimismo, estas soluciones contribuyen a disminuir el riesgo de inundaciones, mejorar la disponibilidad hídrica del suelo y reducir la vulnerabilidad del territorio frente a incendios forestales. Su implementación considerará un enfoque participativo, incorporando instancias de capacitación dirigidas a la comunidad para fortalecer capacidades en el diseño, instalación y monitoreo de estas tecnologías, promoviendo su replicabilidad en predios y espacios comunitarios y fomentando la corresponsabilidad en la gestión hídrica sustentable.";;;"2025";;"DIMAO";"DJ (OfIcina Agrícola) y Comunicaciones";"JJVV, Organizaciones comunitarias, APRs.";;;;"Una posible barrera es la dificultad de asegurar el cuidado y mantención comunitaria de las soluciones instaladas, debido al riesgo de vandalismo o uso indebido en zonas naturales de libre acceso.";"PÚBLICO - PRIVADO (Se necesitan alianzas Público- Privadas y postulación a fondos públicos según la magnitud de los proyectos)";;;"Número de iniciativas o proyectos que impliquen o promuevan técnicas de retención de agua por año.";;"Pendiente"
"234";"Maria Pinto";"1.10";;"Adaptación";"Gestión resiliente del recurso hídrico";"Diseño e implementación de sistemas de reutilización y depuración de aguas servidas para el riego.";;"La medida busca la instalación de plantas de tratamiento para reutilización de aguas servidas para el riego, mediante plantas individuales para casas sin acceso a alcantarillado y humedales depuradores que conectan plantas de aguas servidas con cuerpos de agua. De este modo se optimiza el uso del recurso hídrico.";;;"2025";"2027";"SECPLA";"DIDECO DIMAO";"JJVV, Organizaciones comunitarias, APRS";;;;"Existen 2 desafíos importantes, uno del punto de vista de educación de la comunidad, ya que el objetivo es que casas particulares adquieran una Planta de tratamiento particular (SBR), si bien es un sistema compacto, eficiente, de bajo costo operacional y de mantención, igual implica un cambio en la rutina de los propietarios por lo cual es el dueño de casa el encargado de esa mantención. El segundo desafío es de carácter normativo ya que en el momento de la implementación, el sistema deberá ser aprobado por SEREMI (al igual que una fosa séptica) y para ello será necesario tener los papeles de regularización al día, es decir, tener en orden títulos de dominio y permisos de edificación.";"PÚBLICO - PRIVADO (Se necesitan alianzas Público- Privadas y postulación a fondos públicos según la magnitud de los proyectos)";;;"Número de sistemas de tratamiento de aguas servidas instalados y operativos para reutilización en riego";;"Pendiente"
"235";"Maria Pinto";"1.11";;"Adaptación";"Gestión resiliente del recurso hídrico";"Programa de eficiencia hídrica en plazas, veredas y bandejones";;"La medida busca mejorar la eficiencia en el uso del recurso hídrico en plazas, veredas y bandejones de la comuna, mediante la implementación de estrategias de manejo sostenible de áreas verdes. El programa contempla la transformación progresiva de estos espacios incorporando criterios de eficiencia hídrica, tales como la utilización de especies vegetales de bajo requerimiento hídrico, preferentemente nativas o adaptadas a las condiciones climáticas de María Pinto. Asimismo, se promoverá la optimización de los sistemas de riego, la mejora de las condiciones del suelo para favorecer la infiltración y retención de humedad, y el rediseño de áreas verdes con criterios de paisajismo sustentable. Estas acciones permitirán reducir el consumo de agua potable destinado al riego, mejorar la resiliencia de los espacios públicos frente a periodos de sequía y contribuir a una gestión más sostenible del paisaje urbano en el contexto del cambio climático";;;"2025";;"DIMAO";"DOM, SECPLA";"Vecinos/as, JJVV y organizaciones comunitarias.";;;;"El principal desafío es la limitada disponibilidad de recursos económicos y personal municipal para el mantenimiento de áreas verdes, sumado a la necesidad de mayor compromiso ciudadano frente al cuidado y posible vandalización de estos espacios.";"MUNICIPAL";;;"Tasa de sectores (plazas, veredas o bandejones) con sistemas de riego eficiente instalados; Mantenciones anuales a los sistemas de riego tecnificado actuales";;"Pendiente"
"236";"Maria Pinto";"1.12";;"Adaptación";"Gestión resiliente del recurso hídrico";"Ordenanza Municipal para la Gestión Sostenible del Agua y Fomento del Uso Responsable del recurso.";;"La medida contempla la elaboración e implementación de una ordenanza municipal orientada a regular y promover el uso eficiente y sostenible del recurso hídrico en la comuna. Este instrumento normativo establecerá lineamientos y criterios técnicos para fomentar prácticas de consumo responsable, conservación y gestión adecuada del agua en espacios públicos, actividades productivas y usos domiciliarios. La ordenanza incorporará disposiciones relacionadas con la eficiencia hídrica, el manejo adecuado de áreas verdes, la reutilización de aguas tratadas y la protección de fuentes de agua superficiales y subterráneas. Asimismo, promoverá buenas prácticas en el uso del recurso, considerando las condiciones de escasez hídrica y los desafíos asociados al cambio climático. En concordancia con el Código de Aguas vigente, la normativa también abordará aspectos vinculados a la mantención y conservación de cauces naturales y artificiales, cuerpos de agua y sistemas de drenaje, con el fin de prevenir su deterioro y resguardar su función ambiental. De esta manera, la medida busca fortalecer la gobernanza local del agua y avanzar hacia una gestión hídrica más eficiente, resiliente y sostenible a nivel comunal.";;;"2025";"2025";"OF AGRÍCOLA";"DIMAO - COMUNICACIONES";"SEGURIDAD PÚBLICA - GRD COMUNIDADES DE AGUA APR- AGRICULTORES";;;;"Obstáculos y barreras: - Los desafíos son concientizar a la comunidad respecto a sus deberes. - Recurso Humano suficiente para fiscalizar. - Falta de regularización de predios y derechos de agua. - Agricultores regantes que no realizan limpiezas adecuadas. - Escasa fiscalización de parte de los órganos del estado competentes tales como, DGA, DOH. ante situaciones irregulares como borrado de acequias y cambio de cursos de agua. Desafíos: - Concientizar a la comunidad del cuidado y corresponsabilidad del recurso hídrico.";"MUNICIPAL";;;"Existencia y difusión inicial de la Ordenanza Municipal de Gestión Sostenible del Agua";;"Pendiente"
"237";"Maria Pinto";"1.13";;"Adaptación";"Gobernanza y Fortalecimiento Institucional Ambiental";"Fortalecimiento Institucional Municipal para la Acción Climática";;"La medida tiene como objetivo fortalecer las capacidades técnicas y operativas del personal municipal para integrar el cambio climático en la planificación, diseño e implementación de proyectos y políticas públicas a nivel local. Para ello, se promoverán instancias de formación, capacitación y sensibilización dirigidas a funcionarios y funcionarias municipales, orientadas a incorporar criterios de mitigación y adaptación en la gestión comunal. Asimismo, se fomentará la coordinación y el trabajo colaborativo entre las distintas direcciones y programas municipales, con el propósito de generar sinergias institucionales que permitan abordar los desafíos climáticos de manera integral y transversal. Estas acciones se desarrollarán en coherencia con los lineamientos del Plan de Acción Climática Comunal (PACCC), contribuyendo a fortalecer la gobernanza climática local y a orientar la toma de decisiones municipales hacia un desarrollo resiliente y sostenible a largo plazo.";;;"2025";;"DIMAO";"DOM, DIDECO , SECPLA, OPERACIONES Y GRD, DJ (OF AGRICOLA)";"subdere";;;;"Entre los principales desafíos se encuentra la disponibilidad limitada de tiempo del personal municipal para participar en instancias formativas debido a la carga laboral habitual. Además, la coordinación interdepartamental puede verse afectada por diferencias de prioridades entre direcciones. También puede haber dificultad en mantener continuidad en los procesos de capacitación frente a cambios de equipos o rotación de funcionarios.";"MUNICIPAL, Capacitaciones SUBDERE y/o similar.";;;"Número de funcionarios/as municipales capacitados en cambio climático y sostenibilidad; Número de direcciones municipales que integran criterios climáticos en sus proyectos o planes";;"Pendiente"
"238";"Maria Pinto";"1.14";;"Adaptación";"Gobernanza y Fortalecimiento Institucional Ambiental";"Sostener espacios de cooperación con actores públicos, privados y sociedad civil para generar y articular acuerdos y proyectos orientados a hacer frente al cambio climático";;"El propósito de estos espacios es fomentar la colaboración y la coordinación entre estos diversos actores para generar acuerdos públicos- privados y articular proyectos específicos orientados a hacer frente al cambio climático, fomentar la agricultura y asegurar su continuidad. Los espacios de colaboración y alianzas de trabajo. Por ejemplo, Acuerdos de Producción Limpia Hídrica, Mesas por la agricultura y el agua de María Pinto";;;"2025";;"DIMAO";"SECPLA, DIDECO , DJ (OF AGRICOLA)";"Agricultores y Universidades.";;;;"Desafío de lograr la participación activa del sector privado, especialmente de los grandes fundos, que esta se traduzca en acuerdos públicos privados y colaboraciones estables en el tiempo.";"PÚBLICO - PRIVADO (Se necesitan alianzas Público- Privadas y postulación a fondos públicos según la magnitud de los proyectos)";;;"Número de espacios activos de cooperación climática y agrícola; Número de acuerdos o proyectos colaborativos generados en el marco de los espacios de cooperación.";;"Pendiente"
"239";"Maria Pinto";"1.15";;"Adaptación";"Gobernanza y Fortalecimiento Institucional Ambiental";"Crear y mantener convenios activos de colaboración con Universidades, ONG y organizaciones ambientales para impulsar proyectos y/o estudios en torno al cambio climático.";;"La medida busca fortalecer la colaboración entre el municipio y universidades y organizaciones no gubernamentales (ONG) para impulsar proyectos y estudios relacionados con el cambio climático en Chile. aprovechando de esta manera la experiencia y recursos de estas entidades para abordar de manera conjunta los desafíos ambientales y promover la sostenibilidad.";;;"2025";;"DIMAO";"SECPLA, DIDECO , DJ (OF AGRICOLA)";"Universidades, ONGs.";;;;"Un desafío clave es la limitada capacidad del municipio para sostener vínculos permanentes con universidades y ONG debido a la falta de personal dedicado. Además, pueden surgir dificultades administrativas o de tiempos que retrasen la formalización de convenios y la ejecución de proyectos conjuntos.";"MUNICIPAL";;;"Cantidad de proyectos e iniciativas en torno al cambio climático, realizados gracias a los convenios colaborativos con instituciones universitarias, ONG y otras";;"Pendiente"
"240";"Maria Pinto";"1.16";;"Adaptación";"Gobernanza y Fortalecimiento Institucional Ambiental";"Fortalecimiento de un Programa Municipal de Educación Socioambiental para la Acción Climática";;"Esta medida busca fortalecer la capacidad del municipio para desarrollar un Programa Municipal de Educación Socioambiental que promueva la participación activa de la comunidad en acciones frente al cambio climático. Liderado por la DIMAO y en coordinación con DIDECO y otras unidades, el programa impulsará actividades de sensibilización y formación dirigidas a diversos grupos comunitarios y educativos, fomentando el conocimiento y el compromiso ciudadano con la sostenibilidad local. A mediano plazo, se proyecta consolidar una unidad técnica especializada en educación ambiental, junto con la creación de una red de monitores socioambientales comunitarios que fortalezcan la acción climática en los distintos territorios de la comuna.";;;"2025";"sin año de término*";"DIMAO";"DIDECO - DJ (Oficina Agrícola) - OPERACIONES Y GDR";"Organizaciones territoriales y funcionales de establecimiento de salud y educación.";;;;"Los principales desafíos de esta medida son consolidar capacidades técnicas y recursos municipales sostenidos para su implementación, y lograr una participación activa y continua de la comunidad en los procesos educativos y de acción climática.";"MUNICIPAL";;;"Creación y ejecución anual del Programa Municipal de Educación Socioambiental.";;"Pendiente"
"241";"Maria Pinto";"1.17";;"Adaptación";"Gobernanza y Fortalecimiento Institucional Ambiental";"Creación de una Línea de Financiamiento para la Adaptación Climática y Sostenibilidad dentro del FONDEVE";;"Para fortalecer la resiliencia territorial y promover acciones concretas frente al cambio climático, se implementará una línea de financiamiento dentro del Fondo de Desarrollo Vecinal destinada a iniciativas de adaptación y mitigación del cambio climático. Esta medida permitirá apoyar proyectos enfocados en gestión de riesgos climáticos, conservación de la biodiversidad, manejo eficiente del agua y residuos, economía circular, y energías sostenibles, asegurando un desarrollo ambientalmente responsable en la comuna de María Pinto. Las bases de la línea de financiamiento de acción climática y su difusión, serán realizadas con el trabajo intersectorial de DIMAO y DIDECO.";;;"2026";;"DIDECO";"DIMAO";"Organizaciones funcionales y territoriales de María Pinto";;;;"El municipio podría enfrentar desafíos en la asignación de recursos y en la articulación con actores locales para garantizar una implementación efectiva. Además, será clave fomentar la participación comunitaria y la accesibilidad a los fondos para lograr un impacto real y sostenible.";"MUNICIPAL";;;"Incorporación de línea de financiamiento climática en bases de FONDEVE 2026; Número de FONDEVE asignados a la línea de acción climática rendidos anualmente";;"Pendiente"
"242";"Maria Pinto";"1.18";;"Adaptación";"Gobernanza y Fortalecimiento Institucional Ambiental";"Integración progresiva de criterios climáticos en la evaluación de permisos de edificación";;"Esta medida busca incorporar criterios de adaptación al cambio climático en el proceso de revisión de permisos de construcción por parte de la Dirección de Obras Municipales (DOM), a través de recomendaciones técnicas no vinculantes elaboradas en conjunto con la unidad de medio ambiente y otras áreas pertinentes del municipio. Las sugerencias estarán dirigidas a proyectos habitacionales, condominios y equipamiento público, e incluirán aspectos como el uso preferente de arbolado nativo en áreas comunes, la incorporación de infraestructura verde (jardines de lluvia, zanjas de infiltración, pavimentos permeables), y soluciones pasivas de drenaje para zonas con riesgo de anegamiento, según el diagnóstico del PACCC. Estas recomendaciones se comunicarán durante las etapas de revisión o consulta mediante informes técnicos y material informativo, sin constituir requisitos para la aprobación de los proyectos, resguardando el marco normativo de la LGUC y OGUC. A futuro, se evaluará la creación o actualización de una ordenanza municipal que formalice estos criterios como exigencias normativas, en la medida que exista capacidad técnica y respaldo jurídico para su implementación.";;;"2025";"sin año de término*";"DOM";"SECPLA; DIMAO; DIDECO";"Comunidad de Maria Pinto";;;;"Un desafío será fortalecer gradualmente las capacidades internas y la coordinación entre unidades municipales para integrar recomendaciones climáticas en la evaluación de proyectos, sin alterar los tiempos ni procesos establecidos por la DOM.";"MUNICIPAL";;;"Implementación de recomendaciones climáticas en la revisión de proyectos por parte de la DOM";;"Pendiente"
"243";"Maria Pinto";"2.1";;"Mitigación";"Conservación de los Ecosistemas y la Biodiversidad";"Actualizar el plan de manejo de áreas verdes con el fin de garantizar su mantenimiento y funcionalidad";;"La medida contempla la actualización del plan de manejo de áreas verdes de la comuna, con el objetivo de asegurar su mantenimiento, funcionalidad y aporte ambiental en el largo plazo. Este instrumento orientará la gestión municipal hacia un manejo más eficiente y sostenible de plazas, parques y otros espacios vegetados, incorporando criterios de eficiencia hídrica, mejora de suelos, selección de especies adecuadas y mantenimiento planificado de la vegetación urbana. El plan promoverá la incorporación y conservación de cobertura vegetal que contribuya a la captura de carbono, la regulación microclimática y la mejora de la calidad ambiental del entorno urbano. Asimismo, se buscará fortalecer la biodiversidad local mediante el uso de especies nativas o adaptadas a las condiciones climáticas del territorio. Adicionalmente, la medida incorporará estrategias de educación y corresponsabilidad ciudadana para fomentar el cuidado y uso responsable de los espacios públicos, promoviendo la participación de la comunidad en actividades de mantención y valorización de las áreas verdes. De esta manera, se espera fortalecer la gestión ambiental comunal y potenciar el rol de las áreas verdes como infraestructura natural que contribuye a la mitigación del cambio climático y al bienestar de la población.";;;"2025";;"DIMAO";"SEPLA; DIDECO";"Organizaciones territoriales (JJVV) y organizaciones funcionales.";;;;"Escasez personal municipal para labores de mantención, uso problemático de perros y problema de tenencia responsable y el desafío de fomentar la corresponsabilidad vecinal en el cuidado de estos espacios.";"MUNICIPAL";;;"Actualizar el Plan de manejo de áreas verdes; Tasa de recambio anual del arbolado urbano";;"Pendiente"
"244";"Maria Pinto";"2.2";;"Mitigación";"Conservación de los Ecosistemas y la Biodiversidad";"Restauración y fortalecimiento del bosque esclerófilo y desarrollo de bosques comestibles resilientes";;"La medida busca conservar y fortalecer el bosque esclerófilo presente en la comuna mediante la restauración ecológica y la creación de corredores y núcleos biológicos en áreas urbanas, rurales y periurbanas. Estas acciones permitirán aumentar la cobertura vegetal, mejorar la conectividad ecológica y potenciar la captura de carbono, contribuyendo a la mitigación del cambio climático y a la conservación de la biodiversidad local. El Bosque Urbano de María Pinto, desarrollado bajo el método Miyawaki, se consolidará como un espacio de referencia para la restauración ecológica y la educación ambiental, actuando como infraestructura verde que contribuye a la regulación climática y al mejoramiento de las condiciones ambientales del entorno urbano. Su mantención y expansión se apoyará en viveros locales y en la implementación de Obras de Conservación de Agua y Suelo (OCAS), orientadas a mejorar la infiltración y retención hídrica. Como complemento, se impulsarán experiencias piloto de bosques comestibles resilientes que integren especies nativas y adaptadas al territorio, capaces de aportar servicios ecosistémicos y recursos alimentarios. Estos espacios funcionarán como iniciativas demostrativas que integren restauración ecológica, educación ambiental y gestión sostenible del territorio. Asimismo, la medida permitirá incorporar nuevas iniciativas o proyectos piloto que contribuyan a fortalecer los objetivos de restauración y mitigación climática a nivel comunal.";;;"2025";;"DIMAO";"SECPLA; DJ (Oficina Agricola)";"Organizaciones comunitarias de la comuna, establecimientos de educación y salud y agricultores.";;;;"Los principales desafíos incluyen asegurar recursos para el mantenimiento de los núcleos urbanos y sensibilizar a la comunidad para fomentar su cuidado y participación activa";"MUNICIPAL";;;"1. N° de personas capacitadas en restauración ecológica realizadas en torno al bosque esclerófilo; 2. N° de especies nativas reforestadas";;"Pendiente"
"245";"Maria Pinto";"2.3";;"Mitigación";"Conservación de los Ecosistemas y la Biodiversidad";"Plan de Limpieza y Restauración Ecológica en Zonas de Biodiversidad";;"La medida busca mejorar la gestión ambiental y la recuperación ecológica de zonas de alto valor para la biodiversidad, tales como humedales, quebradas y otros ecosistemas sensibles presentes en la comuna. Para ello, se implementará un plan progresivo que contemple la identificación y limpieza de microbasurales, junto con acciones de educación ambiental orientadas a prevenir la disposición ilegal de residuos y promover el cuidado de estos espacios. De manera complementaria, se desarrollarán intervenciones de restauración ecológica que incluyan la reforestación con especies nativas y otras acciones destinadas a recuperar la cobertura vegetal, mejorar las condiciones del suelo y fortalecer los servicios ecosistémicos del territorio. Estas acciones contribuirán a aumentar la captura de carbono, mejorar la calidad ambiental y reforzar la resiliencia de los ecosistemas locales frente al cambio climático. La implementación de la medida considerará la participación activa de juntas de vecinos, organizaciones comunitarias, voluntarios ambientales y el municipio, promoviendo el trabajo colaborativo en la protección del entorno natural. Asimismo, se fomentarán acuerdos de colaboración público-privada que permitan fortalecer las iniciativas de conservación y restauración ecológica a nivel local.";;;"2025";;"DIMAO";"DGR, CEDECO, DJA.";"Organizaciones comunitarias de la comuna y privados";;;;"El principal desafío identificado tiene relación con la disponibilidad de recursos financieros, humanos y técnicos que estén enfocados en el retiro y disposición de los distintos tipos de residuos y en la restauración de dichos espacios. Otro desafío importante es la participación ciudadana y el empoderamiento ciudadano de los espacios restaurados para evitar y prevenir la recidiva de los microbasurales.";"MUNICIPAL";;;"1) Número de microbasurales eliminados en zonas de biodiversidad.";;"Pendiente"
"246";"Maria Pinto";"2.4";;"Mitigación";"Conservación de los Ecosistemas y la Biodiversidad";"Plan de Restauración y Mantenimiento del Corredor Biológico Estero Puangue";;"La medida tiene como objetivo conservar y fortalecer el corredor biológico asociado al Estero Puangue, reconociendo su relevancia ecológica y su función como infraestructura natural clave para la regulación hídrica y el soporte de actividades agrícolas en la comuna. A través de acciones de restauración ecológica y mantenimiento periódico del entorno ribereño, se busca mejorar la conectividad entre ecosistemas, recuperar la cobertura vegetal nativa y aumentar la capacidad del paisaje para capturar carbono y regular procesos hidrológicos. El plan contempla intervenciones orientadas al manejo y limpieza de terrazas y zonas aledañas al estero, las cuales funcionan como áreas de amortiguación frente a procesos de erosión, inundaciones y acumulación de material combustible que podría favorecer incendios rurales. Asimismo, se promoverá la incorporación del corredor ecológico del estero en los instrumentos de planificación y gestión territorial, reconociendo su dinámica natural y su valor ecosistémico. De manera complementaria, la medida considera acciones de educación ambiental y sensibilización dirigidas a la comunidad local, destacando los servicios ecosistémicos que provee el estero. También se fomentará el desarrollo de iniciativas de turismo responsable, tales como senderos interpretativos y alianzas con emprendimientos locales, promoviendo la valorización y conservación del entorno natural como parte de una estrategia de desarrollo sostenible.";;;;;"DIMAO";"CEDECO, SECPLA, DJ (Of Agricola)";"Agricultores, junta de vigilancia,MOP y Vecinos en general.";;;;"Dado que es un estero que pasa por 4 comunas, se requieren acciones de gobernanza en su cuidado, con el fin de generar estrategias conjuntas, con la comuna de Curacavi, Melipilla y en el mediano largo plazo, Quilpué.";"PÚBLICO - PRIVADO (Se necesitan alianzas Público- Privadas y postulación a fondos públicos según la magnitud de los proyectos)";;;"Número de acciones de sensibilización realizadas en torno al corredor biológico del Estero Puangue.";;"Pendiente"
"247";"Maria Pinto";"2.5";;"Mitigación";"Conservación de los Ecosistemas y la Biodiversidad";"Número de acciones de sensibilización realizadas en torno al corredor biológico del Estero Puangue.";;"La medida contempla iniciar el proceso de creación de una Reserva Natural Municipal (RENAMU) a partir del predio donado por el Fundo Agro Alto, con el objetivo de avanzar en su reconocimiento y formalización como un área de conservación bajo administración municipal. Esta iniciativa busca proteger ecosistemas de alto valor ecológico, resguardar la biodiversidad local y fortalecer los servicios ecosistémicos asociados al territorio. En una primera etapa, se priorizará el reconocimiento jurídico y la delimitación del área, junto con la implementación de infraestructura básica de bajo impacto —como señalética, senderos y puntos de acceso controlado— que permita su protección, monitoreo y uso público regulado, sin afectar sus valores ambientales. La creación de esta reserva permitirá consolidar un espacio destinado a la conservación, restauración ecológica y educación ambiental, contribuyendo al fortalecimiento de la infraestructura natural de la comuna. Asimismo, posiciona al municipio como un actor activo en la gestión de áreas de conservación local, aportando a las estrategias comunales de mitigación y adaptación frente al cambio cli.";;;"2025";;"DOM";"CEDECO - DIMAO -GRD - DAJ";"AGRO ALTO";;;;" La figura legal formal para RENAMU es proceso lento y complejo de realizar  Falta de línea base ecológica y evaluación de impactos  Recursos limitados para implementación y sostenibilidad";"PÚBLICO - PRIVADA";;;"Avance en la formalización y habilitación inicial de la RENAMU del Fundo Agro Alto";;"Pendiente"
"248";"Maria Pinto";"2.6";;"Mitigación";"Eficiencia Energética";"Impulsar proyectos de paneles solares para la generación de energía a pequeña escala";;"La medida busca promover la adopción de sistemas de energía solar fotovoltaica a pequeña escala en viviendas, comunidades y organizaciones locales de la comuna de María Pinto. Para ello, se impulsarán acciones de difusión y apoyo en el acceso a instrumentos de financiamiento públicos y privados que faciliten la adquisición e instalación de paneles solares. La iniciativa pretende fomentar la generación distribuida de energía renovable, contribuyendo a reducir la dependencia de fuentes energéticas basadas en combustibles fósiles y disminuyendo las emisiones de gases de efecto invernadero a nivel local. Asimismo, el uso de energías limpias permite avanzar hacia una mayor eficiencia energética y autonomía energética del territorio, promoviendo un modelo de desarrollo más sostenible y resiliente frente a los desafíos del cambio climático.";;;"2025";;"DOM";"SECPLA; DIMAO";"SERVIU - MUNICIPALIDAD";;;;"Dificultades técnicas en viviendas con estructuras antiguas o sin regularización. Escasa información técnica de la población sobre el proceso de instalación. Coordinación con empresas eléctricas para conexión a red.";"PÚBLICO - PRIVADA";;;"Número de hogares o unidades beneficiadas por compras asociativas de paneles solares";;"Pendiente"
"249";"Maria Pinto";"2.7";;"Mitigación";"Eficiencia Energética";"Impulsar la creación de plantas solares comunitarias a pequeña escala";;"La medida busca promover el desarrollo e implementación de plantas solares fotovoltaicas comunitarias a pequeña escala, destinadas a generar energía renovable de forma compartida entre habitantes, organizaciones locales y equipamientos comunitarios de la comuna de María Pinto. Estas iniciativas permitirán avanzar en la generación distribuida de energía limpia, contribuyendo a la reducción de emisiones de gases de efecto invernadero y a la disminución de la dependencia de fuentes energéticas basadas en combustibles fósiles. Asimismo, fortalecerán la autonomía energética local, promoviendo un modelo energético más sostenible, participativo y resiliente frente a los desafíos del cambio climático..";;;"2025";;"DOM";"SECPLA;DIDECO";"MUNICIPALIDAD – SUBDERE - GORE";;;;"Falta de marco normativo y de instrumentos de planificación local que permitan su emplazamiento. Escasez de terrenos fiscales municipales habilitados para instalación. Inexistencia de proyectos para ejecución asociados a la materia. Desarrollo de un estudio acabado que demuestre la eficiencia y rentabilidad energética y presupuestaria.";"PÚBLICO - PRIVADA";;;"Número de gestiones realizadas para el desarrollo de plantas solares comunitarias";;"Pendiente"
"250";"Maria Pinto";"2.8";;"Mitigación";"Eficiencia Energética";"Movilidad Sostenible y Baja en Emisiones para María Pinto: Electromovilidad, Transporte Público y Vías Activas";;"La medida tiene como objetivo avanzar hacia un sistema de movilidad más eficiente, sostenible y con menores emisiones de gases de efecto invernadero, mediante la implementación de tres líneas de acción complementarias: 1. Modernización progresiva de la flota vehicular municipal y de la Corporación Municipal, incorporando gradualmente vehículos eléctricos (tales como camionetas, camiones, buses escolares y transporte comunitario) con el fin de reducir emisiones, mejorar la eficiencia energética y disminuir los costos operacionales asociados al uso de combustibles fósiles. 2. Fortalecimiento del transporte público municipal, mediante la mejora de la cobertura y calidad de los servicios existentes, junto con la renovación progresiva de la flota hacia tecnologías de electromovilidad, contribuyendo a reducir brechas de conectividad y a disminuir la huella de carbono del sistema de transporte comunal. 3. Desarrollo y mejoramiento de infraestructura para movilidad activa, priorizando la construcción, ampliación y mantención de ciclovías y sendas multiuso seguras, con el propósito de fomentar el uso de la bicicleta y el desplazamiento peatonal como alternativas de transporte limpio para la población urbana y rural. La implementación de esta medida considerará la articulación con instrumentos de financiamiento sectorial, tales como programas del Ministerio de Energía, Ministerio de Transportes, Gobierno Regional Metropolitano y SUBDERE, así como el desarrollo de proyectos integrales que aborden simultáneamente la renovación de flota y la infraestructura de movilidad sostenible en la comuna.";;;"2025";;"SECPLA";"DOM-Tránsito*- DIDECO-DIMAO";"SUBDERE,GORE, Vialidad PV.";;;;"Los principales desafíos de la medida incluyen los largos tiempos de postulación y adjudicación de fondos, la necesidad de capacitar al personal municipal en electromovilidad, la limitada infraestructura de carga disponible, y la compleja coordinación intersectorial requerida para implementar ciclovías y sendas multiuso.";"PÚBLICO ( postulación a fondos públicos)";;;"Número de vehículos eléctricos adjudicados o en operación dentro de la flota municipal y de la Corporación Municipal; Número total de proyectos de ciclovías o sendas multiuso que se encuentran activos en alguna de las siguientes etapas: diseño, postulación a financiamiento o ejecución.";;"Pendiente"
"251";"Maria Pinto";"2.9";;"Mitigación";"Gobernanza y Fortalecimiento Institucional Ambiental";"Programa de Educación y Fiscalización para el Cumplimiento de Ordenanzas Ambientales";;"Esta medida busca fortalecer la gobernanza local y la capacidad institucional para asegurar el cumplimiento efectivo de las ordenanzas ambientales vinculadas al cambio climático, mediante un enfoque integral que combine educación comunitaria, fiscalización activa y comunicación estratégica. Se contempla la implementación de campañas comunicacionales adaptadas a distintos grupos de la población, considerando sus contextos y necesidades, con el fin de generar conciencia sobre el cambio climático, promover el cumplimiento de normativas como la ordenanza de gestión de residuos, y fomentar cambios de comportamiento sostenibles. Asimismo, se realizarán capacitaciones a funcionarios municipales, se dotará de herramientas técnicas a los equipos territoriales y se promoverá la coordinación interinstitucional entre las distintas unidades municipales. Todo ello con el objetivo de impulsar una corresponsabilidad ciudadana en el manejo de residuos, la limpieza y mantenimiento de canaletas, y en general, en la aplicación de medidas de mitigación y adaptación al cambio climático a nivel comunal.";;;"2025";"sin año de término*";"Seguridad pública";"Comunicaciones, DIMAO";"Organizaciones comunitarias de la comuna";;;;"Los principales desafíos tienen relación con: Escasa capacidad de fiscalización ambiental, escasa formación especializada y materiales adaptados y presupuesto limitado para difusión, formación y equipamiento.";"municipal";;;"Número de personas capacitadas y sensibilizadas en temáticas ambientales y ordenanzas locales";;"Pendiente"
"252";"Maria Pinto";"2.10";;"Mitigación";"Gobernanza y Fortalecimiento Institucional Ambiental";"Medición huella de carbono institucional (municipal)";;"La medición de la huella de carbono municipal implica cuantificar las emisiones de gases de efecto invernadero (GEI) generadas por las actividades de un municipio, tanto directas como indirectas. Este proceso permite identificar las fuentes de emisión más importantes y diseñar estrategias de reducción para mitigar el impacto ambiental de la gestión municipal. Lo que implica mejorar y nutrir el monitoreo de los indicadores de las medidas del PACCC.";;;"2026";"sin año de término*";"DIMAO";"SECPLA";"Todas las Direcciones de la Municipalidad.";;;;"Escasa formación especializada y alta complejidad técnica de la medida";"Postulación a fondos públicos alianzas públicas - privada";;;"Realización de la medición huella de carbono institucional";;"Pendiente"
"253";"Maria Pinto";"2.11";;"Mitigación";"Gestión integral de residuos y economía circular";"Fortalecimiento de estrategia de residuos orgánicos";;"Esta medida busca reducir las emisiones de gases de efecto invernadero (GEI) asociadas al transporte y disposición final de residuos orgánicos, mediante el fortalecimiento integral de la estrategia de compostaje en la comuna de María Pinto. Contempla la formalización, mejora y monitoreo del programa de compostaje urbano, la optimización de la planta municipal de compostaje, y la reincorporación sistemática de podas municipales. De manera clave, se promueve la participación activa de la comunidad en el fomento del compostaje domiciliario y agrícola, especialmente en sectores rurales, posicionando a los vecinos como protagonistas del manejo sostenible de sus residuos. Además, se facilitará el aprendizaje y la adopción de tecnologías biotecnológicas, como la utilización de larvas de mosca soldado, a través de talleres y experiencias demostrativas, con el fin de que las prácticas puedan ser replicadas a nivel barrial y familiar. Esta corresponsabilidad fortalece una cultura ambiental local, mejora la gestión de residuos y contribuye directamente a la mitigación del cambio climático.";;;"2025";;"DIMAO";"SECPLA";"MMA; Comunidad en general";;;;"El principal desafío identificado es ampliar la participación ciudadana, fomentando el hábito de separar residuos orgánicos de los inorgánicos en los hogares";"Postulación recursos públicos";;;"1.Toneladas de residuos orgánicos compostados anualmente; 2.Reducción estimada de emisiones de GEI por compostaje de residuos orgánicos";;"Pendiente"
"254";"Maria Pinto";"2.12";;"Mitigación";"Gestión integral de residuos y economía circular";"Optimización de la gestión comunal de residuos inorgánicos para la reducción de GEI";;"La medida busca reducir las emisiones de gases de efecto invernadero (GEI) asociadas al manejo de residuos inorgánicos mediante el fortalecimiento de la gestión comunal de residuos. Para ello, se mejorará el sistema de recolección, valorización y disposición final, incorporando acciones como el monitoreo del servicio de recolección domiciliaria, campañas de recolección para residuos especiales y agroindustriales, y la fiscalización del cumplimiento de la ordenanza ambiental vigente. Asimismo, se promoverán convenios para la gestión de residuos especiales (como neumáticos fuera de uso, colchones y residuos electrónicos) junto con el fortalecimiento de programas de educación ambiental y reciclaje en sectores urbanos y rurales. La medida también contempla la articulación con actores públicos y privados para ampliar la cobertura del sistema comunal e incorporar nuevos flujos de residuos, promoviendo prácticas de economía circular y una mayor corresponsabilidad en la gestión sustentable de los residuos.";;;"2025";;"DIMAO";"SEGURIDAD PÚBLICA - DIDECO- DGR- CORPORACIÓN DE EDUCACIÓN";"MMA; Comunidad en general";;;;"El principal desafío identificado es ampliar la participación ciudadana, fomentando el hábito de separar residuos orgánicos de los inorgánicos en los hogares y disposición sustentable de residuos plásticos de la agricultura.";"Recursos propios. Alianzas público- privado";;;"1.Número de convenios activos con sistemas de gestión y recuperación de residuos inorgánicos especiales; Número de campañas anuales de educación, recolección y fiscalización vinculadas a residuos agroindustriales e inorgánicos";;"Pendiente"
"255";"Buin";"1";;"Adaptación";"Sector población y bienestar humano.";"Sistema de monitoreo climático comunal y generación de información local como apoyo al sistema de alerta temprana";"Mejorar la capacidad comunal de anticipación y respuesta frente a amenazas climáticas a través del fortalecimiento de sistemas locales de información y monitoreo en tiempo real.";"La medida consiste en la instalación y operación de un sistema de monitoreo climático comunal que incluya estaciones meteorológicas, sensores de temperatura y humedad, y plataformas digitales para la visualización y análisis de datos. Se integrará con el sistema regional de alerta temprana (ONEMI/SENAPRED) y permitirá generar reportes de condiciones ambientales locales. Incluirá capacitación a equipos municipales y difusión a la comunidad sobre interpretación de alertas y protocolos de actuación.";;"Comunal (con prioridad en sectores periurbanos y rurales con mayor exposición climática)";"2026";;;"Municipio de Buin (Unidad de Gestión de Riesgo y Emergencia, Secpla);";"SENAPRED Región MetropolitanaDirección Meteorológica de ChileComunidad local y juntas de vecinosCentros educacionales y redes de salud primaria";"Plan de Emergencia; Plan Comunal de Gestión Riesgo de Desastres (PCRRD); Plan Regulador Comunal (PRC); PLADECO; Estrategia Nacional de Cambio Climático y Recursos Vegetacionales; Sistema Nacional de Alerta Temprana de SENAPRED";;;"Barreras institucionales, financieras, técnicas y de capacidades, culturales y sociales, de coordinación, entre otras";"FNDR - SUBDERE (programas de resiliencia o emergencia) - Fondo de Protección Ambiental (FPA) - Convenios con universidades y centros de investigación - Financiamiento internacional (PNUD, GCF, AF)";;"Instalación de estaciones meteorológicas y sensores; Desarrollo de plataforma digital de monitoreo en línea; Capacitación a equipos municipales y comunitarios; Integración con el sistema de alerta temprana regional";"Porcentaje de cobertura comunal con monitoreo climático activo";"Instalar al menos 3 estaciones meteorológicas en puntos estratégicos comunales e integrar el sistema de monitoreo climático al sistema de alerta temprana regional en un plazo de 2 años.";"Pendiente"
"256";"Buin";"2";;"Adaptación";"Sector población y bienestar humano.";"Gestión de emergencias climáticas a nivel comunal";"Reforzar la capacidad de gestión local del riesgo frente a eventos climáticos extremos, articulando el PACCC con instrumentos ya existentes como el Plan de Emergencia Comunal (PEC) y el Plan Comunal de Gestión de Riesgo de Desastres (PCGRD) a través de acciones anticipatorias, de respuesta y recuperación con enfoque climático.";"Esta medida busca integrar el enfoque de cambio climático en la gestión de emergencias comunales ya institucionalizadas. No implica la creación de un nuevo plan, sino la incorporación de variables climáticas en los protocolos, capacidades y acciones del sistema local de protección civil, en coordinación con el COGRID, SENAPRED y actores comunitarios. Incluye capacitaciones sobre riesgos climáticos, actualización de mapas de amenazas, ejercicios de simulacro con foco en eventos climáticos, y desarrollo de procedimientos específicos para olas de calor, incendios forestales, inundaciones y heladas.";;"Comunal (con énfasis en sectores rurales, periurbanos y asentamientos expuestos a eventos extremos";"2026";;;"Municipalidad de Buin (Unidad de Gestión de Riesgos SECPLA, DIDECO)";"- SENAPRED - Bomberos, Carabineros, Salud primaria - Juntas de vecinos, comunidades escolares - Gobernación provincial y Delegación Presidencial";"Plan Comunal de Gestión de Riesgos de Desastres (PCGRD) - Plan Comunal de Emergencia - Sistema Nacional de Alerta Temprana - Estrategia Climática de Largo Plazo";;;"Limitada incorporación del cambio climático en la gestión de riesgos tradicional - Falta de recursos técnicos para interpretar escenarios climáticos - Limitaciones presupuestarias municipales - Participación desigual de comunidades rurales";"SUBDERE (programas de resiliencia y emergencia) - FNDR - SENAPRED (equipamiento y capacitación) - Cooperación internacional (PNUD, Adapt Fund) - Fondo de Protección Ambiental (FPA)";;"Inclusión del enfoque de cambio climático en el Plan Comunal de Emergencia y el PCGRD - Simulacros de emergencia climática multi-amenaza (incendios, olas de calor, inundaciones) - Capacitaciones a equipos municipales y juntas de vecinos en gestión de emergencias climáticas - Elaboración de protocolos de respuesta específicos para eventos climáticos extremos - Vinculación entre el sistema de monitoreo climático local y la activación de alertas operativas";"Porcentaje de cobertura territorial con protocolos de respuesta climática actualizados";"Tener actualizado e implementado un sistema de gestión de emergencias climáticas con protocolos operativos y equipamiento básico en al menos 80 % del territorio comunal prioritario al año 2028.";"Pendiente"
"257";"Buin";"3";;"Adaptación";"Ordenamiento territorial y gestión de riesgos";"Ordenamiento territorial para la reducción de riesgos climáticos";"Integrar criterios de adaptación al cambio climático y reducción de riesgo de desastres en los instrumentos de ordenamiento territorial en desarrollo o revisión, para fortalecer la resiliencia física, ambiental y social del territorio comunal de Buin.";"La medida promueve la integración transversal de criterios de adaptación al cambio climático en el sistema de planificación territorial comunal. Busca aportar insumos técnicos del PACCC (mapas de riesgo climático, criterios de localización segura, infraestructura verde, etc.) para orientar decisiones de zonificación, uso de suelo, inversión y regulación del crecimiento urbano y rural.";;"Comunal, con énfasis en zonas de expansión urbana, interfaz urbano-rural y sectores expuestos a amenazas climáticas";"2025";"2028";;"Municipalidad de Buin (SECPLA, Dirección de Obras, Dirección de Medio Ambiente, Aseo y Ornato)";"Gobierno Regional RM - Seremi Minvu, Seremi Medio Ambiente - Comunidad organizada (juntas de vecinos, comités rurales, sector agrícola";"Plan Regulador Comunal (PRC, en elaboración) - PLADECO - Plan Comunal de Gestión de Riesgos de Desastres (PCGRD) - Plan de Emergencia Comunal (PEC) - PROPIR, ARI y otras carteras de inversión - Estrategia Climática de Largo Plazo - Plan Regional de Cambio Climático (PRCC RM)";;;"Baja articulación entre instrumentos comunales y regionales - Dificultad de implementar restricciones en zonas urbanas ya consolidadas - Capacidades técnicas limitadas a nivel local";"FNDR (riesgo climático y planificación)- SUBDERE (resiliencia y fortalecimiento municipal)- Cooperación internacional (PNUD, AF)";;"Sistematización de información climática y amenazas territoriales - Generación de cartografía de riesgo climático comunal - Incorporación de criterios de adaptación en la formulación del PRC - Alineamiento del PACCC con el PLADECO y la inversión pública (PROPIR, ARI) - Formulación de propuestas de ordenanzas locales sobre riesgo climático y localización segura - Enlace entre instrumentos de planificación y el diagnóstico climático del PACCC";"Porcentaje de instrumentos de planificación comunal que incorporan criterios de adaptación al cambio climático";"Al año 2028, al menos 5 instrumentos comunales de planificación y gestión territorial deben haber incorporado criterios de adaptación y riesgo climático.";"Pendiente"
"258";"Buin";"4";;"Adaptación";"Sector económico productivo – Agricultura y uso del suelo";"Fomento de la agroecología y prácticas agrícolas regenerativas";"Promover la transición hacia sistemas agrícolas sostenibles y resilientes al cambio climático en la comuna de Buin, priorizando enfoques agroecológicos, el uso eficiente del agua y la protección del suelo agrícola ante amenazas como escasez hídrica, olas de calor.";"Esta medida busca fortalecer la resiliencia del sector agrícola de Buin ante los efectos del cambio climático, promoviendo prácticas productivas regenerativas, eficiencia hídrica y energética, diversificación de cultivos y manejo sustentable del suelo. A través de asistencia técnica, incentivos, formación de capacidades locales y articulación con instrumentos de planificación territorial, se impulsará la transición hacia modelos agroecológicos, especialmente en sectores rurales vulnerables. Además, se integrarán criterios de protección del suelo agrícola frente a la expansión urbana.";;"Comunal, con énfasis en sectores rurales y periurbanos agrícolas de Buin.";"2025";"2028";;"Municipalidad de Buin (Oficina Agrícola, Medio Ambiente, SECPLA)";"- INDAP, SAG, Seremi de Agricultura RM - Asociaciones campesinas y cooperativas agrícolas locales - Universidades y centros de investigación agroecológica";"Plan Regulador Comunal (PRC, en elaboración)- PLADECO- PACCC Buin- Política Nacional de Desarrollo Rural- Estrategia Nacional de Cambio Climático y Recursos Vegetacionales- Plan de Acción Regional de Cambio Climático (PRCC RM)- Plan Nacional de Adaptación al Cambio Climático en Agricultura";;;"Débil acceso a capacitación técnica en sectores rurales - Conflicto entre vocación productiva y expansión urbana - Ausencia de normativas de protección del suelo agrícola en ordenanzas actuales";"INDAP (programas de desarrollo rural)- FNDR (líneas agroambientales y de sustentabilidad)- SUBDERE (programas de inversión rural)- Programas de cooperación internacional (FAO, PNUD, AF)- Convenios con universidades y fundaciones de innovación agrícola";;"Capacitación en prácticas agroecológicas y agricultura regenerativa- Fomento de cultivos adaptados al clima local- Tecnificación del riego y uso eficiente del agua en predios agrícolas- Protección del suelo agrícola mediante criterios en el PRC y ordenanzas municipales- Promoción de compostaje y uso de insumos naturales- Asistencia técnica y transferencia de conocimiento local- Articulación con programas de INDAP, SAG y municipios rurales- Identificación de zonas agrícolas estratégicas para su resguardo en el ordenamiento territorial";"Superficie (Ha) de predios que implementan prácticas agroecológicas o de adaptación agrícola.";"Al menos 1.000 Ha de predios rurales con prácticas agroecológicas adaptativas implementadas al año 2028 en la comuna de Buin.";"Pendiente"
"259";"Buin";"5";;"Transversal (adaptación y mitigación)";"Sector económico productivo – Agricultura y uso del suelo";"Promoción del consumo local y circuitos cortos de comercialización";"Fomentar la resiliencia del sistema alimentario local mediante el fortalecimiento de los canales de comercialización directa entre productores rurales y consumidores locales, impulsando circuitos cortos que reduzcan la huella de carbono, fortalezcan la economía rural y garanticen el acceso a alimentos sanos, sustentables y producidos en armonía con el entorno climático.";"La medida busca incentivar el consumo local y el fortalecimiento de circuitos cortos de comercialización que vinculen directamente a los productores agrícolas de la comuna con consumidores, escuelas, centros comunitarios, ferias locales y mercados municipales. Esta estrategia aporta a la seguridad alimentaria, el desarrollo económico rural, contribuye a la sostenibilidad ambiental, al disminuir los requerimientos de transporte y refrigeración extensiva. Se busca, además, visibilizar y promover productos obtenidos con prácticas sustentables como la agroecología, y generar incentivos para el consumo consciente en el territorio.";;"Comunal, con énfasis en zonas rurales y urbanas con mercados, ferias, servicios públicos y centros educativos";"2025";"2028";;"Municipalidad de Buin (PRODESAL, DIDECO)";"- INDAP, Seremi de Agricultura, Seremi de Salud - Organizaciones campesinas, cooperativas, ferias libres - Establecimientos educacionales, CESFAM, jardines infantiles - Asociaciones de consumidores y comunidad local";"PLADECO - Estrategia Nacional de Cambio Climático y Recursos Vegetacionales - Plan Nacional de Soberanía y Seguridad Alimentaria - Política Nacional de Desarrollo Rural";;;"Bajo nivel de organización de la producción local - Dificultad para generar volumen constante y calidad homogénea - Escasa cultura de consumo local en parte de la población";"INDAP (programas de desarrollo de mercados campesinos)- SUBDERE (programas de desarrollo económico local)- FNDR (proyectos de infraestructura logística y ferias)- Programas internacionales (FAO, PNUD, Euro clima+)- Convenios con universidades y ONG de alimentación sostenible";;"Diagnóstico de actores y productos disponibles en la comuna para circuitos cortos - Diseño de rutas de comercialización directa entre zonas productivas y centros urbanos - Promoción del etiquetado local y campañas de consumo responsable - Capacitación a productores en comercialización, trazabilidad y valor agregado - Vinculación con organizaciones de consumidores y agrupaciones locales - Incorporación de infraestructura básica (espacios de acopio, refrigeración comunitaria, transporte logístico compartido)";"1. Porcentaje de productos agrícolas locales incorporados en ferias, mercados y compras públicas comunales. 2. Número de circuitos cortos de comercialización activos con trazabilidad desde productores locales.";"Al año 2028, al menos 40 % del volumen de productos frescos comercializados en ferias y centros públicos comunales debe provenir de productores agrícolas locales. Existencia de al menos 5 circuitos cortos activos, operativos y con trazabilidad.";"Pendiente"
"260";"Buin";"6";;"Adaptación";"Sector económico productivo – Agricultura y seguridad alimentaria";"Introducción y fomento de cultivos con mayor capacidad de adaptación al cambio climático";"Promover una transición productiva sustentable en el sector agrícola comunal mediante la incorporación de cultivos resilientes al cambio climático, que requieran menor consumo hídrico, resistan temperaturas extremas y contribuyan a la seguridad alimentaria y sostenibilidad territorial.";"La medida busca impulsar la diversificación de cultivos agrícolas en la comuna de Buin, favoreciendo aquellos que presentan una mayor capacidad de adaptación a escenarios de escasez hídrica, olas de calor y degradación del suelo. Se enfocará en la introducción y validación local de especies agrícolas más resistentes, la reconversión paulatina de cultivos tradicionales de alta demanda hídrica, y la promoción de prácticas de manejo productivo sostenible. Se combinará la asistencia técnica, capacitación, acompañamiento agroclimático y articulación con programas nacionales del Ministerio de Agricultura.";;"Comunal, con énfasis en sectores agrícolas afectados por escasez hídrica y exposición a olas de calor.";"2025";"2030";;"Municipalidad de Buin (Oficina Agrícola, Dirección de Medio Ambiente, Aseo y Ornato)";"INDAP, INIA, SAG, Seremi de Agricultura, Organizaciones campesinas y productores individuales, Universidades, centros de innovación agroclimática, Seremi Medio Ambiente RM";"PLADECO (desarrollo económico local) - Política Nacional de Desarrollo Rural - Estrategia Nacional de Cambio Climático y Recursos Vegetacionales (ENCCRV) - Plan Nacional de Adaptación al Cambio Climático en Agricultura - Programas de INDAP e INIA en adaptación agroclimática";;;"Poca información sobre rendimiento de cultivos alternativos en la zona - Dificultades técnicas para manejo de nuevas especies - Necesidad de apoyo financiero para transición productiva";"INDAP (programas de innovación y adaptación) - SUBDERE (resiliencia rural y recursos hídricos) - FNDR (proyectos agroclimáticos y transferencia tecnológica)";;"Diagnóstico agroclimático comunal para identificación de cultivos adaptativos viables - Ensayos locales y parcelas demostrativas de nuevos cultivos resistentes a estrés térmico e hídrico - Programas piloto de reconversión productiva - Transferencia tecnológica y acompañamiento técnico-productivo - Capacitación a agricultores y técnicos locales sobre cultivos adaptativos - Apoyo a sistemas de semillas locales y recuperación de variedades tradicionales resistentes - Vinculación con INDAP, INIA, SAG y universidades - Incorporación del enfoque de adaptación productiva en planes locales de desarrollo agrícola";"Fondos internacionales (FAO, PNUD, GCF, AF)- Convenios con universidades agrícolas y centros INIA";"Al menos 100 predios agrícolas implementando cultivos adaptativos al año 2030 en la comuna de Buin";"Pendiente"
"261";"Buin";"7";;"Adaptación";"Ordenamiento territorial – Agricultura y uso del suelo";"Protección del suelo agrícola frente a la expansión urbana";"Resguardar la vocación agrícola del territorio comunal de Buin como eje de resiliencia productiva y climática, evitando la fragmentación del paisaje rural frente a procesos de urbanización no planificados, y promoviendo la sostenibilidad del uso del suelo desde el PACCC en coordinación con el PRC y otros instrumentos territoriales.";"La medida busca integrar activamente la dimensión climática en la protección del suelo agrícola comunal, como parte de una estrategia de adaptación al cambio climático y seguridad alimentaria local. A partir del PACCC, se promoverá la articulación con los instrumentos de ordenamiento territorial comunales para incorporar zonas rurales estratégicas de resguardo productivo, evitar la expansión desregulada y fragmentada de áreas urbanas y generar criterios de localización segura. Además, se impulsará el fortalecimiento de ordenanzas, catastros de suelos y programas de incentivos a la conservación del uso agropecuario del suelo, en coordinación con actores municipales, regionales y del agro.";;"Comunal, con énfasis en zonas rurales en riesgo de transformación urbana y áreas de interfaz urbano-rural.";"2025";"2028";;"Municipalidad de Buin (SECPLA, Oficina Agrícola, Medio Ambiente, Planificación)";"- Seremi MINVU y Seremi de Agricultura RM - Gobierno Regional RM (División de Planificación y Ordenamiento Territorial) - Asociaciones campesinas, juntas de vecinos rurales - INDAP, SAG, INIA, universidades y centros de estudios territoriales";"Plan Regulador Comunal (PRC, anteproyecto en etapa final) - PLADECO - Plan Comunal de Gestión de Riesgos de Desastres (PCGRD) - Política Nacional de Desarrollo Rural - Estrategia Climática de Largo Plazo - Programas de resguardo territorial agropecuario (INDAP, SAG)";;;"Procesos de loteo y parcelación irregular ya existentes - Dificultad para sostener económicamente la actividad agrícola en zonas presionadas - Fragmentación de la propiedad y falta de incentivos para conservar el uso productivo";"SUBDERE (líneas de planificación y fortalecimiento municipal) - FNDR (proyectos territoriales con enfoque agroambiental) - Programa de desarrollo rural (INDAP) - Convenios con universidades y cooperación internacional - Fondos ambientales y territoriales de GORE RM";;"Sistematización de información sobre uso actual y potencial del suelo agrícola - Diseño de criterios de localización segura y usos preferentes para suelos rurales - Formulación de propuestas de ordenanzas que fomenten la conservación del suelo agrícola - Incentivos y asistencia técnica para permanencia de uso agrícola en zonas de presión urbana - Campañas de sensibilización y participación sobre importancia del suelo agrícola - Vinculación con estrategias regionales y nacionales de desarrollo rural";"Superficie de suelo agrícola protegida en el PRC/ superficie agrícola total.";"Al año 2028, al menos un 70 % del suelo agrícola identificado como prioritario deberá estar regulado para su resguardo frente a la expansión urbana dentro del PRC y normativas comunales";"Pendiente"
"262";"Buin";"8";;"Adaptación";"Recursos hídricos, biodiversidad, agricultura y ecosistemas";"Restauración ecológica de quebradas, bordes de canales y zonas ribereñas";"Fortalecer la resiliencia hídrica y ecológica del territorio comunal de Buin mediante la restauración activa de quebradas, zonas ribereñas y bordes de canales, recuperando la funcionalidad ecológica de los ecosistemas que regulan el ciclo del agua, previenen la erosión y conservan la biodiversidad.";"La medida propone implementar acciones de restauración ecológica en ecosistemas estratégicos para la regulación hídrica de la comuna, tales como quebradas, cauces menores, bordes de canales, esteros y zonas ribereñas del río Maipo y Angostura. Estas áreas serán intervenidas con técnicas de reforestación con especies nativas, manejo de vegetación invasora, control de erosión y diseño de infraestructura verde. La restauración de estos sistemas busca incrementar la infiltración de aguas lluvias, la retención de humedad, la conectividad ecológica y la provisión de servicios ecosistémicos fundamentales para el ciclo hidrológico. Estas acciones se realizarán en coordinación con comunidades locales, juntas de vigilancia de aguas, organizaciones agrícolas y entidades técnicas.";;"Comunal, con énfasis en sectores agrícolas, ribereños y quebradas del territorio rural";"2025";"2030";;"Municipalidad de Buin (Oficina de Medio Ambiente, SECPLA, Oficina Agrícola)";"Seremi del Medio Ambiente RM, CONAF, DOH- Comunidades agrícolas, juntas de vigilancia de aguas, canalistas- Centros de investigación, ONG ambientales, universidades- Comunidad local, establecimientos educacionales rurales";"Plan de Manejo del río Maipo- Política Nacional de Recursos Hídricos- Estrategia Nacional de Biodiversidad- ENCCRV – Estrategia Nacional de Cambio Climático y Recursos Vegetacionales- PROPIR y proyectos de inversión hídrica- PRC (infraestructura verde y protección de áreas sensibles)";;;"Presión por uso agrícola intensivo sobre zonas riparianas - Parcelaciones irregulares en quebradas o bordes de canales - Débil fiscalización sobre intervenciones en áreas de valor ecológico - Limitada participación comunitaria en restauración ecológica";"Fondo de Protección Ambiental (FPA – MMA)- SUBDERE (programas de infraestructura verde y rural)- FNDR (líneas de inversión ecológica, hídrica y ambiental)- ENCCRV – CONAF- Programas de cooperación internacional (FAO, AF, GEF)- Inversión privada con enfoque de restauración compensatoria";;"Diseño y aprobación de Ordenanza Municipal de Arbolado Urbano. Diseño y aprobación de Ordenanza Municipal sobre Extracción y Transporte de Áridos desde cauces naturales que constituyen Bienes Nacionales de Uso Público. Identificación y mapeo participativo de zonas prioritarias para restauración- Diseño y ejecución de proyectos piloto de restauración con especies nativas- Reforestación y revegetación en zonas erosionadas o degradadas- Instalación de zanjas de infiltración o prácticas de retención hídrica- Limpieza, conservación y señalización de zonas de valor hídrico-ecológico- Coordinación con juntas de vigilancia de aguas, asociaciones de canalistas y organizaciones locales- Campañas de educación ambiental y formación en restauración ecológica comunitaria- Incorporación de la restauración como componente estructural de infraestructura verde comunal";"Superficie restaurada o intervenida con acciones ecológicas en zonas ribereñas, quebradas y bordes de canal.";"Al menos 20 hectáreas restauradas al 2029 en zonas estratégicas para la regulación hídrica y conservación ecológica del territorio de Buin";"Pendiente"
"263";"Buin";"9";;"Adaptación";"Recursos hídricos – Agricultura – Infraestructura verde";"Protección y mantenimiento ecológico de la red de canales y acequias";"Fortalecer la resiliencia hídrica y ecológica de la comuna de Buin mediante el manejo sustentable, conservación ecológica y restauración funcional de la red de canales y acequias rurales, considerando su valor patrimonial, ambiental y estratégico para la actividad agrícola frente al cambio climático";"Esta medida busca consolidar la gestión sostenible de la red de canales y acequias en el área rural y urbana de Buin. Se promoverá la implementación de una Ordenanza Municipal en actualización (existe el Decreto Exento N°239 del 5 de julio 1990 Ordenanza Municipal de Aseo, Ornato y Mantención de canales, obras de regadío y desagües de la comuna de Buin— que regule la limpieza, mantención y conservación de estos sistemas, incorporando principios de protección ambiental y prácticas respetuosas con la biodiversidad. El mantenimiento ecológico de acequias permitirá mejorar la eficiencia hídrica, reducir la pérdida de caudal, prevenir anegamientos, controlar escorrentías y preservar corredores biológicos. La acción incluirá articulación con comunidades de agua, agricultores y actores técnicos para operativizar planes de conservación y educación territorial";;"Comunal, con foco en sectores agrícolas abastecidos por canales y acequias (Viluco, Alto Jahuel, Maipo, Linderos, entre otros).";"2025";"2029";;"Municipalidad de Buin (Oficina Agrícola de DIDECO, Dirección de Medio Ambiente y Aseo y Ornato (DIMAAO), Dirección Jurídica, Dirección de Obras Municipales (DOM)-";"Juntas de Vigilancia de Aguas y Asociaciones de Canalistas- Seremi de Agricultura, DOH, INDAP, DGA- Organizaciones campesinas y comunitarias rurales- Centros de investigación agrícola y ambiental. Normas de aplicación general que protejan los cursos de agua dentro del PRC.";"- Necesidad de asegurar operatividad y fiscalización de la ordenanza local - Escasa cultura de mantenimiento ecológico frente a prácticas intensivas o mecánicas - Debilidad de capacidades institucionales para el monitoreo y control - Multiplicidad de actores y derechos de agua no formalizados";;;"- Acuerdos pendientes entre comunidades de agua - Fragmentación de responsabilidades sobre mantenimiento - Posibles conflictos sobre derechos de intervención o acceso a canales privados";"SUBDERE (infraestructura hídrica rural, fortalecimiento municipal)- FNDR (programas de resiliencia rural y conservación hídrica)- DOH y DGA (proyectos de riego sustentable y limpieza de canales)- INDAP (programas de riego y obras menores)- Cooperación internacional en gobernanza y gestión territorial del agua";;"Diseño y aprobación de la Ordenanza Municipal de Arbolado Urbano. Diseño y aprobación de actualización de la Ordenanza Municipal de Acequias y Canales- Diagnóstico participativo de tramos críticos por deterioro o riesgo de obstrucción- Implementación de planes de limpieza y mantenimiento ecológico estacional- Capacitación a juntas de vigilancia, agricultores y personal municipal sobre prácticas sustentables- Instalación de señaléticas y acciones de monitoreo comunitario- Diseño de intervenciones complementarias con vegetación nativa en bordes de canales- Promoción de buenas prácticas agrícolas asociadas a la protección de acequias- Incorporación de la red de acequias como infraestructura verde dentro del PRC";"Número de kilómetros de canales y acequias manejados bajo criterios ecológicos y regulados por normativa comunal";"Al menos un 40% de la red de canales y acequias intervenidos bajo criterios ecológicos a 2029 y cobertura completa de la ordenanza en las zonas rurales de Buin,, en función de los cuerpos legales locales que protejan esta infraestructura.";"Pendiente"
"264";"Buin";"10";;"Adaptación";"Recursos naturales, uso del suelo, habitabilidad y gestión de riesgos";"Prevención de incendios en zonas de interfaz urbano-rural y áreas productivas";"Reducir el riesgo de incendios forestales y rurales en sectores críticos de interfaz urbano-rural de Buin mediante acciones preventivas, restaurativas y de gobernanza local, fortaleciendo la resiliencia del territorio ante eventos climáticos extremos como olas de calor y sequías prolongadas";"La medida busca abordar el aumento del riesgo de incendios en zonas de interfaz urbano-rural y en sectores agrícolas y forestales vulnerables de la comuna de Buin. Se enfocará en la implementación de planes preventivos, restauración ecológica de áreas degradadas, manejo de combustibles, fortalecimiento de capacidades municipales y comunitarias, y coordinación con actores públicos y privados. Especial atención tendrán sectores con historial de incendios (ej. Alto Jahuel, Valdivia de Paine, Linderos), donde se priorizarán fajas de seguridad, cortafuegos verdes, señalética, educación ambiental y vigilancia comunitaria. La estrategia se articula con el Plan de Emergencias y el Plan Comunal de Reducción de Riesgo de Desastres (PCRRD)";;"Zonas de interfaz urbano-rural, áreas agrícolas, canales, quebradas y sectores con antecedentes de incendios en Buin";"2025";"2028";;"Municipalidad de Buin (Unidad de Gestión de Riesgos, Dirección de Medio Ambiente, Aseo y Ornato (DIMAAO), SECPLA)";"SENAPRED, CONAF, Bomberos- Juntas de vecinos rurales y urbanas- Propietarios agrícolas, canalistas, juntas de vigilancia de aguas- Seremi de Medio Ambiente, Seremi de Agricultura, Gobernación RM";"Plan Comunal de Gestión del Riesgo de Desastres (PCGRD) - PLADECO (eje de seguridad y habitabilidad) - Estrategia Nacional de Cambio Climático y Recursos Vegetacionales (ENCCRV) - Plan Nacional de Protección contra Incendios Forestales - Ordenanzas municipales sobre residuos y prevención de riesgos";;;"Coordinación multisectorial limitada en la prevención activa - Conflictos de competencias sobre predios privados - Clima seco y acumulación de biomasa durante olas de calor prolongadas";"SENAPRED y SUBDERE (programas de reducción de riesgo y emergencia) - FNDR (resiliencia climática y seguridad rural) - CONAF (prevención de incendios y restauración vegetal) - Programas internacionales (AF, PNUD, GEF) - Fondos municipales, convenios público–privados";;"Mapeo de zonas críticas de riesgo por incendios en interfaz urbano-rural- Diseño de cortafuegos verdes y recuperación de franjas con vegetación nativa de baja inflamabilidad- Eliminación de microbasurales y manejo de residuos en zonas periurbanas- Instalación de señalética preventiva, rutas de evacuación y puntos de agua estratégicos- Implementación de fajas de seguridad en áreas agrícolas y canales- Fortalecimiento de capacidades municipales para fiscalización y gestión del riesgo- Programas de educación comunitaria, especialmente en zonas rurales- Articulación con CONAF, SENAPRED, Bomberos y juntas de vecinos rurales";"Superficie de interfaz urbano-rural con acciones de prevención activa de incendios implementadas.";"Al menos 150 hectáreas en zonas críticas intervenidas con medidas activas de prevención de incendios al año 2028";"Pendiente"
"265";"Buin";"11";;"Adaptación";"Ordenamiento territorial, recursos hídricos, medio ambiente, agricultura";"Integración de criterios ecológicos e hídricos en la planificación territorial";"Incorporar de forma sistemática criterios de protección ecológica y gestión hídrica en los instrumentos de planificación territorial de la comuna de Buin, fortaleciendo la resiliencia del territorio ante los efectos del cambio climático y promoviendo un desarrollo armónico y sustentable";"Esta medida busca asegurar que los planes y regulaciones territoriales en Buin —incluyendo el Plan Regulador Comunal (PRC), el Plan de Desarrollo Comunal (PLADECO), y los proyectos de inversión pública— integren criterios ecológicos e hídricos vinculados a la adaptación al cambio climático. Esto implica el resguardo de zonas de valor ambiental, la protección de zonas de recarga hídrica, la conectividad ecológica, la definición de usos del suelo compatibles con la resiliencia climática y la promoción de infraestructura verde. La medida reconoce la oportunidad que ofrece la etapa de anteproyecto del nuevo PRC y fomenta la articulación entre áreas municipales, comunidad técnica y actores territoriales";;"Comunal, con énfasis en zonas rurales, áreas de expansión urbana y ecosistemas estratégicos como quebradas y bordes fluviales";"2025";"2029";;"Municipalidad de Buin (SECPLA, Medio Ambiente, Obras, Jurídico)";"Seremi de Vivienda y Urbanismo, Seremi del Medio Ambiente RM - Gobierno Regional Metropolitano - Organizaciones ambientales, canalistas, agricultores, juntas de vecinos - Universidades y centros de estudios territoriales";"- Plan Regulador Comunal (PRC, en etapa de anteproyecto) - PLADECO - Plan Comunal de Gestión de Riesgos de Desastres - Estrategia Climática de Largo Plazo - Política Nacional de Ordenamiento Territorial - Plan de Acción Regional de Cambio Climático (PARCC RM)";;;"Necesidad de fortalecer capacidades municipales en planificación resiliente- Desfase entre instrumentos sectoriales y tiempos de aprobación del PRC; Tensión entre objetivos de desarrollo urbano y protección de ecosistemas Limitada disponibilidad de cartografía climática y ecológica a nivel comunal";"SUBDERE (fortalecimiento de capacidades municipales) - FNDR (programas territoriales con enfoque climático) - Seremi MINVU (apoyo técnico para elaboración del PRC) - Fondos de cooperación internacional y estudios estratégicos (PNUD, GCF, etc.)";;"Diseño y aprobación de actualización de la Ordenanza Municipal de Acequias y Canales.; diseño y aprobación de Ordenanza Municipal de Arbolado Urbano Incorporación de zonas de valor ecológico e hídrico en el PRC en elaboración- Definición de áreas de amortiguación y localización segura frente a riesgos climáticos- Zonificación preferente para conservación, restauración y uso agrícola sustentable- Evaluación ambiental estratégica con enfoque de cambio climático- Definición de red de infraestructura verde (quebradas, corredores hídricos, parques rurales)- Capacitación a equipos técnicos municipales y actores locales sobre criterios ecológicos- Incorporación de criterios hídricos en cartera de proyectos del PLADECO- Alineamiento con políticas e instrumentos regionales de adaptación";"Porcentaje del territorio comunal regulado con criterios ecológicos e hídricos en instrumentos de planificación territorial.";"Al año 2029, al menos el 35 % del territorio comunal deberá contar con regulación explícita orientada a criterios ecológicos e hídricos dentro del PRC y otros instrumentos de planificación local";"Pendiente"
"266";"Buin";"12";;"Adaptación";"Recursos hídricos / Agricultura / Habitabilidad / Educación";"Promoción del uso eficiente del recurso hídrico en sectores productivos y comunitarios";"Mejorar la eficiencia y sostenibilidad en el uso del recurso hídrico en actividades agrícolas, comerciales, residenciales y comunitarias de la comuna de Buin, promoviendo una cultura de uso responsable del agua frente al contexto de cambio climático";"La medida contempla el desarrollo de estrategias de intervención educativa, tecnológica y de fortalecimiento institucional orientadas al uso eficiente del recurso hídrico. Busca incorporar prácticas de ahorro de agua y tecnologías en sectores agrícolas, industriales, residenciales y en espacios comunitarios, acompañadas por campañas de concientización, monitoreo participativo y asesoría técnica. Se priorizará la intervención en sectores con alta presión sobre el recurso hídrico y baja eficiencia de consumo, mediante alianzas público-privadas, instrumentos de fomento y articulación con programas sectoriales";;"Comunal, con foco en sectores rurales, periurbanos y áreas comunitarias";"2025";"2029";;"Municipalidad de Buin (DAF, SECPLA, Medio Ambiente, Educación)";"Dirección de Obras Hidráulicas (DOH) - INDAP / SAG / Comisión Nacional de Riego - Juntas de Vigilancia, APR, canalistas, organizaciones vecinales - Fundación Chile, universidades, empresas proveedoras de tecnología hídrica";"PARCC Región Metropolitana - PLADECO Buin - Estrategia Nacional de Recursos Hídricos 2025 - Ordenanza Municipal sobre acequias y canales";;;"Limitada conciencia ciudadana sobre uso del agua - Falta de financiamiento para tecnologías en hogares de bajos ingresos - Coordinación intersectorial e institucional débil en temas de eficiencia hídrica";"FNDR (Línea de Resiliencia Climática) - SUBDERE – PMB / PMU - Fondo de Protección Ambiental (FPA) - INDAP – Programa de Riego Intrapredial - Cooperación internacional (PNUD, AF, EUROCLIMA+)";;"Diseño y aprobación de actualización de la Ordenanza Municipal de Acequias y Canales Diagnóstico participativo de consumo de agua en sectores priorizados - Capacitación técnica en eficiencia hídrica para agricultores, juntas de vecinos y escuelas - Promoción de tecnologías de bajo consumo: riego por goteo, aireadores, doble descarga, etc. - Campañas de educación ambiental y seguimiento ciudadano al uso del agua";"Porcentaje de usuarios capacitados e implementando tecnologías de eficiencia hídrica.";"Al menos 200 hogares, predios o espacios comunitarios adoptando tecnologías de eficiencia hídrica al 2029.";"Pendiente"
"267";"Buin";"13";;"Adaptación";"Recursos hídricos / Infraestructura / Urbanismo / Medio ambiente";"Implementación de infraestructura verde para la gestión hídrica";"Aumentar la resiliencia territorial frente al cambio climático mediante el diseño e implementación de soluciones basadas en la naturaleza orientadas a la regulación hídrica y la protección del suelo, especialmente en zonas urbanas, periurbanas y rurales de la comuna.";"La medida busca fortalecer la gestión sustentable del recurso hídrico a través de la integración de infraestructura verde con función hídrica en el entorno urbano y rural. Esto incluye la instalación de zanjas de infiltración, jardines de lluvia, pavimentos permeables y franjas vegetadas que retienen y filtran el agua, reducen la escorrentía superficial, controlan la erosión y permiten la recarga de acuíferos. Se priorizará su implementación en espacios públicos, bordes de canales, centros comunitarios y equipamientos municipales, contribuyendo también a la adaptación frente a lluvias intensas y a la mejora de la calidad del entorno urbano-rural.";;"Comunal, con énfasis en sectores urbanos con problemas de escorrentía, borde de canales y zonas de expansión urbana";"2025";"2029";;"- Municipalidad de Buin (SECPLA, Dirección de Medio Ambiente, Aseo y Ornato (DIMAAO), Dirección de Obras Municipales (DOM)";"Seremi de Vivienda y Urbanismo, DOH, MINVU - Comunidad local, juntas de vecinos, canalistas - Instituciones académicas y ONG ambientales - Fondos públicos y cooperación internacional";"Plan Regulador Comunal (PRC) y cartera de infraestructura verde - PLADECO - PARCC Región Metropolitana - Planes de restauración ecológica y mitigación de riesgos";;;"Resistencia institucional o técnica a soluciones no tradicionales - Costos iniciales de implementación - Necesidad de articulación entre actores públicos y privados";"FNDR (infraestructura verde, cambio climático) - SUBDERE (PMB / PMU) - Programa de mejoramiento de espacios públicos (MINVU) - Fondo de Protección Ambiental (FPA) - Cooperación internacional (GCF, EUROCLIMA+, AF)";;"Diseño y aprobación de Ordenanza Municipal de Arbolado Urbano; Diseño y aprobación de actualización de Ordenanza Municipal de Canales y Acequias. Diseño e implementación de zanjas de infiltración y jardines de lluvia en espacios públicos - Intervención de canales y acequias con franjas vegetadas para retención e infiltración - Recuperación de áreas verdes con función hídrica en zonas urbanas y rurales - Sensibilización comunitaria sobre el rol de la infraestructura verde y su mantención";"Superficie (m²) de infraestructura verde instalada con sistema de bajo consumo hídrico.";"Al menos 15 intervenciones de infraestructura verde con función hídrica ejecutadas al año 2029 en sectores urbanos y rurales";"Pendiente"
"268";"Buin";"14";;"Adaptación";"Recursos hídricos / Agricultura / Infraestructura / Comunidad";"Captación y almacenamiento de aguas lluvias para uso en riego";"Reforzar la resiliencia hídrica local mediante la implementación de sistemas de captación y almacenamiento de aguas lluvias para riego agrícola y comunitario, reduciendo la presión sobre fuentes de agua potable y sistemas convencionales de abastecimiento";"La medida consiste en la instalación y operación de sistemas de captación y almacenamiento de aguas lluvias en techos de edificaciones públicas, viviendas rurales, predios agrícolas y espacios comunitarios. Busca disponer de una fuente de agua alternativa para riego de huertos, áreas verdes y cultivos menores, especialmente en zonas con déficit hídrico estacional. Se promoverán soluciones descentralizadas, de bajo costo y mantenimiento sencillo, integradas con acciones de educación ambiental, participación comunitaria y diseño con criterios de infraestructura verde";;"Comunal, con foco en zonas rurales, periurbanas y centros comunitarios urbanos";"2025";"2029";;"Municipalidad de Buin (Dirección de Medio Ambiente, Aseo y Ornato (DIMAAO), Dirección de Desarrollo Comunitario (DIDECO), Educación, Dirección de Obras Municipales (DOM)";"- Juntas de vecinos rurales, agrupaciones agrícolas y educativas - INDAP, CNR, DOH, Seremi de Medio Ambiente - ONG y universidades - Programas de cooperación nacional e internacional";"PARCC Región Metropolitana - Plan Regulador Comunal (zonas de captación y uso sustentable) - Estrategia Nacional de Recursos Hídricos - Ordenanza municipal de Acequias y Canales (en actualización)";;;"Desconocimiento técnico sobre diseño e instalación - Costos iniciales de equipamiento";"FNDR (línea de resiliencia climática) - SUBDERE (PMB – mejoramiento barrial) - INDAP (riego Intrapredial) - Fondo de Protección Ambiental (FPA) - Programas de cooperación internacional: PNUD, GEF, AF";;"Identificación y priorización de sectores con potencial de captación y necesidad de agua para riego - Diseño e instalación de sistemas de captación de aguas lluvias desde techumbres - Implementación de estanques o cisternas con filtros, canaletas y dispositivos de descarga - Formación comunitaria en uso, mantenimiento y aprovechamiento del recurso captado - Vinculación con prácticas agroecológicas o paisajismo sustentable";"Número de sistemas de captación de aguas lluvias instalados para uso en riego";"Al menos 25 sistemas de captación y almacenamiento de aguas lluvias instalados en sectores rurales y comunitarios de Buin al año 2029.";"Pendiente"
"269";"Buin";"15";;"Mitigación";"Energía / Vivienda / Medio ambiente / Salud";"Programa comunal de recambio de calefactores en zonas residenciales prioritarias";"Reducir las emisiones de contaminantes atmosféricos y gases de efecto invernadero mediante el recambio de calefactores a leña no certificados por tecnologías limpias y eficientes, en coordinación con el Programa Nacional de Recambio de Calefactores del Ministerio del Medio Ambiente.";"La medida busca implementar un programa local de recambio de calefactores contaminantes, articulado con el Programa Nacional del Ministerio del Medio Ambiente (MMA). Este programa permitirá el reemplazo progresivo de calefactores a leña no certificados por tecnologías limpias que cumplan los requisitos de eficiencia energética y bajas emisiones establecidos por el MMA. Se focalizará en sectores residenciales vulnerables desde el punto de vista social, ambiental y de eficiencia térmica, e incluirá acciones de educación energética, diagnósticos térmicos de viviendas y vinculación con subsidios de acondicionamiento térmico del MINVU. La trazabilidad del programa se apoyará en la plataforma nacional de recambio del MMA y será coordinado con la Seremi del Medio Ambiente de la RM.";;"Comunal, con énfasis en sectores residenciales urbanos y rurales con mayor uso de leña contaminante";"2025";"2030";;"- Municipalidad de Buin (Dirección de Medio Ambiente, Aseo y Ornato (DIMAAO), Dirección de Desarrollo Comunal (DIDECO)";"- Ministerio del Medio Ambiente / Plataforma calefactores.mma.gob.cl - Seremi del Medio Ambiente Región Metropolitana - Ministerio de Energía / Agencia de Sostenibilidad Energética - Ministerio de Vivienda y Urbanismo (MINVU) - Empresas proveedoras y certificadas - Juntas de vecinos, organizaciones sociales";"Programa Nacional de Recambio de Calefactores del MMA - Estrategia Nacional de Energía - Programas de eficiencia energética del Ministerio de Energía y MINVU - Plan Regulador Comunal en elaboración - PARCC RM (Plan de Acción Regional de Cambio Climático)";;;"Costos iniciales no cubiertos por los programas nacionales - Preferencias culturales por calefacción a leña - Necesidad de apoyo técnico post instalación para asegurar eficiencia de uso";"- Programa Nacional de Recambio de Calefactores (MMA) - FNDR (líneas de energía, salud y medio ambiente) - SUBDERE (PMU Verde) Programas del Ministerio de Energía y MINVU - Fondos internacionales para mitigación climática (GEF, EUROCLIMA+, PNUMA)";;"Postulación comunal al Programa Nacional de Recambio de Calefactores (MMA) - Identificación de zonas residenciales prioritarias (altas emisiones, baja eficiencia térmica) - Diagnóstico de equipos existentes y condiciones de uso - Articulación con subsidios térmicos del MINVU - Campañas de educación energética, capacitación y seguimiento comunitario";"Número de calefactores contaminantes reemplazados con trazabilidad certificada";"Al menos 200 calefactores contaminantes reemplazados en sectores vulnerables de Buin al año 2030, en coordinación con el programa nacional del MMA";"Pendiente"
"270";"Buin";"16";;"Mitigación";"Energía / Comunidad / Transporte";"Actualización de la EEL de Buin con enfoque de transición justa";"Fortalecer la planificación energética local a través de la actualización participativa de la Estrategia Energética Local (EEL) de Buin, integrando principios de equidad, eficiencia, sostenibilidad y transición justa, con énfasis en reducir emisiones de GEI, mejorar la eficiencia energética y ampliar el acceso a energías limpias en sectores residenciales, comunitarios e institucionales.";"La medida consiste en la actualización de la Estrategia Energética Local (EEL) de Buin, integrando una visión sistémica de transición energética justa. Se busca reorientar la EEL para incluir metas específicas de mitigación, eficiencia energética, reducción de pobreza energética, electrificación sostenible, incorporación de energías renovables no convencionales (ERNC), electrificación del transporte público y fortalecimiento de capacidades locales. La actualización será participativa, multisectorial y territorialmente contextualizada, considerando el diagnóstico del inventario comunal de emisiones de GEI, usos energéticos actuales y desafíos de vulnerabilidad energética presentes en zonas urbanas y rurales.";;"Comunal, con enfoque integral urbano-rural y coordinación intersectorial";"2026";"2028";;"Municipalidad de Buin (Dirección de Medio Ambiente, Aseo y Ornato (DIMAAO), Dirección de Desarrollo Comunal (DIDECO), Educación)";"- Ministerio de Energía / Seremi RM - Agencia de Sostenibilidad Energética (Agencia SE) - Organizaciones territoriales y comunitarias - Sector privado local (agrícola, comercial, industrial) - Academia y centros técnicos de formación energética";"Inventario de GEI comunal - PARCC RM - Estrategia Nacional de Energía 2050 - Plan Nacional de Acción de Cambio Climático (PANCC III) - PLADECO y PRC en formulación";;;"Desigualdad en el acceso a tecnologías energéticas limpias - Falta de capacidades técnicas municipales en energía - Dificultad para sostener procesos participativos amplios en el tiempo";"Subsecretaría de Energía – Líneas de apoyo a EEL - FNDR (líneas de planificación estratégica y energía local) - SUBDERE (PMU – Gobernanza energética local) - Cooperación internacional (EUROCLIMA+, GEF, PNUMA) - Alianzas con academia y universidades regionales";;"Diagnóstico energético actualizado y análisis de demanda por sector (residencial, público, transporte, productivo)- Proceso participativo con actores comunales, organizaciones sociales y sector privado- Definición de líneas estratégicas de acción (uso eficiente de la energía, ERNC, educación energética, movilidad sustentable, recambio tecnológico)- Incorporación de criterios de equidad territorial y transición justa (atención a grupos vulnerables y sectores rurales)- Validación técnica y política de la estrategia con el Concejo Municipal- Difusión pública y articulación con el PACCC y otros instrumentos comunales (PLADECO, PRC, Plan de Emergencia)";"Estrategia Energética Local actualizada y validada con enfoque de transición justa";"Contar con una Estrategia Energética Local actualizada y aprobada al año 2028 incorporando al menos 4 líneas estratégicas de acción con criterios de equidad energética, eficiencia y uso de ERNC.";"Pendiente"
"271";"Buin";"17";;"Mitigación";"Energía / Edificaciones públicas / Comunidad";"Fomento de la energía renovable no convencional en edificios públicos y comunitarios";"Reducir las emisiones de gases de efecto invernadero y promover la eficiencia energética mediante la implementación de sistemas de energía renovable no convencional (ERNC), particularmente solar fotovoltaica, en edificios públicos y comunitarios de la comuna";"La medida busca promover e implementar sistemas de energía renovable no convencional (ERNC), principalmente solar fotovoltaica y térmica en infraestructura pública y comunitaria de Buin como escuelas, CESFAM, sedes vecinales, centros culturales, postas rurales, entre otros. Estas instalaciones permitirán cubrir parte del consumo energético de estas edificaciones, reduciendo la dependencia de fuentes fósiles, generando ahorros operacionales y aportando a la meta de descarbonización local. La medida también contempla capacitación al personal municipal y comunitario para la gestión, mantención y uso eficiente de estos sistemas.";;"Comunal, con prioridad en zonas rurales y edificios públicos/comunitarios de alta demanda energética";"2025";"2030";;"Municipalidad de Buin (Dirección de Medio Ambiente, Aseo y Ornato (DIMAAO), Dirección de Desarrollo Comunal (DIDECO), Corporación de Salud y de Educación)";"- Ministerio de Energía / Agencia de Sostenibilidad Energética - Seremi de Energía RM - Fundación para la Innovación Agraria (FIA), SUBDERE - Empresas proveedoras y certificadas de tecnología ERNC - Comunidades organizadas, centros vecinales, establecimientos educacionales";"- Estrategia Energética Local - Estrategia Nacional de Energía 2050 - Programas de Techos Solares Públicos (MMA / Energía) - PLADECO, PRC y planes sectoriales municipales";;;"Barreras técnicas y económicas para iniciar inversión - Limitaciones en diseño estructural de algunos edificios - Falta de cultura de gestión energética en espacios comunitarios; Costos iniciales de inversión elevados - Mantenimiento insuficiente sin formación adecuada - Escasa articulación intersectorial para postulación a fondos";"Subsecretaría de Energía / Programa Techos Solares Públicos - FNDR – Energía limpia y gestión municipal - SUBDERE – PMU Verde / Infraestructura resiliente - Fondos internacionales (EUROCLIMA+, GEF, GIZ, PNUD) - Asociaciones público-privadas y cooperación técnica";;"Levantamiento y priorización de edificios públicos y comunitarios con potencial de instalación solar - Diagnósticos energéticos y estudios de prefactibilidad - Postulación a programas de financiamiento público o convenios público-privados - Implementación de sistemas fotovoltaicos conectados a red (de generación distribuida) o aislados - Capacitación y difusión sobre operación y mantenimiento de los sistemas - Monitoreo y evaluación del desempeño energético y ambiental de las instalaciones";"Número de edificios públicos y comunitarios con sistemas ERNC operativos";"Al menos 15 edificios públicos y comunitarios de Buin implementan sistemas ERNC (fotovoltaicos) al año 2030";"Pendiente"
"272";"Buin";"18";;"Mitigación";"Transporte / Urbanismo / Salud / Comunidad";"Implementación de infraestructura para la movilidad activa, segura e inclusiva (ciclovías y sendas multipropósito)";"Promover una movilidad baja en emisiones, segura, equitativa y resiliente al cambio climático, priorizando la movilidad activa como eje estructurante del territorio.";"Esta medida busca implementar una red de infraestructura para la movilidad activa (ciclovías, sendas multipropósito, veredas seguras y accesibles), integrando estándares de seguridad vial, accesibilidad universal, conectividad territorial y multimodalidad. Se sustenta en la cartera priorizada del Plan de Inversiones en Infraestructura de Movilidad y Espacio Público (PIIMEP) de Buin 2023–2032, que incluye más de 20 iniciativas de ciclovías, sendas y veredas con una extensión estimada de 70 km. Entre ellas destacan los proyectos de ciclovía en Camino Padre Hurtado, Camino El Cerrillo, Ruta G-517, Santa Filomena, Valdivia de Paine, Camino a Villaseca y Linderos.";;"Comunal (urbano, periurbano y rural). Beneficiarios: población peatonal, ciclistas, estudiantes, adultos mayores.";"2025";"2032";;"Municipalidad de Buin (SECPLA, Dirección de Tránsito, Educación, DIDECO)-";"MINVU / MTT / GORE RM / SUBDERE- Servicios públicos sectoriales (SERVIU, EFE)- MOP. Organizaciones comunitarias y escolares- Ciclistas y gremios de movilidad urbana";"- PIIMEP Buin 2023–2032 - PRC en formulación - PARCC Región Metropolitana - PLADECO Buin - Estrategia Nacional de Movilidad Activa - Ley de Aportes al Espacio Público";;;"Falta de financiamiento suficiente- Bajo uso inicial sin estrategias de activación comunitaria- Percepción de inseguridad en zonas de baja iluminación- Fragmentación en la continuidad de redes activas";"- Ley 20.958 (Aportes al Espacio Público) - FNDR, SUBDERE (PMU, PROPIR), SERVIU - Programas de MTT, MINVU y cooperación internacional - Inversión municipal y alianzas público-privadas";;"Diseño e implementación de ciclovías y sendas con criterios de seguridad vial y conectividad - Interconexión con estaciones del Metro tren y rutas estructurantes del PIIMEP - Señalización, arborización y sombreado - Campañas de sensibilización sobre movilidad activa segura - Evaluación de rutas escolares seguras";"Kilómetros de infraestructura activa construida o mejorada";"Implementar al menos 35 km de ciclovías y sendas multipropósito seguras y conectadas a 2032";"Pendiente"
"273";"Buin";"19";;"Mitigación";"Transporte / Educación / Gestión pública";"Incorporación de sistemas de gestión inteligente de flotas municipales y escolares";"Optimizar el funcionamiento, eficiencia energética, trazabilidad y seguridad de las flotas de transporte municipal y escolar en la comuna, mediante la incorporación de tecnologías inteligentes de monitoreo, planificación de rutas y control operativo";"La medida busca modernizar la operación de las flotas de transporte comunal —tanto escolares como de servicios municipales— mediante la incorporación de sistemas inteligentes de gestión que integren GPS, planificación de rutas, sensores de rendimiento y plataformas digitales de seguimiento en tiempo real. Esta acción se orienta a mejorar la eficiencia del uso de combustible, reducir emisiones de GEI, mejorar la seguridad vial, disminuir tiempos de desplazamiento y apoyar la fiscalización del servicio prestado.";;"Comunal. En servicios de transporte escolar municipal, movilización de funcionarios y servicios de traslado comunitario";"2025";"2028";;"Municipalidad de Buin (DIDECO, Corporación de Educación, Dirección de Medio Ambiente, Aseo y Ornato (DIMAAO), Dirección de Tránsito)";"- MTT y Seremi de Transportes RM - SUBDERE y GORE RM (para fondos PMU o ARI) - Empresas proveedoras de soluciones tecnológicas - Escuelas y centros educacionales rurales";"PIIMEP Buin 2023–2032 - PARCC RM - Plan Nacional de Movilidad Urbana Sostenible";;;"Resistencia al cambio por parte de conductores u operadores - Problemas de conectividad en sectores rurales - Falta de mantenimiento o actualización tecnológica en el tiempo";"- SUBDERE (PMU, ARI, PROPIR) - FNDR / GORE RM - Programas del Ministerio de Transporte - Fondo de innovación municipal / cooperación internacional (GIZ, EUROCLIMA+)";;"Levantamiento y categorización de la flota escolar y municipal actual- Adquisición e instalación de dispositivos GPS, sensores de rendimiento y telemetría- Desarrollo de una plataforma de monitoreo y análisis de datos en tiempo real- Capacitación al personal municipal y operadores sobre uso de los sistemas- Articulación con rutas escolares seguras y planificación de buses de acercamiento- Implementación de indicadores de eficiencia, cobertura y calidad del servicio";"Flotas escolares y municipales equipadas con sistemas de gestión inteligente";"80% de la flota equipada al año 2028 priorizando vehículos de mayor uso (escolares, recolección, emergencias)";"Pendiente"
"274";"Buin";"20";;"Mitigación";"Transporte / Urbanismo / Comunidad / Educación";"Fortalecimiento de la multimodalidad a través de rutas de acercamiento a estaciones de tren, especialmente desde zonas periurbanas y rurales.";"Reducir la dependencia del vehículo particular y mejorar la accesibilidad equitativa al transporte público ferroviario, especialmente para población rural y periurbana, mediante el fortalecimiento de rutas de acercamiento y sistemas complementarios de transporte local.";"Esta medida busca implementar y consolidar rutas de transporte público y comunitario que conecten zonas rurales y periurbanas de la comuna con las estaciones de Metro tren (Buin Zoo, Buin y Linderos). Se trata de una acción estratégica enmarcada en la transición hacia una movilidad más limpia, conectada e inclusiva, que refuerce la intermodalidad del sistema local de transporte. La medida contempla el diseño participativo de trazados de acercamiento, fortalecimiento de flotas de transporte municipal o de gestión comunitaria, integración con sistemas de información georreferenciada y horarios del tren, y coordinación con el PIIMEP para asegurar infraestructura de conexión vial, paraderos y señalética.";;"Zonas rurales y periurbanas de Buin, especialmente sectores como Maipo, Alto Jahuel, El Recurso, Viluco, Santa Filomena, entre otros.";"2023";"2032";;"Municipalidad de Buin (SECPLA, Dirección de Tránsito, DIDECO)-";"Empresa de Ferrocarriles del Estado (EFE)- Seremi de Transportes y Telecomunicaciones RM- SUBDERE / GORE RM (para fondos de movilidad rural)- Organizaciones territoriales y comités de transporte rural- Comunidad escolar y usuarios del Metro tren";"PIIMEP Buin 2023–2032 - PRC Buin (en formulación) - Estrategia Nacional de Movilidad Urbana Sostenible - Plan Nacional de Transporte Rural - PARCC RM / PLADECO Buin";;;"Bajo uso inicial sin incentivos ni campañas - Dificultades para sostener frecuencias en zonas de baja densidad - Escasa formalización del transporte rural actualmente existente";"SUBDERE (PROPIR, PMU Rural) - FNDR / GORE RM - Programa Nacional de Transporte Rural del MTT - Cooperación técnica (GIZ, EUROCLIMA+) - Convenios con EFE y operadores regionales";;"Diagnóstico de brechas de conectividad rural con estaciones de tren - Diseño de rutas de acercamiento y definición de horarios y frecuencias - Señalética, paraderos y conectividad con PIIMEP - Coordinación con EFE y MTT para integración de horarios y planificación - Promoción comunitaria del uso de transporte público ferroviario";"Rutas de acercamiento implementadas hacia estaciones de tren";"Contar con al menos 5 rutas de acercamiento operativas hacia estaciones de tren al año 2030, priorizando sectores rurales y periféricos con baja conectividad.";"Pendiente"
"275";"Buin";"21";;"Mitigación";"Residuos / Educación / Comunidad / Medio Ambiente";"Implementación de centros de compostaje en escuelas, ferias libres y edificios públicos";"Reducir progresivamente la cantidad de residuos orgánicos enviados a disposición final, disminuyendo las emisiones del sector residuos e impulsando un modelo territorial de economía circular, participación comunitaria y valorización local.";"Esta medida busca instalar, operar y mantener centros de compostaje descentralizados en escuelas, ferias libres y edificios públicos municipales, como estrategia clave para la gestión sustentable de residuos orgánicos en la comuna de Buin. La acción está orientada a disminuir la cantidad de residuos domiciliarios dispuestos en el Relleno Sanitario Santa Marta —principal fuente de emisiones de GEI en la comuna según su Inventario 2023— fomentando una cultura de separación, reutilización y compostaje in situ. Los centros permitirán generar abono orgánico útil para huertos escolares, áreas verdes, huertos comunitarios y espacios educativos, reforzando además la sensibilización ambiental y las prácticas agroecológicas.";;"Comunal. En establecimientos educacionales, ferias libres, centros comunitarios y unidades municipales";"2025";"2030";;"Municipalidad de Buin (Dirección de Medio Ambiente, Aseo y Ornato (DIMAAO),Corporación de Educación, Dirección de Desarrollo Comunal (DIDECO), Aseo y Ornato)";"- Establecimientos educacionales y centros de padres - Ferias libres, juntas de vecinos y organizaciones comunitarias - Seremi del Medio Ambiente / MMA - Fundación Basura, Fundación Casa de la Paz u otros socios técnicos";"Estrategia Nacional de Residuos Orgánicos (ENRO, 2021)- Programa Comunal de Reciclaje y Compostaje del MMA (Programa Reciclo Orgánicos)";;;"Resistencia al cambio de hábitos - Problemas de mantenimiento en temporadas críticas - Desconocimiento de normas sanitarias en compostaje comunitario";"SUBDERE (PMU verde, PROPIR) - Ministerio del Medio Ambiente (ENRO, Programa Comunal de Reciclaje) - FNDR / GORE RM - Fondos de educación ambiental y cooperación técnica (PNUD, GIZ, Fundación Basura)";;"Diagnóstico participativo de espacios públicos con potencial de implementación - Diseño de protocolos de compostaje y manejo responsable - Adquisición de composteras, infraestructura y capacitación del personal - Instalación y operación de centros piloto en escuelas, ferias y oficinas municipales - Acompañamiento técnico, monitoreo de resultados y generación de abono - Articulación con programas de educación ambiental y reciclaje escolar";"Centros de compostaje públicos y comunitarios operativos en la comuna";"Implementar al menos 15 centros de compostaje operativos en escuelas, ferias y edificios municipales al año 2028 (5 por año)";"Pendiente"
"276";"Buin";"22";;"Mitigación";"Residuos / Comunidad / Educación / Medio Ambiente";"Fortalecimiento de la gestión de residuos sólidos domiciliarios y educación ambiental";"Mejorar la eficiencia, cobertura y sostenibilidad de la gestión de residuos sólidos domiciliarios en la comuna, a través del fortalecimiento operativo, normativo y educativo del sistema de recolección, separación, reducción y valorización de residuos, con énfasis en la participación ciudadana y el enfoque de economía circular";"Esta medida busca reforzar integralmente la gestión de residuos domiciliarios en Buin, desde la recolección y separación en origen hasta la reducción progresiva de residuos enviados a relleno sanitario. Considera el fortalecimiento de las capacidades municipales, el mejoramiento de rutas y frecuencias de recolección, implementación de puntos limpios y campañas educativas sostenidas. Se busca generar cambios de conducta en la comunidad y fomentar la cultura del reciclaje, reducción y reutilización, en línea con la Estrategia Nacional de Residuos Orgánicos (ENRO) y los principios de economía circular.";;"Comunal. En sectores urbanos, periurbanos y rurales, tanto residenciales como públicos";"2025";"2030";;"Municipalidad de Buin (Dirección de Medio Ambiente, Aseo y Ornato (DIMAAO), Dirección de Desarrollo Comunal (DIDECO), Corporación de Educación, Aseo y Ornato)-";"Seremi del Medio Ambiente- Ministerio del Medio Ambiente (ENRO, fondos de reciclaje)- Juntas de vecinos y organizaciones sociales- Centros educativos y comunitarios";"Estrategia Nacional de Residuos Orgánicos (ENRO) - PARCC RM - Plan de Desarrollo Comunal (PLADECO) - Programa Reciclo Orgánicos del MMA";;;"Bajo nivel de educación ambiental - Resistencia al cambio cultural respecto a reciclaje - Falta de infraestructura barrial para recolección diferenciada; Brechas en recursos humanos y financieros municipales - Escasa separación en origen por parte de la población - Necesidad de actualización o creación de ordenanzas locales";"SUBDERE (PROPIR, PMU Verde)- Ministerio del Medio Ambiente (fondos reciclaje, ENRO)- FNDR / GORE RM- Cooperación internacional y alianzas público-privadas";;"Evaluación del sistema actual de recolección y disposición de residuos - Diseño e implementación de campañas de educación ambiental permanente - Instalación de nuevos puntos limpios o estaciones de reciclaje barrial - Fortalecimiento de fiscalización y normativa sobre disposición informal - Capacitación a personal municipal, comunidades educativas y juntas de vecinos";"Toneladas de residuos reciclados / valorizados anualmente";"Reducir en al menos un 20% los residuos domiciliarios enviados a disposición final al año 2030, a través de separación en origen, reciclaje y valorización comunitaria.";"Pendiente"
"277";"Buin";"23";;"Mitigación";"Mitigación / Economía circular";"Desarrollo de puntos limpios y recolección de reciclaje de envases, papeles, cartones, vidrios (Re Simple)";"Incrementar las tasas de reciclaje domiciliario y reducir la cantidad de residuos valorizables enviados a disposición final, mediante la implementación de puntos limpios y sistemas de recolección diferenciada de residuos reciclables, en el marco del sistema de responsabilidad extendida del productor (REP) y el modelo Re Simple";"Esta medida busca fortalecer la infraestructura y logística comunal para la recolección, clasificación y valorización de residuos reciclables como envases y embalajes, papel, cartón, plásticos, metales y vidrio. Se articulará con el sistema de gestión Re Simple, el cual ya está siendo implementado en la comuna de Buin a través de la recolección domiciliaria y camiones de reciclaje. La medida considera la habilitación de nuevos puntos limpios o estaciones de reciclaje barrial, la difusión de rutas de recolección selectiva, el monitoreo de volúmenes recuperados y la educación ciudadana para fomentar la participación en la separación en origen.";;"Comunal – urbano, periurbano y rural";"2025";"2030";;"Municipalidad de Buin (Dirección de Medio Ambiente, Aseo y Ornato (DIMAAO), Corporación de Educación)";"- Sistema de gestión Re Simple - Ministerio del Medio Ambiente (Unidad REP) - Recicladores de base / cooperativas locales - Comunidad educativa y organizaciones territoriales";"Estrategia Nacional de Residuos Orgánicos (ENRO) - Ley REP y su decreto de envases y embalajes (DEE) - Programa Re Simple (gestor autorizado) - PARCC RM y Plan Nacional de Acción de Economía Circular";;;"Necesidad de cobertura completa en zonas rurales - Limitada conciencia ciudadana sobre tipos de residuos reciclables - Coordinación logística entre municipio, Re Simple y recicladores de base";"Re Simple (financiamiento directo por ley REP) - MMA (fondos reciclaje) - FNDR / GORE RM - SUBDERE PMU Verde y Propir - Alianzas público-privadas y cooperación internacional";;"Ampliación y mantenimiento de puntos limpios en sectores urbanos y rurales - Difusión comunal de rutas, horarios y tipos de residuos reciclables recolectados - Coordinación con Re Simple para la trazabilidad y evaluación de flujos - Capacitación a recicladores de base y apoyo a su formalización - Campañas ciudadanas de separación en origen y uso del sistema de reciclaje domiciliario - Monitoreo de los indicadores de reciclaje con apoyo del MMA y Re Simple";"Toneladas de residuos reciclables recolectados selectivamente";"Instalar y mantener al menos 10 puntos limpios operativos y recuperar 150 toneladas de residuos reciclables al año 2028 mediante rutas selectivas y el sistema Re Simple.";"Pendiente"
